2026-08-31 12:20:50,789  [INFO    ]  main - ============================================================
2026-08-31 12:20:50,789  [INFO    ]  main -   VERIFAI Document Automation - Starting
2026-08-31 12:20:50,789  [INFO    ]  main - ============================================================
2026-08-31 12:20:50,789  [INFO    ]  main - Input file : D:\ai_doc_automation\input\input_map.xlsx
2026-08-31 12:20:50,789  [INFO    ]  main - [--resume] Skipping rows already marked SUCCESS/FAILED.
2026-08-31 12:20:50,899  [WARNING ]  input_tracker - Could not save input_map.xlsx — it may be open in Excel. Close the file and the status will update on next write.
2026-08-31 12:20:50,899  [INFO    ]  input_tracker -   SKIPPING (already SUCCESS): D:\ai_doc_automation\Test Data\Adhar card  for Testing\Aadhar Card Test - Digi Locker.pdf
2026-08-31 12:20:50,916  [INFO    ]  input_tracker -   SKIPPING (already SUCCESS): D:\ai_doc_automation\Test Data\Adhar card  for Testing\Aadhar1.jpg
2026-08-31 12:20:50,917  [INFO    ]  input_tracker -   SKIPPING (already SUCCESS): D:\ai_doc_automation\Test Data\Adhar card  for Testing\Aadhar2.jpg
2026-08-31 12:20:50,917  [INFO    ]  input_tracker -   SKIPPING (already SUCCESS): D:\ai_doc_automation\Test Data\Adhar card  for Testing\Aadhar3.jpg
2026-08-31 12:20:50,917  [INFO    ]  input_tracker -   SKIPPING (already SUCCESS): D:\ai_doc_automation\Test Data\Adhar card  for Testing\Chinmaya Aadhara.pdf
2026-08-31 12:20:50,917  [INFO    ]  input_tracker -   SKIPPING (already SUCCESS): D:\ai_doc_automation\Test Data\PAN card for Testing\PAN.jpg
2026-08-31 12:20:50,917  [INFO    ]  input_tracker -   SKIPPING (already SUCCESS): D:\ai_doc_automation\Test Data\PAN card for Testing\PAN1.jpg
2026-08-31 12:20:50,919  [INFO    ]  input_tracker -   SKIPPING (already SUCCESS): D:\ai_doc_automation\Test Data\PAN card for Testing\PAN2.jpg
2026-08-31 12:20:50,919  [INFO    ]  input_tracker -   SKIPPING (already SUCCESS): D:\ai_doc_automation\Test Data\PAN card for Testing\Pancard.jpg
2026-08-31 12:20:50,919  [INFO    ]  input_tracker -   SKIPPING (already SUCCESS): D:\ai_doc_automation\Test Data\PAN card for Testing\Pancard2.jpg
2026-08-31 12:20:50,919  [INFO    ]  input_tracker -   SKIPPING (already SUCCESS): D:\ai_doc_automation\Test Data\Passport for Testing\Indianpassportbiopage2025.jpg
2026-08-31 12:20:50,920  [INFO    ]  input_tracker -   SKIPPING (already SUCCESS): D:\ai_doc_automation\Test Data\Passport for Testing\indianpp.jpg
2026-08-31 12:20:50,920  [INFO    ]  input_tracker -   SKIPPING (already SUCCESS): D:\ai_doc_automation\Test Data\Passport for Testing\sample-indian-passport-1.jpg
2026-08-31 12:20:50,920  [INFO    ]  input_tracker -   SKIPPING (already SUCCESS): D:\ai_doc_automation\Test Data\DL for Testing\Dl_Odisha.jpg
2026-08-31 12:20:50,920  [INFO    ]  input_tracker -   SKIPPING (already SUCCESS): D:\ai_doc_automation\Test Data\DL for Testing\Driving Licence 2.jpg
2026-08-31 12:20:50,921  [INFO    ]  input_tracker -   SKIPPING (already SUCCESS): D:\ai_doc_automation\Test Data\DL for Testing\Driving Licence.pdf
2026-08-31 12:20:50,921  [INFO    ]  input_tracker -   SKIPPING (already SUCCESS): D:\ai_doc_automation\Test Data\DL for Testing\Driving License Image1.jpg
2026-08-31 12:20:50,921  [INFO    ]  input_tracker -   SKIPPING (already SUCCESS): D:\ai_doc_automation\Test Data\DL for Testing\Driving License Sample.jpg
2026-08-31 12:20:50,921  [INFO    ]  input_tracker -   SKIPPING (already SUCCESS): D:\ai_doc_automation\Test Data\10th Marksheet for Testing\Document10_1053_page_0.png
2026-08-31 12:20:50,921  [INFO    ]  input_tracker -   SKIPPING (already SUCCESS): D:\ai_doc_automation\Test Data\10th Marksheet for Testing\Document10_1054_page_0.png
2026-08-31 12:20:50,922  [INFO    ]  input_tracker -   SKIPPING (already SUCCESS): D:\ai_doc_automation\Test Data\10th Marksheet for Testing\Document10_1055_page_0.png
2026-08-31 12:20:50,922  [INFO    ]  input_tracker -   SKIPPING (already SUCCESS): D:\ai_doc_automation\Test Data\10th Marksheet for Testing\Document10_1056_page_0.png
2026-08-31 12:20:50,923  [INFO    ]  input_tracker -   SKIPPING (already SUCCESS): D:\ai_doc_automation\Test Data\10th Marksheet for Testing\Document10_1057_page_0.png
2026-08-31 12:20:50,923  [INFO    ]  input_tracker -   SKIPPING (already SUCCESS): D:\ai_doc_automation\Test Data\10th Marksheet for Testing\Document10_1059_page_0.png
2026-08-31 12:20:50,923  [INFO    ]  input_tracker -   SKIPPING (already SUCCESS): D:\ai_doc_automation\Test Data\10th Marksheet for Testing\Document10_1060_page_0.png
2026-08-31 12:20:50,924  [INFO    ]  input_tracker -   SKIPPING (already SUCCESS): D:\ai_doc_automation\Test Data\10th Marksheet for Testing\Document10_1061_page_0.png
2026-08-31 12:20:50,924  [INFO    ]  input_tracker -   SKIPPING (already SUCCESS): D:\ai_doc_automation\Test Data\10th Marksheet for Testing\Document10_1062_page_0.png
2026-08-31 12:20:50,924  [INFO    ]  input_tracker -   SKIPPING (already SUCCESS): D:\ai_doc_automation\Test Data\10th Marksheet for Testing\Document10_1065_page_0.png
2026-08-31 12:20:50,924  [INFO    ]  input_tracker -   SKIPPING (already SUCCESS): D:\ai_doc_automation\Test Data\10th Marksheet for Testing\Document10_1066_page_0.png
2026-08-31 12:20:50,925  [INFO    ]  input_tracker -   SKIPPING (already SUCCESS): D:\ai_doc_automation\Test Data\10th Marksheet for Testing\Document10_1067_page_0.png
2026-08-31 12:20:50,925  [INFO    ]  input_tracker -   SKIPPING (already SUCCESS): D:\ai_doc_automation\Test Data\10th Marksheet for Testing\Document10_1068_page_0.png
2026-08-31 12:20:50,925  [INFO    ]  input_tracker -   SKIPPING (already SUCCESS): D:\ai_doc_automation\Test Data\10th Marksheet for Testing\Document10_1069_page_0.png
2026-08-31 12:20:50,925  [INFO    ]  input_tracker -   SKIPPING (already SUCCESS): D:\ai_doc_automation\Test Data\10th Marksheet for Testing\Document10_1070_page_0.png
2026-08-31 12:20:50,927  [INFO    ]  input_tracker -   SKIPPING (already SUCCESS): D:\ai_doc_automation\Test Data\10th Marksheet for Testing\Document10_1071_page_0.png
2026-08-31 12:20:50,927  [INFO    ]  input_tracker -   SKIPPING (already SUCCESS): D:\ai_doc_automation\Test Data\10th Marksheet for Testing\Document10_1072_page_0.png
2026-08-31 12:20:50,927  [INFO    ]  input_tracker -   SKIPPING (already SUCCESS): D:\ai_doc_automation\Test Data\10th Marksheet for Testing\Document10_1073_page_0.png
2026-08-31 12:20:50,928  [INFO    ]  input_tracker -   SKIPPING (already SUCCESS): D:\ai_doc_automation\Test Data\10th Marksheet for Testing\Document10_1077_page_0.png
2026-08-31 12:20:50,928  [INFO    ]  input_tracker -   SKIPPING (already SUCCESS): D:\ai_doc_automation\Test Data\10th Marksheet for Testing\Document10_1079_page_0.png
2026-08-31 12:20:50,928  [INFO    ]  input_tracker -   SKIPPING (already SUCCESS): D:\ai_doc_automation\Test Data\10th Marksheet for Testing\Document10_1080_page_0.png
2026-08-31 12:20:50,929  [INFO    ]  input_tracker -   SKIPPING (already SUCCESS): D:\ai_doc_automation\Test Data\10th Marksheet for Testing\Document10_1081_page_0.png
2026-08-31 12:20:50,929  [INFO    ]  input_tracker -   SKIPPING (already SUCCESS): D:\ai_doc_automation\Test Data\10th Marksheet for Testing\Document10_1082_page_0.png
2026-08-31 12:20:50,929  [INFO    ]  input_tracker -   SKIPPING (already SUCCESS): D:\ai_doc_automation\Test Data\10th Marksheet for Testing\Document10_1083_page_0.png
2026-08-31 12:20:50,930  [INFO    ]  input_tracker -   SKIPPING (already SUCCESS): D:\ai_doc_automation\Test Data\10th Marksheet for Testing\Document10_1084_page_0.png
2026-08-31 12:20:50,930  [INFO    ]  input_tracker -   SKIPPING (already SUCCESS): D:\ai_doc_automation\Test Data\10th Marksheet for Testing\Document10_1085_page_0.png
2026-08-31 12:20:50,930  [INFO    ]  input_tracker -   SKIPPING (already SUCCESS): D:\ai_doc_automation\Test Data\10th Marksheet for Testing\Document10_1086_page_0.png
2026-08-31 12:20:50,930  [INFO    ]  input_tracker -   SKIPPING (already SUCCESS): D:\ai_doc_automation\Test Data\10th Marksheet for Testing\Document10_1089_page_0.png
2026-08-31 12:20:50,931  [INFO    ]  input_tracker -   SKIPPING (already SUCCESS): D:\ai_doc_automation\Test Data\10th Marksheet for Testing\Document10_1090_page_0.png
2026-08-31 12:20:50,932  [INFO    ]  input_tracker -   SKIPPING (already SUCCESS): D:\ai_doc_automation\Test Data\10th Marksheet for Testing\Document10_1091_page_0.png
2026-08-31 12:20:50,932  [INFO    ]  input_tracker -   SKIPPING (already SUCCESS): D:\ai_doc_automation\Test Data\10th Marksheet for Testing\Document10_1092_page_0.png
2026-08-31 12:20:50,933  [INFO    ]  input_tracker -   SKIPPING (already SUCCESS): D:\ai_doc_automation\Test Data\10th Marksheet for Testing\Document10_1093_page_0.png
2026-08-31 12:20:50,933  [INFO    ]  input_tracker -   SKIPPING (already SUCCESS): D:\ai_doc_automation\Test Data\10th Marksheet for Testing\Document10_1094_page_0.png
2026-08-31 12:20:50,933  [INFO    ]  input_tracker -   SKIPPING (already SUCCESS): D:\ai_doc_automation\Test Data\10th Marksheet for Testing\Document10_1095_page_0.png
2026-08-31 12:20:50,934  [INFO    ]  input_tracker -   SKIPPING (already SUCCESS): D:\ai_doc_automation\Test Data\10th Marksheet for Testing\Document10_1096_page_0.png
2026-08-31 12:20:50,934  [INFO    ]  input_tracker -   SKIPPING (already SUCCESS): D:\ai_doc_automation\Test Data\10th Marksheet for Testing\Document10_1097_page_0.png
2026-08-31 12:20:50,934  [INFO    ]  input_tracker -   SKIPPING (already SUCCESS): D:\ai_doc_automation\Test Data\10th Marksheet for Testing\Document10_1098_page_0.png
2026-08-31 12:20:50,935  [INFO    ]  input_tracker -   SKIPPING (already SUCCESS): D:\ai_doc_automation\Test Data\10th Marksheet for Testing\Document10_1101_page_0.png
2026-08-31 12:20:50,935  [INFO    ]  input_tracker -   SKIPPING (already SUCCESS): D:\ai_doc_automation\Test Data\10th Marksheet for Testing\Document10_1102_page_0.png
2026-08-31 12:20:50,935  [INFO    ]  input_tracker -   SKIPPING (already SUCCESS): D:\ai_doc_automation\Test Data\10th Marksheet for Testing\Document10_1103_page_0.png
2026-08-31 12:20:50,936  [INFO    ]  input_tracker -   SKIPPING (already SUCCESS): D:\ai_doc_automation\Test Data\10th Marksheet for Testing\Document10_1104_page_0.png
2026-08-31 12:20:50,936  [INFO    ]  input_tracker -   SKIPPING (already SUCCESS): D:\ai_doc_automation\Test Data\10th Marksheet for Testing\Document10_1105_page_0.png
2026-08-31 12:20:50,936  [INFO    ]  input_tracker -   SKIPPING (already SUCCESS): D:\ai_doc_automation\Test Data\10th Marksheet for Testing\Document10_1106_page_0.png
2026-08-31 12:20:50,936  [INFO    ]  input_tracker -   SKIPPING (already SUCCESS): D:\ai_doc_automation\Test Data\10th Marksheet for Testing\Document10_1107_page_0.png
2026-08-31 12:20:50,936  [INFO    ]  input_tracker -   SKIPPING (already SUCCESS): D:\ai_doc_automation\Test Data\10th Marksheet for Testing\Document10_1108_page_0.png
2026-08-31 12:20:50,936  [INFO    ]  input_tracker -   SKIPPING (already SUCCESS): D:\ai_doc_automation\Test Data\10th Marksheet for Testing\Document10_1109_page_0.png
2026-08-31 12:20:50,936  [INFO    ]  input_tracker -   SKIPPING (already SUCCESS): D:\ai_doc_automation\Test Data\10th Marksheet for Testing\Document10_1110_page_0.png
2026-08-31 12:20:50,936  [INFO    ]  input_tracker -   SKIPPING (already SUCCESS): D:\ai_doc_automation\Test Data\10th Marksheet for Testing\Document10_1113_page_0.png
2026-08-31 12:20:50,936  [INFO    ]  input_tracker -   SKIPPING (already SUCCESS): D:\ai_doc_automation\Test Data\10th Marksheet for Testing\Document10_1114_page_0.png
2026-08-31 12:20:50,936  [INFO    ]  input_tracker -   SKIPPING (already SUCCESS): D:\ai_doc_automation\Test Data\10th Marksheet for Testing\Document10_1115_page_0.png
2026-08-31 12:20:50,936  [INFO    ]  input_tracker -   SKIPPING (already SUCCESS): D:\ai_doc_automation\Test Data\10th Marksheet for Testing\Document10_1117_page_0.png
2026-08-31 12:20:50,936  [INFO    ]  input_tracker -   SKIPPING (already SUCCESS): D:\ai_doc_automation\Test Data\10th Marksheet for Testing\Document10_1119_page_0.png
2026-08-31 12:20:50,936  [INFO    ]  input_tracker -   SKIPPING (already SUCCESS): D:\ai_doc_automation\Test Data\10th Marksheet for Testing\Document10_1120_page_0.png
2026-08-31 12:20:50,936  [INFO    ]  input_tracker -   SKIPPING (already SUCCESS): D:\ai_doc_automation\Test Data\10th Marksheet for Testing\Document10_1122_page_0.png
2026-08-31 12:20:50,936  [INFO    ]  input_tracker -   SKIPPING (already SUCCESS): D:\ai_doc_automation\Test Data\10th Marksheet for Testing\Document10_1125_page_0.png
2026-08-31 12:20:50,936  [INFO    ]  input_tracker -   SKIPPING (already SUCCESS): D:\ai_doc_automation\Test Data\10th Marksheet for Testing\Document10_1126_page_0.png
2026-08-31 12:20:50,936  [INFO    ]  input_tracker -   SKIPPING (already SUCCESS): D:\ai_doc_automation\Test Data\10th Marksheet for Testing\Document10_1127_page_0.png
2026-08-31 12:20:50,936  [INFO    ]  input_tracker -   SKIPPING (already SUCCESS): D:\ai_doc_automation\Test Data\10th Marksheet for Testing\Document10_1128_page_0.png
2026-08-31 12:20:50,943  [INFO    ]  input_tracker -   SKIPPING (already SUCCESS): D:\ai_doc_automation\Test Data\10th Marksheet for Testing\Document10_1129_page_0.png
2026-08-31 12:20:50,943  [INFO    ]  input_tracker -   SKIPPING (already SUCCESS): D:\ai_doc_automation\Test Data\10th Marksheet for Testing\Document10_1130_page_0.png
2026-08-31 12:20:50,943  [INFO    ]  input_tracker -   SKIPPING (already SUCCESS): D:\ai_doc_automation\Test Data\10th Marksheet for Testing\Document10_1131_page_0.png
2026-08-31 12:20:50,944  [INFO    ]  input_tracker -   SKIPPING (already SUCCESS): D:\ai_doc_automation\Test Data\10th Marksheet for Testing\Document10_1132_page_0.png
2026-08-31 12:20:50,944  [INFO    ]  input_tracker -   SKIPPING (already SUCCESS): D:\ai_doc_automation\Test Data\10th Marksheet for Testing\Document10_1133_page_0.png
2026-08-31 12:20:50,944  [INFO    ]  input_tracker -   SKIPPING (already SUCCESS): D:\ai_doc_automation\Test Data\10th Marksheet for Testing\Document10_1134_page_0.png
2026-08-31 12:20:50,944  [INFO    ]  input_tracker -   SKIPPING (already SUCCESS): D:\ai_doc_automation\Test Data\12th Certificate for Testing\Document11_188_page_0.png
2026-08-31 12:20:50,945  [INFO    ]  input_tracker -   SKIPPING (already SUCCESS): D:\ai_doc_automation\Test Data\12th Certificate for Testing\Document11_189_page_0.png
2026-08-31 12:20:50,945  [INFO    ]  input_tracker -   SKIPPING (already SUCCESS): D:\ai_doc_automation\Test Data\12th Certificate for Testing\Document11_190_page_0.png
2026-08-31 12:20:50,945  [INFO    ]  input_tracker -   SKIPPING (already SUCCESS): D:\ai_doc_automation\Test Data\12th Certificate for Testing\Document11_191_page_0.png
2026-08-31 12:20:50,946  [INFO    ]  input_tracker -   SKIPPING (already SUCCESS): D:\ai_doc_automation\Test Data\12th Certificate for Testing\Document11_192_page_0.png
2026-08-31 12:20:50,946  [INFO    ]  input_tracker -   SKIPPING (already SUCCESS): D:\ai_doc_automation\Test Data\12th Certificate for Testing\Document11_193_page_0.png
2026-08-31 12:20:50,946  [INFO    ]  input_tracker -   SKIPPING (already SUCCESS): D:\ai_doc_automation\Test Data\12th Certificate for Testing\Document11_194_page_0.png
2026-08-31 12:20:50,948  [INFO    ]  input_tracker -   SKIPPING (already SUCCESS): D:\ai_doc_automation\Test Data\12th Certificate for Testing\Document11_195_page_0.png
2026-08-31 12:20:50,948  [INFO    ]  input_tracker -   SKIPPING (already SUCCESS): D:\ai_doc_automation\Test Data\12th Certificate for Testing\Document11_196_page_0.png
2026-08-31 12:20:50,948  [INFO    ]  input_tracker -   SKIPPING (already SUCCESS): D:\ai_doc_automation\Test Data\12th Certificate for Testing\Document11_197_page_0.png
2026-08-31 12:20:50,948  [INFO    ]  input_tracker -   SKIPPING (already SUCCESS): D:\ai_doc_automation\Test Data\12th Certificate for Testing\Document11_198_page_0.png
2026-08-31 12:20:50,949  [INFO    ]  input_tracker -   SKIPPING (already SUCCESS): D:\ai_doc_automation\Test Data\12th Certificate for Testing\Document11_198_page_1.png
2026-08-31 12:20:50,949  [INFO    ]  input_tracker -   SKIPPING (already SUCCESS): D:\ai_doc_automation\Test Data\12th Certificate for Testing\Document11_199_page_0.png
2026-08-31 12:20:50,949  [INFO    ]  input_tracker -   SKIPPING (already SUCCESS): D:\ai_doc_automation\Test Data\12th Certificate for Testing\Document11_200_page_0.png
2026-08-31 12:20:50,950  [INFO    ]  input_tracker -   SKIPPING (already SUCCESS): D:\ai_doc_automation\Test Data\12th Certificate for Testing\Document11_201_page_0.png
2026-08-31 12:20:50,950  [INFO    ]  input_tracker -   SKIPPING (already SUCCESS): D:\ai_doc_automation\Test Data\12th Certificate for Testing\Document11_202_page_0.png
2026-08-31 12:20:50,950  [INFO    ]  input_tracker -   SKIPPING (already SUCCESS): D:\ai_doc_automation\Test Data\12th Certificate for Testing\Document11_203_page_0.png
2026-08-31 12:20:50,950  [INFO    ]  input_tracker -   SKIPPING (already SUCCESS): D:\ai_doc_automation\Test Data\12th Certificate for Testing\Document11_204_page_0.png
2026-08-31 12:20:50,950  [INFO    ]  input_tracker -   SKIPPING (already SUCCESS): D:\ai_doc_automation\Test Data\12th Certificate for Testing\Document11_205_page_0.png
2026-08-31 12:20:50,950  [INFO    ]  input_tracker -   SKIPPING (already SUCCESS): D:\ai_doc_automation\Test Data\12th Certificate for Testing\Document11_206_page_0.png
2026-08-31 12:20:50,950  [INFO    ]  input_tracker -   SKIPPING (already SUCCESS): D:\ai_doc_automation\Test Data\12th Certificate for Testing\Document11_207_page_0.png
2026-08-31 12:20:50,950  [INFO    ]  input_tracker -   SKIPPING (already SUCCESS): D:\ai_doc_automation\Test Data\12th Certificate for Testing\Document11_208_page_0.png
2026-08-31 12:20:50,953  [INFO    ]  input_tracker -   SKIPPING (already SUCCESS): D:\ai_doc_automation\Test Data\12th Certificate for Testing\Document11_209_page_0.png
2026-08-31 12:20:50,953  [INFO    ]  input_tracker -   SKIPPING (already SUCCESS): D:\ai_doc_automation\Test Data\12th Certificate for Testing\Document11_210_page_0.png
2026-08-31 12:20:50,953  [INFO    ]  input_tracker -   SKIPPING (already SUCCESS): D:\ai_doc_automation\Test Data\12th Certificate for Testing\Document11_211_page_0.png
2026-08-31 12:20:50,953  [INFO    ]  input_tracker -   SKIPPING (already SUCCESS): D:\ai_doc_automation\Test Data\12th Certificate for Testing\Document11_212_page_0.png
2026-08-31 12:20:50,953  [INFO    ]  input_tracker -   SKIPPING (already SUCCESS): D:\ai_doc_automation\Test Data\12th Certificate for Testing\Document11_213_page_0.png
2026-08-31 12:20:50,955  [INFO    ]  input_tracker -   SKIPPING (already SUCCESS): D:\ai_doc_automation\Test Data\12th Certificate for Testing\Document11_214_page_0.png
2026-08-31 12:20:50,955  [INFO    ]  input_tracker -   SKIPPING (already SUCCESS): D:\ai_doc_automation\Test Data\12th Certificate for Testing\Document11_215_page_0.png
2026-08-31 12:20:50,955  [INFO    ]  input_tracker -   SKIPPING (already SUCCESS): D:\ai_doc_automation\Test Data\12th Certificate for Testing\Document11_216_page_0.png
2026-08-31 12:20:50,955  [INFO    ]  input_tracker -   SKIPPING (already SUCCESS): D:\ai_doc_automation\Test Data\12th Certificate for Testing\Document11_217_page_0.png
2026-08-31 12:20:50,955  [INFO    ]  input_tracker -   SKIPPING (already SUCCESS): D:\ai_doc_automation\Test Data\12th Certificate for Testing\Document11_218_page_0.png
2026-08-31 12:20:50,955  [INFO    ]  input_tracker -   SKIPPING (already SUCCESS): D:\ai_doc_automation\Test Data\12th Certificate for Testing\Document11_219_page_0.png
2026-08-31 12:20:50,956  [INFO    ]  input_tracker -   SKIPPING (already SUCCESS): D:\ai_doc_automation\Test Data\12th Certificate for Testing\Document11_220_page_0.png
2026-08-31 12:20:50,956  [INFO    ]  input_tracker -   SKIPPING (already SUCCESS): D:\ai_doc_automation\Test Data\12th Certificate for Testing\Document11_221_page_0.png
2026-08-31 12:20:50,956  [INFO    ]  input_tracker -   SKIPPING (already SUCCESS): D:\ai_doc_automation\Test Data\12th Certificate for Testing\Document11_222_page_0.png
2026-08-31 12:20:50,956  [INFO    ]  input_tracker -   SKIPPING (already SUCCESS): D:\ai_doc_automation\Test Data\12th Certificate for Testing\Document11_223_page_0.png
2026-08-31 12:20:50,956  [INFO    ]  input_tracker -   SKIPPING (already SUCCESS): D:\ai_doc_automation\Test Data\12th Certificate for Testing\Document11_224_page_0.png
2026-08-31 12:20:50,957  [INFO    ]  input_tracker -   SKIPPING (already SUCCESS): D:\ai_doc_automation\Test Data\12th Certificate for Testing\Document11_225_page_0.png
2026-08-31 12:20:50,957  [INFO    ]  input_tracker -   SKIPPING (already SUCCESS): D:\ai_doc_automation\Test Data\12th Certificate for Testing\Document11_226_page_0.png
2026-08-31 12:20:50,957  [INFO    ]  input_tracker -   SKIPPING (already SUCCESS): D:\ai_doc_automation\Test Data\12th Certificate for Testing\Document11_227_page_0.png
2026-08-31 12:20:50,957  [INFO    ]  input_tracker -   SKIPPING (already SUCCESS): D:\ai_doc_automation\Test Data\12th Certificate for Testing\Document11_228_page_0.png
2026-08-31 12:20:50,957  [INFO    ]  input_tracker -   SKIPPING (already SUCCESS): D:\ai_doc_automation\Test Data\12th Certificate for Testing\Document11_229_page_0.png
2026-08-31 12:20:50,957  [INFO    ]  input_tracker -   SKIPPING (already SUCCESS): D:\ai_doc_automation\Test Data\12th Certificate for Testing\Document11_230_page_0.png
2026-08-31 12:20:50,957  [INFO    ]  input_tracker -   SKIPPING (already SUCCESS): D:\ai_doc_automation\Test Data\12th Certificate for Testing\Document11_231_page_0.png
2026-08-31 12:20:50,960  [INFO    ]  input_tracker -   SKIPPING (already SUCCESS): D:\ai_doc_automation\Test Data\12th Certificate for Testing\Document11_232_page_0.png
2026-08-31 12:20:50,960  [INFO    ]  input_tracker -   SKIPPING (already SUCCESS): D:\ai_doc_automation\Test Data\12th Certificate for Testing\Document11_233_page_0.png
2026-08-31 12:20:50,961  [INFO    ]  input_tracker -   SKIPPING (already SUCCESS): D:\ai_doc_automation\Test Data\12th Certificate for Testing\Document11_234_page_0.png
2026-08-31 12:20:50,961  [INFO    ]  input_tracker -   SKIPPING (already SUCCESS): D:\ai_doc_automation\Test Data\12th Certificate for Testing\Document11_235_page_0.png
2026-08-31 12:20:50,962  [INFO    ]  input_tracker -   SKIPPING (already SUCCESS): D:\ai_doc_automation\Test Data\12th Certificate for Testing\Document11_236_page_0.png
2026-08-31 12:20:50,962  [INFO    ]  input_tracker -   SKIPPING (already SUCCESS): D:\ai_doc_automation\Test Data\12th Certificate for Testing\Document11_237_page_0.png
2026-08-31 12:20:50,962  [INFO    ]  input_tracker -   SKIPPING (already SUCCESS): D:\ai_doc_automation\Test Data\12th Certificate for Testing\Document11_238_page_0.png
2026-08-31 12:20:50,963  [INFO    ]  input_tracker -   SKIPPING (already SUCCESS): D:\ai_doc_automation\Test Data\12th Certificate for Testing\Document11_239_page_0.png
2026-08-31 12:20:50,963  [INFO    ]  input_tracker -   SKIPPING (already SUCCESS): D:\ai_doc_automation\Test Data\12th Certificate for Testing\Document11_240_page_0.png
2026-08-31 12:20:50,963  [INFO    ]  input_tracker -   SKIPPING (already SUCCESS): D:\ai_doc_automation\Test Data\12th Certificate for Testing\Document11_241_page_0.png
2026-08-31 12:20:50,963  [INFO    ]  input_tracker -   SKIPPING (already SUCCESS): D:\ai_doc_automation\Test Data\12th Certificate for Testing\Document11_242_page_0.png
2026-08-31 12:20:50,963  [INFO    ]  input_tracker -   SKIPPING (already SUCCESS): D:\ai_doc_automation\Test Data\12th Certificate for Testing\Document11_243_page_0.png
2026-08-31 12:20:50,965  [INFO    ]  input_tracker -   SKIPPING (already SUCCESS): D:\ai_doc_automation\Test Data\12th Certificate for Testing\Document11_244_page_0.png
2026-08-31 12:20:50,965  [INFO    ]  input_tracker -   SKIPPING (already SUCCESS): D:\ai_doc_automation\Test Data\12th Certificate for Testing\Document11_245_page_0.png
2026-08-31 12:20:50,965  [INFO    ]  input_tracker -   SKIPPING (already SUCCESS): D:\ai_doc_automation\Test Data\12th Certificate for Testing\Document11_246_page_0.png
2026-08-31 12:20:50,965  [INFO    ]  input_tracker -   SKIPPING (already SUCCESS): D:\ai_doc_automation\Test Data\12th Certificate for Testing\Document11_247_page_0.png
2026-08-31 12:20:50,965  [INFO    ]  input_tracker -   SKIPPING (already SUCCESS): D:\ai_doc_automation\Test Data\12th Certificate for Testing\Document11_248_page_0.png
2026-08-31 12:20:50,965  [INFO    ]  input_tracker -   SKIPPING (already SUCCESS): D:\ai_doc_automation\Test Data\12th Certificate for Testing\Document11_249_page_0.png
2026-08-31 12:20:50,965  [INFO    ]  input_tracker -   SKIPPING (already SUCCESS): D:\ai_doc_automation\Test Data\12th Certificate for Testing\Document11_250_page_0.png
2026-08-31 12:20:50,965  [INFO    ]  input_tracker -   SKIPPING (already SUCCESS): D:\ai_doc_automation\Test Data\12th Certificate for Testing\Document11_251_page_0.png
2026-08-31 12:20:50,965  [INFO    ]  input_tracker -   SKIPPING (already SUCCESS): D:\ai_doc_automation\Test Data\12th Certificate for Testing\Document11_252_page_0.png
2026-08-31 12:20:50,965  [INFO    ]  input_tracker -   SKIPPING (already SUCCESS): D:\ai_doc_automation\Test Data\12th Certificate for Testing\Document11_253_page_0.png
2026-08-31 12:20:50,965  [INFO    ]  input_tracker -   SKIPPING (already SUCCESS): D:\ai_doc_automation\Test Data\12th Certificate for Testing\Document11_254_page_0.png
2026-08-31 12:20:50,965  [INFO    ]  input_tracker -   SKIPPING (already SUCCESS): D:\ai_doc_automation\Test Data\12th Certificate for Testing\Document11_255_page_0.png
2026-08-31 12:20:50,965  [INFO    ]  input_tracker -   SKIPPING (already SUCCESS): D:\ai_doc_automation\Test Data\Degree Certificate\Document12_118_page_0.png
2026-08-31 12:20:50,965  [INFO    ]  input_tracker -   SKIPPING (already SUCCESS): D:\ai_doc_automation\Test Data\Degree Certificate\Document12_119_page_0.png
2026-08-31 12:20:50,965  [INFO    ]  input_tracker -   SKIPPING (already SUCCESS): D:\ai_doc_automation\Test Data\Degree Certificate\Document12_120_page_0.png
2026-08-31 12:20:50,970  [INFO    ]  input_tracker -   SKIPPING (already SUCCESS): D:\ai_doc_automation\Test Data\Degree Certificate\Document12_121_page_0.png
2026-08-31 12:20:50,970  [INFO    ]  input_tracker -   SKIPPING (already SUCCESS): D:\ai_doc_automation\Test Data\Degree Certificate\Document12_122_page_0.png
2026-08-31 12:20:50,970  [INFO    ]  input_tracker -   SKIPPING (already SUCCESS): D:\ai_doc_automation\Test Data\Degree Certificate\Document12_122_page_1.png
2026-08-31 12:20:50,970  [INFO    ]  input_tracker -   SKIPPING (already SUCCESS): D:\ai_doc_automation\Test Data\Degree Certificate\Document12_123_page_0.png
2026-08-31 12:20:50,970  [INFO    ]  input_tracker -   SKIPPING (already SUCCESS): D:\ai_doc_automation\Test Data\Degree Certificate\Document12_124_page_0.png
2026-08-31 12:20:50,970  [INFO    ]  input_tracker -   SKIPPING (already SUCCESS): D:\ai_doc_automation\Test Data\Degree Certificate\Document12_125_page_0.png
2026-08-31 12:20:50,971  [INFO    ]  input_tracker -   SKIPPING (already SUCCESS): D:\ai_doc_automation\Test Data\Degree Certificate\Document12_126_page_0.png
2026-08-31 12:20:50,971  [INFO    ]  input_tracker -   SKIPPING (already SUCCESS): D:\ai_doc_automation\Test Data\Degree Certificate\Document12_127_page_0.png
2026-08-31 12:20:50,971  [INFO    ]  input_tracker -   SKIPPING (already SUCCESS): D:\ai_doc_automation\Test Data\Degree Certificate\Document12_128_page_0.png
2026-08-31 12:20:50,971  [INFO    ]  input_tracker -   SKIPPING (already SUCCESS): D:\ai_doc_automation\Test Data\Degree Certificate\Document12_129_page_0.png
2026-08-31 12:20:50,971  [INFO    ]  input_tracker -   SKIPPING (already SUCCESS): D:\ai_doc_automation\Test Data\Degree Certificate\Document12_130_page_0.png
2026-08-31 12:20:50,972  [INFO    ]  input_tracker -   SKIPPING (already SUCCESS): D:\ai_doc_automation\Test Data\Degree Certificate\Document12_131_page_0.png
2026-08-31 12:20:50,972  [INFO    ]  input_tracker -   SKIPPING (already SUCCESS): D:\ai_doc_automation\Test Data\Degree Certificate\Document12_132_page_0.png
2026-08-31 12:20:50,972  [INFO    ]  input_tracker -   SKIPPING (already SUCCESS): D:\ai_doc_automation\Test Data\Degree Certificate\Document12_133_page_0.png
2026-08-31 12:20:50,972  [INFO    ]  input_tracker -   SKIPPING (already SUCCESS): D:\ai_doc_automation\Test Data\Degree Certificate\Document12_134_page_0.png
2026-08-31 12:20:50,973  [INFO    ]  input_tracker -   SKIPPING (already SUCCESS): D:\ai_doc_automation\Test Data\Degree Certificate\Document12_135_page_0.png
2026-08-31 12:20:50,973  [INFO    ]  input_tracker -   SKIPPING (already SUCCESS): D:\ai_doc_automation\Test Data\Degree Certificate\Document12_136_page_0.png
2026-08-31 12:20:50,973  [INFO    ]  input_tracker -   SKIPPING (already SUCCESS): D:\ai_doc_automation\Test Data\Degree Certificate\Document12_137_page_0.png
2026-08-31 12:20:50,973  [INFO    ]  input_tracker -   SKIPPING (already SUCCESS): D:\ai_doc_automation\Test Data\Degree Certificate\Document12_138_page_0.png
2026-08-31 12:20:50,973  [INFO    ]  input_tracker -   SKIPPING (already SUCCESS): D:\ai_doc_automation\Test Data\Degree Certificate\Document12_139_page_0.png
2026-08-31 12:20:50,973  [INFO    ]  input_tracker -   SKIPPING (already SUCCESS): D:\ai_doc_automation\Test Data\Degree Certificate\Document12_140_page_0.png
2026-08-31 12:20:50,973  [INFO    ]  input_tracker -   SKIPPING (already SUCCESS): D:\ai_doc_automation\Test Data\Degree Certificate\Document12_140_page_1.png
2026-08-31 12:20:50,973  [INFO    ]  input_tracker -   SKIPPING (already SUCCESS): D:\ai_doc_automation\Test Data\Degree Certificate\Document12_141_page_0.png
2026-08-31 12:20:50,973  [INFO    ]  input_tracker -   SKIPPING (already SUCCESS): D:\ai_doc_automation\Test Data\Degree Certificate\Document12_142_page_0.png
2026-08-31 12:20:50,973  [INFO    ]  input_tracker -   SKIPPING (already SUCCESS): D:\ai_doc_automation\Test Data\Degree Certificate\Document12_143_page_0.png
2026-08-31 12:20:50,973  [INFO    ]  input_tracker -   SKIPPING (already SUCCESS): D:\ai_doc_automation\Test Data\Degree Certificate\Document12_144_page_0.png
2026-08-31 12:20:50,973  [INFO    ]  input_tracker -   SKIPPING (already SUCCESS): D:\ai_doc_automation\Test Data\Degree Certificate\Document12_145_page_0.png
2026-08-31 12:20:50,973  [INFO    ]  input_tracker -   SKIPPING (already SUCCESS): D:\ai_doc_automation\Test Data\Degree Certificate\Document12_146_page_0.png
2026-08-31 12:20:50,976  [INFO    ]  input_tracker -   SKIPPING (already SUCCESS): D:\ai_doc_automation\Test Data\Degree Certificate\Document12_147_page_0.png
2026-08-31 12:20:50,976  [INFO    ]  input_tracker -   SKIPPING (already SUCCESS): D:\ai_doc_automation\Test Data\Degree Certificate\Document12_148_page_0.png
2026-08-31 12:20:50,977  [INFO    ]  input_tracker -   SKIPPING (already SUCCESS): D:\ai_doc_automation\Test Data\Degree Certificate\Document12_149_page_0.png
2026-08-31 12:20:50,977  [INFO    ]  input_tracker -   SKIPPING (already SUCCESS): D:\ai_doc_automation\Test Data\Degree Certificate\Document12_150_page_0.png
2026-08-31 12:20:50,978  [INFO    ]  input_tracker -   SKIPPING (already SUCCESS): D:\ai_doc_automation\Test Data\Degree Certificate\Document12_151_page_0.png
2026-08-31 12:20:50,978  [INFO    ]  input_tracker -   SKIPPING (already SUCCESS): D:\ai_doc_automation\Test Data\Degree Certificate\Document12_152_page_0.png
2026-08-31 12:20:50,978  [INFO    ]  input_tracker -   SKIPPING (already SUCCESS): D:\ai_doc_automation\Test Data\Degree Certificate\Document12_153_page_0.png
2026-08-31 12:20:50,979  [INFO    ]  input_tracker -   SKIPPING (already SUCCESS): D:\ai_doc_automation\Test Data\Degree Certificate\Document12_154_page_0.png
2026-08-31 12:20:50,979  [INFO    ]  input_tracker -   SKIPPING (already SUCCESS): D:\ai_doc_automation\Test Data\Degree Certificate\Document12_155_page_0.png
2026-08-31 12:20:50,979  [INFO    ]  input_tracker -   SKIPPING (already SUCCESS): D:\ai_doc_automation\Test Data\Degree Certificate\Document12_156_page_0.png
2026-08-31 12:20:50,979  [INFO    ]  input_tracker -   SKIPPING (already SUCCESS): D:\ai_doc_automation\Test Data\Degree Certificate\Document12_157_page_0.png
2026-08-31 12:20:50,979  [INFO    ]  input_tracker -   SKIPPING (already SUCCESS): D:\ai_doc_automation\Test Data\Degree Certificate\Document12_158_page_0.png
2026-08-31 12:20:51,029  [INFO    ]  input_tracker -   SKIPPING (already SUCCESS): D:\ai_doc_automation\Test Data\Degree Certificate\Document12_159_page_0.png
2026-08-31 12:20:51,029  [INFO    ]  input_tracker -   SKIPPING (already SUCCESS): D:\ai_doc_automation\Test Data\Degree Certificate\Document12_160_page_0.png
2026-08-31 12:20:51,029  [INFO    ]  input_tracker -   SKIPPING (already SUCCESS): D:\ai_doc_automation\Test Data\Degree Certificate\Document12_161_page_0.png
2026-08-31 12:20:51,029  [INFO    ]  input_tracker -   SKIPPING (already SUCCESS): D:\ai_doc_automation\Test Data\Degree Certificate\Document12_162_page_0.png
2026-08-31 12:20:51,029  [INFO    ]  input_tracker -   SKIPPING (already SUCCESS): D:\ai_doc_automation\Test Data\Degree Certificate\Document12_163_page_0.png
2026-08-31 12:20:51,029  [INFO    ]  input_tracker -   SKIPPING (already SUCCESS): D:\ai_doc_automation\Test Data\Degree Certificate\Document12_164_page_0.png
2026-08-31 12:20:51,029  [INFO    ]  input_tracker -   SKIPPING (already SUCCESS): D:\ai_doc_automation\Test Data\Degree Certificate\Document12_165_page_0.png
2026-08-31 12:20:51,029  [INFO    ]  input_tracker -   SKIPPING (already SUCCESS): D:\ai_doc_automation\Test Data\Degree Certificate\Document12_166_page_0.png
2026-08-31 12:20:51,029  [INFO    ]  input_tracker -   SKIPPING (already SUCCESS): D:\ai_doc_automation\Test Data\Degree Certificate\Document12_167_page_0.png
2026-08-31 12:20:51,029  [INFO    ]  input_tracker -   SKIPPING (already SUCCESS): D:\ai_doc_automation\Test Data\Degree Certificate\Document12_168_page_0.png
2026-08-31 12:20:51,029  [INFO    ]  input_tracker -   SKIPPING (already SUCCESS): D:\ai_doc_automation\Test Data\Degree Certificate\Document12_169_page_0.png
2026-08-31 12:20:51,029  [INFO    ]  input_tracker -   SKIPPING (already SUCCESS): D:\ai_doc_automation\Test Data\Degree Certificate\Document12_169_page_1.png
2026-08-31 12:20:51,043  [INFO    ]  input_tracker -   SKIPPING (already SUCCESS): D:\ai_doc_automation\Test Data\Degree Certificate\Document12_170_page_0.png
2026-08-31 12:20:51,043  [INFO    ]  input_tracker -   SKIPPING (already SUCCESS): D:\ai_doc_automation\Test Data\Degree Certificate\Document12_170_page_1.png
2026-08-31 12:20:51,044  [INFO    ]  input_tracker -   SKIPPING (already SUCCESS): D:\ai_doc_automation\Test Data\Degree Certificate\Document12_171_page_0.png
2026-08-31 12:20:51,044  [INFO    ]  input_tracker -   SKIPPING (already SUCCESS): D:\ai_doc_automation\Test Data\Degree Certificate\Document12_172_page_0.png
2026-08-31 12:20:51,045  [INFO    ]  input_tracker -   SKIPPING (already SUCCESS): D:\ai_doc_automation\Test Data\Degree Certificate\Document12_173_page_0.png
2026-08-31 12:20:51,045  [INFO    ]  input_tracker -   SKIPPING (already SUCCESS): D:\ai_doc_automation\Test Data\Degree Certificate\Document12_174_page_0.png
2026-08-31 12:20:51,045  [INFO    ]  input_tracker -   SKIPPING (already SUCCESS): D:\ai_doc_automation\Test Data\Degree Certificate\Document12_175_page_0.png
2026-08-31 12:20:51,045  [INFO    ]  input_tracker -   SKIPPING (already SUCCESS): D:\ai_doc_automation\Test Data\Degree Certificate\Document12_176_page_0.png
2026-08-31 12:20:51,047  [INFO    ]  input_tracker -   SKIPPING (already SUCCESS): D:\ai_doc_automation\Test Data\Degree Certificate\Document12_177_page_0.png
2026-08-31 12:20:51,048  [INFO    ]  input_tracker -   SKIPPING (already SUCCESS): D:\ai_doc_automation\Test Data\Degree Certificate\Document12_178_page_0.png
2026-08-31 12:20:51,048  [INFO    ]  input_tracker -   SKIPPING (already SUCCESS): D:\ai_doc_automation\Test Data\Degree Certificate\Document12_179_page_0.png
2026-08-31 12:20:51,048  [INFO    ]  input_tracker -   SKIPPING (already SUCCESS): D:\ai_doc_automation\Test Data\Degree Certificate\Document12_180_page_0.png
2026-08-31 12:20:51,049  [INFO    ]  input_tracker -   SKIPPING (already SUCCESS): D:\ai_doc_automation\Test Data\Degree Certificate\Document12_181_page_0.png
2026-08-31 12:20:51,049  [INFO    ]  input_tracker -   SKIPPING (already SUCCESS): D:\ai_doc_automation\Test Data\Degree Certificate\Document12_182_page_0.png
2026-08-31 12:20:51,049  [INFO    ]  input_tracker -   SKIPPING (already SUCCESS): D:\ai_doc_automation\Test Data\Degree Certificate\Document12_183_page_0.png
2026-08-31 12:20:51,049  [INFO    ]  input_tracker -   SKIPPING (already SUCCESS): D:\ai_doc_automation\Test Data\Income Certificate for Testing\IncomeCertificate_466_page_0.png
2026-08-31 12:20:51,049  [INFO    ]  input_tracker -   SKIPPING (already SUCCESS): D:\ai_doc_automation\Test Data\Income Certificate for Testing\IncomeCertificate_467_page_0.png
2026-08-31 12:20:51,051  [INFO    ]  input_tracker -   SKIPPING (already SUCCESS): D:\ai_doc_automation\Test Data\Income Certificate for Testing\IncomeCertificate_468_page_0.png
2026-08-31 12:20:51,051  [INFO    ]  input_tracker -   SKIPPING (already SUCCESS): D:\ai_doc_automation\Test Data\Income Certificate for Testing\IncomeCertificate_469_page_0.png
2026-08-31 12:20:51,051  [INFO    ]  input_tracker -   SKIPPING (already SUCCESS): D:\ai_doc_automation\Test Data\Income Certificate for Testing\IncomeCertificate_470_page_0.png
2026-08-31 12:20:51,051  [INFO    ]  input_tracker -   SKIPPING (already SUCCESS): D:\ai_doc_automation\Test Data\Income Certificate for Testing\IncomeCertificate_475_page_0.png
2026-08-31 12:20:51,052  [INFO    ]  input_tracker -   SKIPPING (already SUCCESS): D:\ai_doc_automation\Test Data\Income Certificate for Testing\IncomeCertificate_476_page_0.png
2026-08-31 12:20:51,052  [INFO    ]  input_tracker -   SKIPPING (already SUCCESS): D:\ai_doc_automation\Test Data\Income Certificate for Testing\IncomeCertificate_477_page_0.png
2026-08-31 12:20:51,052  [INFO    ]  input_tracker -   SKIPPING (already SUCCESS): D:\ai_doc_automation\Test Data\Income Certificate for Testing\IncomeCertificate_478_page_0.png
2026-08-31 12:20:51,052  [INFO    ]  input_tracker -   SKIPPING (already SUCCESS): D:\ai_doc_automation\Test Data\Income Certificate for Testing\IncomeCertificate_479_page_0.png
2026-08-31 12:20:51,052  [INFO    ]  input_tracker -   SKIPPING (already SUCCESS): D:\ai_doc_automation\Test Data\Income Certificate for Testing\IncomeCertificate_480_page_0.png
2026-08-31 12:20:51,052  [INFO    ]  input_tracker -   SKIPPING (already SUCCESS): D:\ai_doc_automation\Test Data\Income Certificate for Testing\IncomeCertificate_481_page_0.png
2026-08-31 12:20:51,052  [INFO    ]  input_tracker -   SKIPPING (already SUCCESS): D:\ai_doc_automation\Test Data\Income Certificate for Testing\IncomeCertificate_482_page_0.png
2026-08-31 12:20:51,052  [INFO    ]  input_tracker -   SKIPPING (already SUCCESS): D:\ai_doc_automation\Test Data\Income Certificate for Testing\IncomeCertificate_483_page_0.png
2026-08-31 12:20:51,052  [INFO    ]  input_tracker -   SKIPPING (already SUCCESS): D:\ai_doc_automation\Test Data\Income Certificate for Testing\IncomeCertificate_484_page_0.png
2026-08-31 12:20:51,052  [INFO    ]  input_tracker -   SKIPPING (already SUCCESS): D:\ai_doc_automation\Test Data\Income Certificate for Testing\IncomeCertificate_485_page_0.png
2026-08-31 12:20:51,052  [INFO    ]  input_tracker -   SKIPPING (already SUCCESS): D:\ai_doc_automation\Test Data\Income Certificate for Testing\IncomeCertificate_486_page_0.png
2026-08-31 12:20:51,052  [INFO    ]  input_tracker -   SKIPPING (already SUCCESS): D:\ai_doc_automation\Test Data\Income Certificate for Testing\IncomeCertificate_487_page_0.png
2026-08-31 12:20:51,052  [INFO    ]  input_tracker -   SKIPPING (already SUCCESS): D:\ai_doc_automation\Test Data\Income Certificate for Testing\IncomeCertificate_488_page_0.png
2026-08-31 12:20:51,052  [INFO    ]  input_tracker -   SKIPPING (already SUCCESS): D:\ai_doc_automation\Test Data\Income Certificate for Testing\IncomeCertificate_489_page_0.png
2026-08-31 12:20:51,052  [INFO    ]  input_tracker -   SKIPPING (already SUCCESS): D:\ai_doc_automation\Test Data\Income Certificate for Testing\IncomeCertificate_490_page_0.png
2026-08-31 12:20:51,052  [INFO    ]  input_tracker -   SKIPPING (already SUCCESS): D:\ai_doc_automation\Test Data\Income Certificate for Testing\IncomeCertificate_491_page_0.png
2026-08-31 12:20:51,052  [INFO    ]  input_tracker -   SKIPPING (already SUCCESS): D:\ai_doc_automation\Test Data\Income Certificate for Testing\IncomeCertificate_492_page_0.png
2026-08-31 12:20:51,052  [INFO    ]  input_tracker -   SKIPPING (already SUCCESS): D:\ai_doc_automation\Test Data\Income Certificate for Testing\IncomeCertificate_493_page_0.png
2026-08-31 12:20:51,052  [INFO    ]  input_tracker -   SKIPPING (already SUCCESS): D:\ai_doc_automation\Test Data\Income Certificate for Testing\IncomeCertificate_494_page_0.png
2026-08-31 12:20:51,057  [INFO    ]  input_tracker -   SKIPPING (already SUCCESS): D:\ai_doc_automation\Test Data\Income Certificate for Testing\IncomeCertificate_495_page_0.png
2026-08-31 12:20:51,058  [INFO    ]  input_tracker -   SKIPPING (already SUCCESS): D:\ai_doc_automation\Test Data\Income Certificate for Testing\IncomeCertificate_496_page_0.png
2026-08-31 12:20:51,058  [INFO    ]  input_tracker -   SKIPPING (already SUCCESS): D:\ai_doc_automation\Test Data\Income Certificate for Testing\IncomeCertificate_497_page_0.png
2026-08-31 12:20:51,058  [INFO    ]  input_tracker -   SKIPPING (already SUCCESS): D:\ai_doc_automation\Test Data\Income Certificate for Testing\IncomeCertificate_498_page_0.png
2026-08-31 12:20:51,058  [INFO    ]  input_tracker -   SKIPPING (already SUCCESS): D:\ai_doc_automation\Test Data\Income Certificate for Testing\IncomeCertificate_499_page_0.png
2026-08-31 12:20:51,058  [INFO    ]  input_tracker -   SKIPPING (already SUCCESS): D:\ai_doc_automation\Test Data\Income Certificate for Testing\IncomeCertificate_500_page_0.png
2026-08-31 12:20:51,059  [INFO    ]  input_tracker -   SKIPPING (already SUCCESS): D:\ai_doc_automation\Test Data\Income Certificate for Testing\IncomeCertificate_501_page_0.png
2026-08-31 12:20:51,059  [INFO    ]  input_tracker -   SKIPPING (already SUCCESS): D:\ai_doc_automation\Test Data\Income Certificate for Testing\IncomeCertificate_502_page_0.png
2026-08-31 12:20:51,059  [INFO    ]  input_tracker -   SKIPPING (already SUCCESS): D:\ai_doc_automation\Test Data\Income Certificate for Testing\IncomeCertificate_503_page_0.png
2026-08-31 12:20:51,059  [INFO    ]  input_tracker -   SKIPPING (already SUCCESS): D:\ai_doc_automation\Test Data\Income Certificate for Testing\IncomeCertificate_504_page_0.png
2026-08-31 12:20:51,060  [INFO    ]  input_tracker -   SKIPPING (already SUCCESS): D:\ai_doc_automation\Test Data\Income Certificate for Testing\IncomeCertificate_505_page_0.png
2026-08-31 12:20:51,060  [INFO    ]  input_tracker -   SKIPPING (already SUCCESS): D:\ai_doc_automation\Test Data\Income Certificate for Testing\IncomeCertificate_506_page_0.png
2026-08-31 12:20:51,060  [INFO    ]  input_tracker -   SKIPPING (already SUCCESS): D:\ai_doc_automation\Test Data\Income Certificate for Testing\IncomeCertificate_507_page_0.png
2026-08-31 12:20:51,062  [INFO    ]  input_tracker -   SKIPPING (already SUCCESS): D:\ai_doc_automation\Test Data\Income Certificate for Testing\IncomeCertificate_508_page_0.png
2026-08-31 12:20:51,062  [INFO    ]  input_tracker -   SKIPPING (already SUCCESS): D:\ai_doc_automation\Test Data\Income Certificate for Testing\IncomeCertificate_509_page_0.png
2026-08-31 12:20:51,062  [INFO    ]  input_tracker -   SKIPPING (already SUCCESS): D:\ai_doc_automation\Test Data\Income Certificate for Testing\IncomeCertificate_510_page_0.png
2026-08-31 12:20:51,062  [INFO    ]  input_tracker -   SKIPPING (already SUCCESS): D:\ai_doc_automation\Test Data\Income Certificate for Testing\IncomeCertificate_511_page_0.png
2026-08-31 12:20:51,063  [INFO    ]  input_tracker -   SKIPPING (already SUCCESS): D:\ai_doc_automation\Test Data\Income Certificate for Testing\IncomeCertificate_512_page_0.png
2026-08-31 12:20:51,063  [INFO    ]  input_tracker -   SKIPPING (already SUCCESS): D:\ai_doc_automation\Test Data\Income Certificate for Testing\IncomeCertificate_513_page_0.png
2026-08-31 12:20:51,063  [INFO    ]  input_tracker -   SKIPPING (already SUCCESS): D:\ai_doc_automation\Test Data\Income Certificate for Testing\IncomeCertificate_514_page_0.png
2026-08-31 12:20:51,063  [INFO    ]  input_tracker -   SKIPPING (already SUCCESS): D:\ai_doc_automation\Test Data\Income Certificate for Testing\IncomeCertificate_515_page_0.png
2026-08-31 12:20:51,065  [INFO    ]  input_tracker -   SKIPPING (already SUCCESS): D:\ai_doc_automation\Test Data\Income Certificate for Testing\IncomeCertificate_519_page_0.png
2026-08-31 12:20:51,065  [INFO    ]  input_tracker -   SKIPPING (already SUCCESS): D:\ai_doc_automation\Test Data\Income Certificate for Testing\IncomeCertificate_520_page_0.png
2026-08-31 12:20:51,065  [INFO    ]  input_tracker -   SKIPPING (already SUCCESS): D:\ai_doc_automation\Test Data\Income Certificate for Testing\IncomeCertificate_521_page_0.png
2026-08-31 12:20:51,065  [INFO    ]  input_tracker -   SKIPPING (already SUCCESS): D:\ai_doc_automation\Test Data\Income Certificate for Testing\IncomeCertificate_522_page_0.png
2026-08-31 12:20:51,066  [INFO    ]  input_tracker -   SKIPPING (already SUCCESS): D:\ai_doc_automation\Test Data\Income Certificate for Testing\IncomeCertificate_523_page_0.png
2026-08-31 12:20:51,066  [INFO    ]  input_tracker -   SKIPPING (already SUCCESS): D:\ai_doc_automation\Test Data\Income Certificate for Testing\IncomeCertificate_524_page_0.png
2026-08-31 12:20:51,066  [INFO    ]  input_tracker -   SKIPPING (already SUCCESS): D:\ai_doc_automation\Test Data\Income Certificate for Testing\IncomeCertificate_525_page_0.png
2026-08-31 12:20:51,067  [INFO    ]  input_tracker -   SKIPPING (already SUCCESS): D:\ai_doc_automation\Test Data\Income Certificate for Testing\IncomeCertificate_526_page_0.png
2026-08-31 12:20:51,067  [INFO    ]  input_tracker -   SKIPPING (already SUCCESS): D:\ai_doc_automation\Test Data\Income Certificate for Testing\IncomeCertificate_528_page_0.png
2026-08-31 12:20:51,067  [INFO    ]  input_tracker -   SKIPPING (already SUCCESS): D:\ai_doc_automation\Test Data\Income Certificate for Testing\IncomeCertificate_529_page_0.png
2026-08-31 12:20:51,067  [INFO    ]  input_tracker -   SKIPPING (already SUCCESS): D:\ai_doc_automation\Test Data\Income Certificate for Testing\IncomeCertificate_532_page_0.png
2026-08-31 12:20:51,067  [INFO    ]  input_tracker -   SKIPPING (already SUCCESS): D:\ai_doc_automation\Test Data\Income Certificate for Testing\IncomeCertificate_533_page_0.png
2026-08-31 12:20:51,069  [INFO    ]  input_tracker -   SKIPPING (already SUCCESS): D:\ai_doc_automation\Test Data\Income Certificate for Testing\IncomeCertificate_534_page_0.png
2026-08-31 12:20:51,069  [INFO    ]  input_tracker -   SKIPPING (already SUCCESS): D:\ai_doc_automation\Test Data\Income Certificate for Testing\IncomeCertificate_535_page_0.png
2026-08-31 12:20:51,069  [INFO    ]  input_tracker -   SKIPPING (already SUCCESS): D:\ai_doc_automation\Test Data\Cast Certificate for Testing\CastCertificate_130_page_0.png
2026-08-31 12:20:51,069  [INFO    ]  input_tracker -   SKIPPING (already SUCCESS): D:\ai_doc_automation\Test Data\Cast Certificate for Testing\CastCertificate_131_page_0.png
2026-08-31 12:20:51,069  [INFO    ]  input_tracker -   SKIPPING (already SUCCESS): D:\ai_doc_automation\Test Data\Cast Certificate for Testing\CastCertificate_132_page_0.png
2026-08-31 12:20:51,070  [INFO    ]  input_tracker -   SKIPPING (already SUCCESS): D:\ai_doc_automation\Test Data\Cast Certificate for Testing\CastCertificate_133_page_0.png
2026-08-31 12:20:51,070  [INFO    ]  input_tracker -   SKIPPING (already SUCCESS): D:\ai_doc_automation\Test Data\Cast Certificate for Testing\CastCertificate_134_page_0.png
2026-08-31 12:20:51,070  [INFO    ]  input_tracker -   SKIPPING (already SUCCESS): D:\ai_doc_automation\Test Data\Cast Certificate for Testing\CastCertificate_135_page_0.png
2026-08-31 12:20:51,070  [INFO    ]  input_tracker -   SKIPPING (already SUCCESS): D:\ai_doc_automation\Test Data\Cast Certificate for Testing\CastCertificate_136_page_0.png
2026-08-31 12:20:51,070  [INFO    ]  input_tracker -   SKIPPING (already SUCCESS): D:\ai_doc_automation\Test Data\Cast Certificate for Testing\CastCertificate_137_page_0.png
2026-08-31 12:20:51,070  [INFO    ]  input_tracker -   SKIPPING (already SUCCESS): D:\ai_doc_automation\Test Data\Cast Certificate for Testing\CastCertificate_138_page_0.png
2026-08-31 12:20:51,070  [INFO    ]  input_tracker -   SKIPPING (already SUCCESS): D:\ai_doc_automation\Test Data\Cast Certificate for Testing\CastCertificate_139_page_0.png
2026-08-31 12:20:51,070  [INFO    ]  input_tracker -   SKIPPING (already SUCCESS): D:\ai_doc_automation\Test Data\Cast Certificate for Testing\CastCertificate_140_page_0.png
2026-08-31 12:20:51,070  [INFO    ]  input_tracker -   SKIPPING (already SUCCESS): D:\ai_doc_automation\Test Data\Cast Certificate for Testing\CastCertificate_141_page_0.png
2026-08-31 12:20:51,070  [INFO    ]  input_tracker -   SKIPPING (already SUCCESS): D:\ai_doc_automation\Test Data\Cast Certificate for Testing\CastCertificate_142_page_0.png
2026-08-31 12:20:51,070  [INFO    ]  input_tracker -   SKIPPING (already SUCCESS): D:\ai_doc_automation\Test Data\Cast Certificate for Testing\CastCertificate_143_page_0.png
2026-08-31 12:20:51,073  [INFO    ]  input_tracker -   SKIPPING (already SUCCESS): D:\ai_doc_automation\Test Data\Cast Certificate for Testing\CastCertificate_144_page_0.png
2026-08-31 12:20:51,074  [INFO    ]  input_tracker -   SKIPPING (already SUCCESS): D:\ai_doc_automation\Test Data\Cast Certificate for Testing\CastCertificate_145_page_0.png
2026-08-31 12:20:51,074  [INFO    ]  input_tracker -   SKIPPING (already SUCCESS): D:\ai_doc_automation\Test Data\Cast Certificate for Testing\CastCertificate_146_page_0.png
2026-08-31 12:20:51,074  [INFO    ]  input_tracker -   SKIPPING (already SUCCESS): D:\ai_doc_automation\Test Data\Cast Certificate for Testing\CastCertificate_147_page_0.png
2026-08-31 12:20:51,074  [INFO    ]  input_tracker -   SKIPPING (already SUCCESS): D:\ai_doc_automation\Test Data\Cast Certificate for Testing\CastCertificate_148_page_0.png
2026-08-31 12:20:51,075  [INFO    ]  input_tracker -   SKIPPING (already SUCCESS): D:\ai_doc_automation\Test Data\Cast Certificate for Testing\CastCertificate_149_page_0.png
2026-08-31 12:20:51,075  [INFO    ]  input_tracker -   SKIPPING (already SUCCESS): D:\ai_doc_automation\Test Data\Cast Certificate for Testing\CastCertificate_150_page_0.png
2026-08-31 12:20:51,075  [INFO    ]  input_tracker -   SKIPPING (already SUCCESS): D:\ai_doc_automation\Test Data\Cast Certificate for Testing\CastCertificate_151_page_0.png
2026-08-31 12:20:51,075  [INFO    ]  input_tracker -   SKIPPING (already SUCCESS): D:\ai_doc_automation\Test Data\Cast Certificate for Testing\CastCertificate_152_page_0.png
2026-08-31 12:20:51,075  [INFO    ]  input_tracker -   SKIPPING (already SUCCESS): D:\ai_doc_automation\Test Data\Cast Certificate for Testing\CastCertificate_153_page_0.png
2026-08-31 12:20:51,075  [INFO    ]  input_tracker -   SKIPPING (already SUCCESS): D:\ai_doc_automation\Test Data\Cast Certificate for Testing\CastCertificate_154_page_0.png
2026-08-31 12:20:51,076  [INFO    ]  input_tracker -   SKIPPING (already SUCCESS): D:\ai_doc_automation\Test Data\Cast Certificate for Testing\CastCertificate_155_page_0.png
2026-08-31 12:20:51,076  [INFO    ]  input_tracker -   SKIPPING (already SUCCESS): D:\ai_doc_automation\Test Data\Cast Certificate for Testing\CastCertificate_156_page_0.png
2026-08-31 12:20:51,076  [INFO    ]  input_tracker -   SKIPPING (already SUCCESS): D:\ai_doc_automation\Test Data\Cast Certificate for Testing\CastCertificate_157_page_0.png
2026-08-31 12:20:51,078  [INFO    ]  input_tracker -   SKIPPING (already SUCCESS): D:\ai_doc_automation\Test Data\Cast Certificate for Testing\CastCertificate_158_page_0.png
2026-08-31 12:20:51,078  [INFO    ]  input_tracker -   SKIPPING (already SUCCESS): D:\ai_doc_automation\Test Data\Cast Certificate for Testing\CastCertificate_159_page_0.png
2026-08-31 12:20:51,079  [INFO    ]  input_tracker -   SKIPPING (already SUCCESS): D:\ai_doc_automation\Test Data\Cast Certificate for Testing\CastCertificate_161_page_0.png
2026-08-31 12:20:51,079  [INFO    ]  input_tracker -   SKIPPING (already SUCCESS): D:\ai_doc_automation\Test Data\Cast Certificate for Testing\CastCertificate_162_page_0.png
2026-08-31 12:20:51,079  [INFO    ]  input_tracker -   SKIPPING (already SUCCESS): D:\ai_doc_automation\Test Data\Cast Certificate for Testing\CastCertificate_163_page_0.png
2026-08-31 12:20:51,079  [INFO    ]  input_tracker -   SKIPPING (already SUCCESS): D:\ai_doc_automation\Test Data\Cast Certificate for Testing\CastCertificate_164_page_0.png
2026-08-31 12:20:51,079  [INFO    ]  input_tracker -   SKIPPING (already SUCCESS): D:\ai_doc_automation\Test Data\Cast Certificate for Testing\CastCertificate_165_page_0.png
2026-08-31 12:20:51,079  [INFO    ]  input_tracker -   SKIPPING (already SUCCESS): D:\ai_doc_automation\Test Data\Cast Certificate for Testing\CastCertificate_166_page_0.png
2026-08-31 12:20:51,114  [INFO    ]  input_tracker -   SKIPPING (already SUCCESS): D:\ai_doc_automation\Test Data\Cast Certificate for Testing\CastCertificate_167_page_0.png
2026-08-31 12:20:51,114  [INFO    ]  input_tracker -   SKIPPING (already SUCCESS): D:\ai_doc_automation\Test Data\Cast Certificate for Testing\CastCertificate_168_page_0.png
2026-08-31 12:20:51,114  [INFO    ]  input_tracker -   SKIPPING (already SUCCESS): D:\ai_doc_automation\Test Data\Cast Certificate for Testing\CastCertificate_169_page_0.png
2026-08-31 12:20:51,116  [INFO    ]  input_tracker -   SKIPPING (already SUCCESS): D:\ai_doc_automation\Test Data\Cast Certificate for Testing\CastCertificate_170_page_0.png
2026-08-31 12:20:51,116  [INFO    ]  input_tracker -   SKIPPING (already SUCCESS): D:\ai_doc_automation\Test Data\Cast Certificate for Testing\CastCertificate_171_page_0.png
2026-08-31 12:20:51,118  [INFO    ]  input_tracker -   SKIPPING (already SUCCESS): D:\ai_doc_automation\Test Data\Cast Certificate for Testing\CastCertificate_172_page_0.png
2026-08-31 12:20:51,118  [INFO    ]  input_tracker -   SKIPPING (already SUCCESS): D:\ai_doc_automation\Test Data\Cast Certificate for Testing\CastCertificate_177_page_0.png
2026-08-31 12:20:51,120  [INFO    ]  input_tracker -   SKIPPING (already SUCCESS): D:\ai_doc_automation\Test Data\Cast Certificate for Testing\CastCertificate_178_page_0.png
2026-08-31 12:20:51,120  [INFO    ]  input_tracker -   SKIPPING (already SUCCESS): D:\ai_doc_automation\Test Data\Cast Certificate for Testing\CastCertificate_184_page_0.png
2026-08-31 12:20:51,120  [INFO    ]  input_tracker -   SKIPPING (already SUCCESS): D:\ai_doc_automation\Test Data\Cast Certificate for Testing\CastCertificate_185_page_0.png
2026-08-31 12:20:51,122  [INFO    ]  input_tracker -   SKIPPING (already SUCCESS): D:\ai_doc_automation\Test Data\Cast Certificate for Testing\CastCertificate_186_page_0.png
2026-08-31 12:20:51,124  [INFO    ]  input_tracker -   SKIPPING (already SUCCESS): D:\ai_doc_automation\Test Data\Cast Certificate for Testing\CastCertificate_187_page_0.png
2026-08-31 12:20:51,124  [INFO    ]  input_tracker -   SKIPPING (already SUCCESS): D:\ai_doc_automation\Test Data\Cast Certificate for Testing\CastCertificate_188_page_0.png
2026-08-31 12:20:51,126  [INFO    ]  input_tracker -   SKIPPING (already SUCCESS): D:\ai_doc_automation\Test Data\Cast Certificate for Testing\CastCertificate_189_page_0.png
2026-08-31 12:20:51,129  [INFO    ]  input_tracker -   SKIPPING (already SUCCESS): D:\ai_doc_automation\Test Data\Cast Certificate for Testing\CastCertificate_190_page_0.png
2026-08-31 12:20:51,129  [INFO    ]  input_tracker -   SKIPPING (already SUCCESS): D:\ai_doc_automation\Test Data\Cast Certificate for Testing\CastCertificate_191_page_0.png
2026-08-31 12:20:51,132  [INFO    ]  input_tracker -   SKIPPING (already SUCCESS): D:\ai_doc_automation\Test Data\Cast Certificate for Testing\CastCertificate_192_page_0.png
2026-08-31 12:20:51,134  [INFO    ]  input_tracker -   SKIPPING (already SUCCESS): D:\ai_doc_automation\Test Data\Cast Certificate for Testing\CastCertificate_193_page_0.png
2026-08-31 12:20:51,157  [INFO    ]  input_tracker -   SKIPPING (already SUCCESS): D:\ai_doc_automation\Test Data\Cast Certificate for Testing\CastCertificate_194_page_0.png
2026-08-31 12:20:51,168  [INFO    ]  input_tracker -   SKIPPING (already SUCCESS): D:\ai_doc_automation\Test Data\Cast Certificate for Testing\CastCertificate_195_page_0.png
2026-08-31 12:20:51,168  [INFO    ]  input_tracker -   SKIPPING (already SUCCESS): D:\ai_doc_automation\Test Data\Cast Certificate for Testing\CastCertificate_196_page_0.png
2026-08-31 12:20:51,170  [INFO    ]  input_tracker -   SKIPPING (already SUCCESS): D:\ai_doc_automation\Test Data\Cast Certificate for Testing\CastCertificate_197_page_0.png
2026-08-31 12:20:51,170  [INFO    ]  input_tracker -   SKIPPING (already SUCCESS): D:\ai_doc_automation\Test Data\Cast Certificate for Testing\CastCertificate_198_page_0.png
2026-08-31 12:20:51,170  [INFO    ]  input_tracker -   SKIPPING (already SUCCESS): D:\ai_doc_automation\Test Data\Cast Certificate for Testing\CastCertificate_199_page_0.png
2026-08-31 12:20:51,170  [INFO    ]  input_tracker -   SKIPPING (already SUCCESS): D:\ai_doc_automation\Test Data\Residence Certificate for Testing\ResidenceCertificate_131_page_0.png
2026-08-31 12:20:51,170  [INFO    ]  input_tracker -   SKIPPING (already SUCCESS): D:\ai_doc_automation\Test Data\Residence Certificate for Testing\ResidenceCertificate_132_page_0.png
2026-08-31 12:20:51,170  [INFO    ]  input_tracker -   SKIPPING (already SUCCESS): D:\ai_doc_automation\Test Data\Residence Certificate for Testing\ResidenceCertificate_133_page_0.png
2026-08-31 12:20:51,170  [INFO    ]  input_tracker -   SKIPPING (already SUCCESS): D:\ai_doc_automation\Test Data\Residence Certificate for Testing\ResidenceCertificate_134_page_0.png
2026-08-31 12:20:51,173  [INFO    ]  input_tracker -   SKIPPING (already SUCCESS): D:\ai_doc_automation\Test Data\Residence Certificate for Testing\ResidenceCertificate_135_page_0.png
2026-08-31 12:20:51,173  [INFO    ]  input_tracker -   SKIPPING (already SUCCESS): D:\ai_doc_automation\Test Data\Residence Certificate for Testing\ResidenceCertificate_136_page_0.png
2026-08-31 12:20:51,173  [INFO    ]  input_tracker -   SKIPPING (already SUCCESS): D:\ai_doc_automation\Test Data\Residence Certificate for Testing\ResidenceCertificate_137_page_0.png
2026-08-31 12:20:51,173  [INFO    ]  input_tracker -   SKIPPING (already SUCCESS): D:\ai_doc_automation\Test Data\Residence Certificate for Testing\ResidenceCertificate_138_page_0.png
2026-08-31 12:20:51,173  [INFO    ]  input_tracker -   SKIPPING (already SUCCESS): D:\ai_doc_automation\Test Data\Residence Certificate for Testing\ResidenceCertificate_139_page_0.png
2026-08-31 12:20:51,173  [INFO    ]  input_tracker -   SKIPPING (already SUCCESS): D:\ai_doc_automation\Test Data\Residence Certificate for Testing\ResidenceCertificate_140_page_0.png
2026-08-31 12:20:51,175  [INFO    ]  input_tracker -   SKIPPING (already SUCCESS): D:\ai_doc_automation\Test Data\Residence Certificate for Testing\ResidenceCertificate_141_page_0.png
2026-08-31 12:20:51,175  [INFO    ]  input_tracker -   SKIPPING (already SUCCESS): D:\ai_doc_automation\Test Data\Residence Certificate for Testing\ResidenceCertificate_142_page_0.png
2026-08-31 12:20:51,175  [INFO    ]  input_tracker -   SKIPPING (already SUCCESS): D:\ai_doc_automation\Test Data\Residence Certificate for Testing\ResidenceCertificate_143_page_0.png
2026-08-31 12:20:51,177  [INFO    ]  input_tracker -   SKIPPING (already SUCCESS): D:\ai_doc_automation\Test Data\Residence Certificate for Testing\ResidenceCertificate_144_page_0.png
2026-08-31 12:20:51,177  [INFO    ]  input_tracker -   SKIPPING (already SUCCESS): D:\ai_doc_automation\Test Data\Residence Certificate for Testing\ResidenceCertificate_145_page_0.png
2026-08-31 12:20:51,178  [INFO    ]  input_tracker -   SKIPPING (already SUCCESS): D:\ai_doc_automation\Test Data\Residence Certificate for Testing\ResidenceCertificate_146_page_0.png
2026-08-31 12:20:51,178  [INFO    ]  input_tracker -   SKIPPING (already SUCCESS): D:\ai_doc_automation\Test Data\Residence Certificate for Testing\ResidenceCertificate_147_page_0.png
2026-08-31 12:20:51,178  [INFO    ]  input_tracker -   SKIPPING (already SUCCESS): D:\ai_doc_automation\Test Data\Residence Certificate for Testing\ResidenceCertificate_148_page_0.png
2026-08-31 12:20:51,179  [INFO    ]  input_tracker -   SKIPPING (already SUCCESS): D:\ai_doc_automation\Test Data\Residence Certificate for Testing\ResidenceCertificate_149_page_0.png
2026-08-31 12:20:51,179  [INFO    ]  input_tracker -   SKIPPING (already SUCCESS): D:\ai_doc_automation\Test Data\Residence Certificate for Testing\ResidenceCertificate_150_page_0.png
2026-08-31 12:20:51,179  [INFO    ]  input_tracker -   SKIPPING (already SUCCESS): D:\ai_doc_automation\Test Data\Residence Certificate for Testing\ResidenceCertificate_151_page_0.png
2026-08-31 12:20:51,179  [INFO    ]  input_tracker -   SKIPPING (already SUCCESS): D:\ai_doc_automation\Test Data\Residence Certificate for Testing\ResidenceCertificate_152_page_0.png
2026-08-31 12:20:51,180  [INFO    ]  input_tracker -   SKIPPING (already SUCCESS): D:\ai_doc_automation\Test Data\Residence Certificate for Testing\ResidenceCertificate_153_page_0.png
2026-08-31 12:20:51,180  [INFO    ]  input_tracker -   SKIPPING (already SUCCESS): D:\ai_doc_automation\Test Data\Residence Certificate for Testing\ResidenceCertificate_154_page_0.png
2026-08-31 12:20:51,180  [INFO    ]  input_tracker -   SKIPPING (already SUCCESS): D:\ai_doc_automation\Test Data\Residence Certificate for Testing\ResidenceCertificate_155_page_0.png
2026-08-31 12:20:51,181  [INFO    ]  input_tracker -   SKIPPING (already SUCCESS): D:\ai_doc_automation\Test Data\Residence Certificate for Testing\ResidenceCertificate_156_page_0.png
2026-08-31 12:20:51,181  [INFO    ]  input_tracker -   SKIPPING (already SUCCESS): D:\ai_doc_automation\Test Data\Residence Certificate for Testing\ResidenceCertificate_157_page_0.png
2026-08-31 12:20:51,181  [INFO    ]  input_tracker -   SKIPPING (already SUCCESS): D:\ai_doc_automation\Test Data\Residence Certificate for Testing\ResidenceCertificate_158_page_0.png
2026-08-31 12:20:51,181  [INFO    ]  input_tracker -   SKIPPING (already SUCCESS): D:\ai_doc_automation\Test Data\Residence Certificate for Testing\ResidenceCertificate_159_page_0.png
2026-08-31 12:20:51,182  [INFO    ]  input_tracker -   SKIPPING (already SUCCESS): D:\ai_doc_automation\Test Data\Residence Certificate for Testing\ResidenceCertificate_160_page_0.png
2026-08-31 12:20:51,182  [INFO    ]  input_tracker -   SKIPPING (already SUCCESS): D:\ai_doc_automation\Test Data\Residence Certificate for Testing\ResidenceCertificate_161_page_0.png
2026-08-31 12:20:51,183  [INFO    ]  input_tracker -   SKIPPING (already SUCCESS): D:\ai_doc_automation\Test Data\Residence Certificate for Testing\ResidenceCertificate_162_page_0.png
2026-08-31 12:20:51,183  [INFO    ]  input_tracker -   SKIPPING (already SUCCESS): D:\ai_doc_automation\Test Data\Residence Certificate for Testing\ResidenceCertificate_163_page_0.png
2026-08-31 12:20:51,183  [INFO    ]  input_tracker -   SKIPPING (already SUCCESS): D:\ai_doc_automation\Test Data\Residence Certificate for Testing\ResidenceCertificate_164_page_0.png
2026-08-31 12:20:51,183  [INFO    ]  input_tracker -   SKIPPING (already SUCCESS): D:\ai_doc_automation\Test Data\Residence Certificate for Testing\ResidenceCertificate_165_page_0.png
2026-08-31 12:20:51,184  [INFO    ]  input_tracker -   SKIPPING (already SUCCESS): D:\ai_doc_automation\Test Data\Residence Certificate for Testing\ResidenceCertificate_166_page_0.png
2026-08-31 12:20:51,184  [INFO    ]  input_tracker -   SKIPPING (already SUCCESS): D:\ai_doc_automation\Test Data\Residence Certificate for Testing\ResidenceCertificate_167_page_0.png
2026-08-31 12:20:51,184  [INFO    ]  input_tracker -   SKIPPING (already SUCCESS): D:\ai_doc_automation\Test Data\Residence Certificate for Testing\ResidenceCertificate_168_page_0.png
2026-08-31 12:20:51,184  [INFO    ]  input_tracker -   SKIPPING (already SUCCESS): D:\ai_doc_automation\Test Data\Residence Certificate for Testing\ResidenceCertificate_169_page_0.png
2026-08-31 12:20:51,185  [INFO    ]  input_tracker -   SKIPPING (already SUCCESS): D:\ai_doc_automation\Test Data\Residence Certificate for Testing\ResidenceCertificate_170_page_0.png
2026-08-31 12:20:51,185  [INFO    ]  input_tracker -   SKIPPING (already SUCCESS): D:\ai_doc_automation\Test Data\Residence Certificate for Testing\ResidenceCertificate_171_page_0.png
2026-08-31 12:20:51,185  [INFO    ]  input_tracker -   SKIPPING (already SUCCESS): D:\ai_doc_automation\Test Data\Residence Certificate for Testing\ResidenceCertificate_172_page_0.png
2026-08-31 12:20:51,185  [INFO    ]  input_tracker -   SKIPPING (already SUCCESS): D:\ai_doc_automation\Test Data\Residence Certificate for Testing\ResidenceCertificate_173_page_0.png
2026-08-31 12:20:51,186  [INFO    ]  input_tracker -   SKIPPING (already SUCCESS): D:\ai_doc_automation\Test Data\Residence Certificate for Testing\ResidenceCertificate_174_page_0.png
2026-08-31 12:20:51,186  [INFO    ]  input_tracker -   SKIPPING (already SUCCESS): D:\ai_doc_automation\Test Data\Residence Certificate for Testing\ResidenceCertificate_175_page_0.png
2026-08-31 12:20:51,186  [INFO    ]  input_tracker -   SKIPPING (already SUCCESS): D:\ai_doc_automation\Test Data\Residence Certificate for Testing\ResidenceCertificate_176_page_0.png
2026-08-31 12:20:51,186  [INFO    ]  input_tracker -   SKIPPING (already SUCCESS): D:\ai_doc_automation\Test Data\Residence Certificate for Testing\ResidenceCertificate_177_page_0.png
2026-08-31 12:20:51,187  [INFO    ]  input_tracker -   SKIPPING (already SUCCESS): D:\ai_doc_automation\Test Data\Residence Certificate for Testing\ResidenceCertificate_178_page_0.png
2026-08-31 12:20:51,187  [INFO    ]  input_tracker -   SKIPPING (already SUCCESS): D:\ai_doc_automation\Test Data\Residence Certificate for Testing\ResidenceCertificate_179_page_0.png
2026-08-31 12:20:51,187  [INFO    ]  input_tracker -   SKIPPING (already SUCCESS): D:\ai_doc_automation\Test Data\Residence Certificate for Testing\ResidenceCertificate_180_page_0.png
2026-08-31 12:20:51,187  [INFO    ]  input_tracker -   SKIPPING (already SUCCESS): D:\ai_doc_automation\Test Data\Residence Certificate for Testing\ResidenceCertificate_181_page_0.png
2026-08-31 12:20:51,189  [INFO    ]  input_tracker -   SKIPPING (already SUCCESS): D:\ai_doc_automation\Test Data\Residence Certificate for Testing\ResidenceCertificate_182_page_0.png
2026-08-31 12:20:51,189  [INFO    ]  input_tracker -   SKIPPING (already SUCCESS): D:\ai_doc_automation\Test Data\Residence Certificate for Testing\ResidenceCertificate_183_page_0.png
2026-08-31 12:20:51,189  [INFO    ]  input_tracker -   SKIPPING (already SUCCESS): D:\ai_doc_automation\Test Data\Residence Certificate for Testing\ResidenceCertificate_184_page_0.png
2026-08-31 12:20:51,203  [INFO    ]  input_tracker -   SKIPPING (already SUCCESS): D:\ai_doc_automation\Test Data\Residence Certificate for Testing\ResidenceCertificate_185_page_0.png
2026-08-31 12:20:51,205  [INFO    ]  input_tracker -   SKIPPING (already SUCCESS): D:\ai_doc_automation\Test Data\Residence Certificate for Testing\ResidenceCertificate_186_page_0.png
2026-08-31 12:20:51,205  [INFO    ]  input_tracker -   SKIPPING (already SUCCESS): D:\ai_doc_automation\Test Data\Residence Certificate for Testing\ResidenceCertificate_187_page_0.png
2026-08-31 12:20:51,205  [INFO    ]  input_tracker -   SKIPPING (already SUCCESS): D:\ai_doc_automation\Test Data\Residence Certificate for Testing\ResidenceCertificate_188_page_0.png
2026-08-31 12:20:51,205  [INFO    ]  input_tracker -   SKIPPING (already SUCCESS): D:\ai_doc_automation\Test Data\Residence Certificate for Testing\ResidenceCertificate_189_page_0.png
2026-08-31 12:20:51,205  [INFO    ]  input_tracker -   SKIPPING (already SUCCESS): D:\ai_doc_automation\Test Data\Residence Certificate for Testing\ResidenceCertificate_191_page_0.png
2026-08-31 12:20:51,207  [INFO    ]  input_tracker -   SKIPPING (already SUCCESS): D:\ai_doc_automation\Test Data\Residence Certificate for Testing\ResidenceCertificate_192_page_0.png
2026-08-31 12:20:51,207  [INFO    ]  input_tracker -   SKIPPING (already SUCCESS): D:\ai_doc_automation\Test Data\Residence Certificate for Testing\ResidenceCertificate_193_page_0.png
2026-08-31 12:20:51,207  [INFO    ]  input_tracker -   SKIPPING (already SUCCESS): D:\ai_doc_automation\Test Data\Residence Certificate for Testing\ResidenceCertificate_194_page_0.png
2026-08-31 12:20:51,207  [INFO    ]  input_tracker -   SKIPPING (already SUCCESS): D:\ai_doc_automation\Test Data\Residence Certificate for Testing\ResidenceCertificate_195_page_0.png
2026-08-31 12:20:51,208  [INFO    ]  input_tracker -   SKIPPING (already SUCCESS): D:\ai_doc_automation\Test Data\Residence Certificate for Testing\ResidenceCertificate_196_page_0.png
2026-08-31 12:20:51,208  [INFO    ]  input_tracker -   SKIPPING (already SUCCESS): D:\ai_doc_automation\Test Data\Residence Certificate for Testing\ResidenceCertificate_197_page_0.png
2026-08-31 12:20:51,208  [INFO    ]  input_tracker -   SKIPPING (already SUCCESS): D:\ai_doc_automation\Test Data\Residence Certificate for Testing\ResidenceCertificate_198_page_0.png
2026-08-31 12:20:51,208  [INFO    ]  main - Records to process: 30
2026-08-31 12:20:55,270  [INFO    ]  driver_setup - Chrome WebDriver started successfully.
2026-08-31 12:20:55,439  [INFO    ]  main - [--resume] Auto-detected most recent output file: D:\ai_doc_automation\output\ai_doc_results_20260822_213737.xlsx
2026-08-31 12:20:55,713  [INFO    ]  excel_writer - Resuming into existing output Excel: D:\ai_doc_automation\output\ai_doc_results_20260822_213737.xlsx
2026-08-31 12:20:55,715  [INFO    ]  excel_writer - Note: total/average processing-time stats for ALREADY-written rows could not be recovered (that value isn't stored per-row) — time stats in the Summary will only reflect this session's new rows going forward. Success/Failed/Error counts are fully accurate.
2026-08-31 12:20:55,715  [INFO    ]  main - Opening portal: https://aiprojects.odisha.gov.in/demo
2026-08-31 12:20:59,944  [INFO    ]  doc_uploader - Screenshot saved: D:\ai_doc_automation\output\screenshots\20260831_122059_01_dashboard.png
2026-08-31 12:20:59,944  [INFO    ]  doc_uploader - Navigating to 'Verify Document' page...
2026-08-31 12:21:02,020  [INFO    ]  doc_uploader - On Verify Document page.
2026-08-31 12:21:02,171  [INFO    ]  doc_uploader - Screenshot saved: D:\ai_doc_automation\output\screenshots\20260831_122102_02_verify_form.png
2026-08-31 12:21:02,209  [INFO    ]  main - 
[1/30] D:\ai_doc_automation\Test Data\10th Marksheet for Testing\Document10_1058_page_0.png
2026-08-31 12:21:02,209  [INFO    ]  main - ============================================================
2026-08-31 12:21:02,209  [INFO    ]  main - Processing [1/30]: Document10_1058_page_0.png  |  10th Marksheet  |  Attempt 1
2026-08-31 12:21:02,209  [INFO    ]  main - ============================================================
2026-08-31 12:21:02,209  [WARNING ]  input_tracker - Could not save input_map.xlsx — it may be open in Excel. Close the file and the status will update on next write.
2026-08-31 12:21:02,209  [INFO    ]  doc_uploader - Pre-upload check: expecting REJECT for Document10_1058_page_0.png — File size 6.43MB exceeds 5MB limit
2026-08-31 12:21:02,209  [INFO    ]  doc_uploader - Selecting document type: '10th Marksheet'
2026-08-31 12:21:02,325  [INFO    ]  doc_uploader - Selected by visible text: '10th Marksheet'
2026-08-31 12:21:02,325  [INFO    ]  doc_uploader - Ensuring 'Plain extraction' is selected...
2026-08-31 12:21:07,746  [INFO    ]  doc_uploader - Clicked Plain extraction text element.
2026-08-31 12:21:07,747  [INFO    ]  doc_uploader - Uploading file: D:\ai_doc_automation\Test Data\10th Marksheet for Testing\Document10_1058_page_0.png
2026-08-31 12:21:07,747  [INFO    ]  doc_uploader - File input found via JS querySelector.
2026-08-31 12:21:18,197  [INFO    ]  doc_uploader - Upload preview ready (submit button visible).
2026-08-31 12:21:18,197  [INFO    ]  doc_uploader - File uploaded successfully.
2026-08-31 12:21:18,197  [INFO    ]  doc_uploader - Pre-submit verification...
2026-08-31 12:21:18,257  [WARNING ]  doc_uploader - Dropdown mismatch! Expected '10th Marksheet', found 'Aadhaar Card'. Re-selecting.
2026-08-31 12:21:18,257  [INFO    ]  doc_uploader - Selecting document type: '10th Marksheet'
2026-08-31 12:21:18,325  [INFO    ]  doc_uploader - Selected by visible text: '10th Marksheet'
2026-08-31 12:21:18,325  [INFO    ]  doc_uploader - Clicking 'Submit to engine'...
2026-08-31 12:21:18,709  [INFO    ]  doc_uploader - Submitted to engine. Waiting for result...
2026-08-31 12:21:18,709  [INFO    ]  doc_uploader - Waiting for engine result (timeout=90s)...
2026-08-31 12:21:23,776  [WARNING ]  doc_uploader - Upload error detected via JS: Upload a JPEG, PNG, WebP, or PDF document up to 5 MB.
2026-08-31 12:21:23,776  [WARNING ]  doc_uploader - Upload rejection banner detected during wait: Upload a JPEG, PNG, WebP, or PDF document up to 5 MB.
2026-08-31 12:21:23,776  [WARNING ]  main - File upload rejected for Document10_1058_page_0.png: Upload a JPEG, PNG, WebP, or PDF document up to 5 MB.
2026-08-31 12:21:23,953  [INFO    ]  doc_uploader - Screenshot saved: D:\ai_doc_automation\output\screenshots\20260831_122123_upload_rejected_Document10_1058_page_0.png.png
2026-08-31 12:21:24,420  [WARNING ]  input_tracker - Could not save input_map.xlsx — it may be open in Excel. Close the file and the status will update on next write.
2026-08-31 12:21:24,420  [INFO    ]  main - [FAIL] Document10_1058_page_0.png: FAILED (21.6s)
2026-08-31 12:21:24,420  [INFO    ]  doc_uploader - Resetting form for next submission...
2026-08-31 12:21:34,993  [INFO    ]  doc_uploader - Navigating to Verify Document page to reset form.
2026-08-31 12:21:34,993  [INFO    ]  doc_uploader - Navigating to 'Verify Document' page...
2026-08-31 12:21:36,878  [INFO    ]  doc_uploader - On Verify Document page.
2026-08-31 12:21:36,892  [INFO    ]  doc_uploader - Upload form is ready for next document.
2026-08-31 12:21:36,892  [INFO    ]  main - 
[2/30] D:\ai_doc_automation\Test Data\10th Marksheet for Testing\Document10_1074_page_0.png
2026-08-31 12:21:36,903  [INFO    ]  main - ============================================================
2026-08-31 12:21:36,903  [INFO    ]  main - Processing [2/30]: Document10_1074_page_0.png  |  10th Marksheet  |  Attempt 1
2026-08-31 12:21:36,903  [INFO    ]  main - ============================================================
2026-08-31 12:21:36,904  [WARNING ]  input_tracker - Could not save input_map.xlsx — it may be open in Excel. Close the file and the status will update on next write.
2026-08-31 12:21:36,906  [INFO    ]  doc_uploader - Selecting document type: '10th Marksheet'
2026-08-31 12:21:36,997  [INFO    ]  doc_uploader - Selected by visible text: '10th Marksheet'
2026-08-31 12:21:36,998  [INFO    ]  doc_uploader - Ensuring 'Plain extraction' is selected...
2026-08-31 12:21:42,411  [INFO    ]  doc_uploader - Clicked Plain extraction text element.
2026-08-31 12:21:42,411  [INFO    ]  doc_uploader - Uploading file: D:\ai_doc_automation\Test Data\10th Marksheet for Testing\Document10_1074_page_0.png
2026-08-31 12:21:42,411  [INFO    ]  doc_uploader - File input found via JS querySelector.
2026-08-31 12:21:52,858  [INFO    ]  doc_uploader - Upload preview ready (submit button visible).
2026-08-31 12:21:52,858  [INFO    ]  doc_uploader - File uploaded successfully.
2026-08-31 12:21:52,858  [INFO    ]  doc_uploader - Pre-submit verification...
2026-08-31 12:21:52,902  [WARNING ]  doc_uploader - Dropdown mismatch! Expected '10th Marksheet', found 'Aadhaar Card'. Re-selecting.
2026-08-31 12:21:52,902  [INFO    ]  doc_uploader - Selecting document type: '10th Marksheet'
2026-08-31 12:21:52,971  [INFO    ]  doc_uploader - Selected by visible text: '10th Marksheet'
2026-08-31 12:21:52,971  [INFO    ]  doc_uploader - Clicking 'Submit to engine'...
2026-08-31 12:21:53,353  [INFO    ]  doc_uploader - Submitted to engine. Waiting for result...
2026-08-31 12:21:53,353  [INFO    ]  doc_uploader - Waiting for engine result (timeout=90s)...
2026-08-31 12:22:19,712  [INFO    ]  doc_uploader - Result appeared after 25s.
2026-08-31 12:22:22,120  [INFO    ]  result_parser - _parse_via_javascript: 5 fields
2026-08-31 12:22:22,246  [INFO    ]  doc_uploader - Screenshot saved: D:\ai_doc_automation\output\screenshots\20260831_122222_extracted_Document10_1074_page_0.png.png
2026-08-31 12:22:22,667  [WARNING ]  input_tracker - Could not save input_map.xlsx — it may be open in Excel. Close the file and the status will update on next write.
2026-08-31 12:22:22,667  [INFO    ]  main - [OK] Document10_1074_page_0.png: SUCCESS (43.8s)
2026-08-31 12:22:22,667  [INFO    ]  doc_uploader - Resetting form for next submission...
2026-08-31 12:22:24,579  [INFO    ]  doc_uploader - New submission clicked — form reset.
2026-08-31 12:22:24,593  [INFO    ]  doc_uploader - Upload form is ready for next document.
2026-08-31 12:22:24,593  [INFO    ]  main - 
[3/30] D:\ai_doc_automation\Test Data\10th Marksheet for Testing\Document10_1078_page_0.png
2026-08-31 12:22:24,593  [INFO    ]  main - ============================================================
2026-08-31 12:22:24,593  [INFO    ]  main - Processing [3/30]: Document10_1078_page_0.png  |  10th Marksheet  |  Attempt 1
2026-08-31 12:22:24,593  [INFO    ]  main - ============================================================
2026-08-31 12:22:24,593  [WARNING ]  input_tracker - Could not save input_map.xlsx — it may be open in Excel. Close the file and the status will update on next write.
2026-08-31 12:22:24,593  [INFO    ]  doc_uploader - Selecting document type: '10th Marksheet'
2026-08-31 12:22:24,648  [INFO    ]  doc_uploader - Selected by visible text: '10th Marksheet'
2026-08-31 12:22:24,648  [INFO    ]  doc_uploader - Ensuring 'Plain extraction' is selected...
2026-08-31 12:22:30,046  [INFO    ]  doc_uploader - Clicked Plain extraction text element.
2026-08-31 12:22:30,047  [INFO    ]  doc_uploader - Uploading file: D:\ai_doc_automation\Test Data\10th Marksheet for Testing\Document10_1078_page_0.png
2026-08-31 12:22:30,052  [INFO    ]  doc_uploader - File input found via JS querySelector.
2026-08-31 12:22:40,503  [INFO    ]  doc_uploader - Upload preview ready (submit button visible).
2026-08-31 12:22:40,503  [INFO    ]  doc_uploader - File uploaded successfully.
2026-08-31 12:22:40,503  [INFO    ]  doc_uploader - Pre-submit verification...
2026-08-31 12:22:40,579  [INFO    ]  doc_uploader - Clicking 'Submit to engine'...
2026-08-31 12:22:40,963  [INFO    ]  doc_uploader - Submitted to engine. Waiting for result...
2026-08-31 12:22:40,966  [INFO    ]  doc_uploader - Waiting for engine result (timeout=90s)...
2026-08-31 12:23:06,241  [INFO    ]  doc_uploader - Result appeared after 25s.
2026-08-31 12:23:08,637  [INFO    ]  result_parser - _parse_via_javascript: 7 fields
2026-08-31 12:23:08,756  [INFO    ]  doc_uploader - Screenshot saved: D:\ai_doc_automation\output\screenshots\20260831_122308_extracted_Document10_1078_page_0.png.png
2026-08-31 12:23:09,158  [WARNING ]  input_tracker - Could not save input_map.xlsx — it may be open in Excel. Close the file and the status will update on next write.
2026-08-31 12:23:09,158  [INFO    ]  main - [OK] Document10_1078_page_0.png: SUCCESS (42.7s)
2026-08-31 12:23:09,158  [INFO    ]  doc_uploader - Resetting form for next submission...
2026-08-31 12:23:11,052  [INFO    ]  doc_uploader - New submission clicked — form reset.
2026-08-31 12:23:11,077  [INFO    ]  doc_uploader - Upload form is ready for next document.
2026-08-31 12:23:11,079  [INFO    ]  main - 
[4/30] D:\ai_doc_automation\Test Data\10th Marksheet for Testing\Document10_1116_page_0.png
2026-08-31 12:23:11,079  [INFO    ]  main - ============================================================
2026-08-31 12:23:11,079  [INFO    ]  main - Processing [4/30]: Document10_1116_page_0.png  |  10th Marksheet  |  Attempt 1
2026-08-31 12:23:11,080  [INFO    ]  main - ============================================================
2026-08-31 12:23:11,081  [WARNING ]  input_tracker - Could not save input_map.xlsx — it may be open in Excel. Close the file and the status will update on next write.
2026-08-31 12:23:11,081  [INFO    ]  doc_uploader - Pre-upload check: expecting REJECT for Document10_1116_page_0.png — File size 6.05MB exceeds 5MB limit
2026-08-31 12:23:11,081  [INFO    ]  doc_uploader - Selecting document type: '10th Marksheet'
2026-08-31 12:23:11,124  [INFO    ]  doc_uploader - Selected by visible text: '10th Marksheet'
2026-08-31 12:23:11,124  [INFO    ]  doc_uploader - Ensuring 'Plain extraction' is selected...
2026-08-31 12:23:16,529  [INFO    ]  doc_uploader - Clicked Plain extraction text element.
2026-08-31 12:23:16,530  [INFO    ]  doc_uploader - Uploading file: D:\ai_doc_automation\Test Data\10th Marksheet for Testing\Document10_1116_page_0.png
2026-08-31 12:23:16,535  [INFO    ]  doc_uploader - File input found via JS querySelector.
2026-08-31 12:23:26,952  [INFO    ]  doc_uploader - Upload preview ready (submit button visible).
2026-08-31 12:23:26,952  [INFO    ]  doc_uploader - File uploaded successfully.
2026-08-31 12:23:26,952  [INFO    ]  doc_uploader - Pre-submit verification...
2026-08-31 12:23:27,023  [INFO    ]  doc_uploader - Clicking 'Submit to engine'...
2026-08-31 12:23:27,401  [INFO    ]  doc_uploader - Submitted to engine. Waiting for result...
2026-08-31 12:23:27,401  [INFO    ]  doc_uploader - Waiting for engine result (timeout=90s)...
2026-08-31 12:23:32,457  [WARNING ]  doc_uploader - Upload error detected via JS: Upload a JPEG, PNG, WebP, or PDF document up to 5 MB.
2026-08-31 12:23:32,457  [WARNING ]  doc_uploader - Upload rejection banner detected during wait: Upload a JPEG, PNG, WebP, or PDF document up to 5 MB.
2026-08-31 12:23:32,457  [WARNING ]  main - File upload rejected for Document10_1116_page_0.png: Upload a JPEG, PNG, WebP, or PDF document up to 5 MB.
2026-08-31 12:23:32,630  [INFO    ]  doc_uploader - Screenshot saved: D:\ai_doc_automation\output\screenshots\20260831_122332_upload_rejected_Document10_1116_page_0.png.png
2026-08-31 12:23:32,991  [WARNING ]  input_tracker - Could not save input_map.xlsx — it may be open in Excel. Close the file and the status will update on next write.
2026-08-31 12:23:32,991  [INFO    ]  main - [FAIL] Document10_1116_page_0.png: FAILED (21.4s)
2026-08-31 12:23:32,991  [INFO    ]  doc_uploader - Resetting form for next submission...
2026-08-31 12:23:43,582  [INFO    ]  doc_uploader - Navigating to Verify Document page to reset form.
2026-08-31 12:23:43,582  [INFO    ]  doc_uploader - Navigating to 'Verify Document' page...
2026-08-31 12:23:45,474  [INFO    ]  doc_uploader - On Verify Document page.
2026-08-31 12:23:45,487  [INFO    ]  doc_uploader - Upload form is ready for next document.
2026-08-31 12:23:45,487  [INFO    ]  main - 
[5/30] D:\ai_doc_automation\Test Data\10th Marksheet for Testing\Document10_1118_page_0.png
2026-08-31 12:23:45,487  [INFO    ]  main - ============================================================
2026-08-31 12:23:45,487  [INFO    ]  main - Processing [5/30]: Document10_1118_page_0.png  |  10th Marksheet  |  Attempt 1
2026-08-31 12:23:45,487  [INFO    ]  main - ============================================================
2026-08-31 12:23:45,487  [WARNING ]  input_tracker - Could not save input_map.xlsx — it may be open in Excel. Close the file and the status will update on next write.
2026-08-31 12:23:45,487  [INFO    ]  doc_uploader - Pre-upload check: expecting REJECT for Document10_1118_page_0.png — File size 5.31MB exceeds 5MB limit
2026-08-31 12:23:45,487  [INFO    ]  doc_uploader - Selecting document type: '10th Marksheet'
2026-08-31 12:23:45,577  [INFO    ]  doc_uploader - Selected by visible text: '10th Marksheet'
2026-08-31 12:23:45,577  [INFO    ]  doc_uploader - Ensuring 'Plain extraction' is selected...
2026-08-31 12:23:51,005  [INFO    ]  doc_uploader - Clicked Plain extraction text element.
2026-08-31 12:23:51,005  [INFO    ]  doc_uploader - Uploading file: D:\ai_doc_automation\Test Data\10th Marksheet for Testing\Document10_1118_page_0.png
2026-08-31 12:23:51,005  [INFO    ]  doc_uploader - File input found via JS querySelector.
2026-08-31 12:24:01,441  [INFO    ]  doc_uploader - Upload preview ready (submit button visible).
2026-08-31 12:24:01,441  [INFO    ]  doc_uploader - File uploaded successfully.
2026-08-31 12:24:01,441  [INFO    ]  doc_uploader - Pre-submit verification...
2026-08-31 12:24:01,487  [WARNING ]  doc_uploader - Dropdown mismatch! Expected '10th Marksheet', found 'Aadhaar Card'. Re-selecting.
2026-08-31 12:24:01,487  [INFO    ]  doc_uploader - Selecting document type: '10th Marksheet'
2026-08-31 12:24:01,593  [INFO    ]  doc_uploader - Selected by visible text: '10th Marksheet'
2026-08-31 12:24:01,594  [INFO    ]  doc_uploader - Clicking 'Submit to engine'...
2026-08-31 12:24:01,976  [INFO    ]  doc_uploader - Submitted to engine. Waiting for result...
2026-08-31 12:24:01,976  [INFO    ]  doc_uploader - Waiting for engine result (timeout=90s)...
2026-08-31 12:24:07,078  [WARNING ]  doc_uploader - Upload error detected via JS: Upload a JPEG, PNG, WebP, or PDF document up to 5 MB.
2026-08-31 12:24:07,078  [WARNING ]  doc_uploader - Upload rejection banner detected during wait: Upload a JPEG, PNG, WebP, or PDF document up to 5 MB.
2026-08-31 12:24:07,078  [WARNING ]  main - File upload rejected for Document10_1118_page_0.png: Upload a JPEG, PNG, WebP, or PDF document up to 5 MB.
2026-08-31 12:24:07,247  [INFO    ]  doc_uploader - Screenshot saved: D:\ai_doc_automation\output\screenshots\20260831_122407_upload_rejected_Document10_1118_page_0.png.png
2026-08-31 12:24:07,691  [WARNING ]  input_tracker - Could not save input_map.xlsx — it may be open in Excel. Close the file and the status will update on next write.
2026-08-31 12:24:07,691  [INFO    ]  main - [FAIL] Document10_1118_page_0.png: FAILED (21.6s)
2026-08-31 12:24:07,691  [INFO    ]  doc_uploader - Resetting form for next submission...
2026-08-31 12:24:18,238  [INFO    ]  doc_uploader - Navigating to Verify Document page to reset form.
2026-08-31 12:24:18,238  [INFO    ]  doc_uploader - Navigating to 'Verify Document' page...
2026-08-31 12:24:20,122  [INFO    ]  doc_uploader - On Verify Document page.
2026-08-31 12:24:20,140  [INFO    ]  doc_uploader - Upload form is ready for next document.
2026-08-31 12:24:20,140  [INFO    ]  main - 
[6/30] D:\ai_doc_automation\Test Data\10th Marksheet for Testing\Document10_1121_page_0.png
2026-08-31 12:24:20,140  [INFO    ]  main - ============================================================
2026-08-31 12:24:20,140  [INFO    ]  main - Processing [6/30]: Document10_1121_page_0.png  |  10th Marksheet  |  Attempt 1
2026-08-31 12:24:20,140  [INFO    ]  main - ============================================================
2026-08-31 12:24:20,140  [WARNING ]  input_tracker - Could not save input_map.xlsx — it may be open in Excel. Close the file and the status will update on next write.
2026-08-31 12:24:20,140  [INFO    ]  doc_uploader - Pre-upload check: expecting REJECT for Document10_1121_page_0.png — File size 16.19MB exceeds 5MB limit
2026-08-31 12:24:20,140  [INFO    ]  doc_uploader - Selecting document type: '10th Marksheet'
2026-08-31 12:24:20,225  [INFO    ]  doc_uploader - Selected by visible text: '10th Marksheet'
2026-08-31 12:24:20,225  [INFO    ]  doc_uploader - Ensuring 'Plain extraction' is selected...
2026-08-31 12:24:25,632  [INFO    ]  doc_uploader - Clicked Plain extraction text element.
2026-08-31 12:24:25,632  [INFO    ]  doc_uploader - Uploading file: D:\ai_doc_automation\Test Data\10th Marksheet for Testing\Document10_1121_page_0.png
2026-08-31 12:24:25,632  [INFO    ]  doc_uploader - File input found via JS querySelector.
2026-08-31 12:24:36,100  [INFO    ]  doc_uploader - Upload preview ready (submit button visible).
2026-08-31 12:24:36,100  [INFO    ]  doc_uploader - File uploaded successfully.
2026-08-31 12:24:36,100  [INFO    ]  doc_uploader - Pre-submit verification...
2026-08-31 12:24:36,163  [WARNING ]  doc_uploader - Dropdown mismatch! Expected '10th Marksheet', found 'Aadhaar Card'. Re-selecting.
2026-08-31 12:24:36,163  [INFO    ]  doc_uploader - Selecting document type: '10th Marksheet'
2026-08-31 12:24:36,251  [INFO    ]  doc_uploader - Selected by visible text: '10th Marksheet'
2026-08-31 12:24:36,252  [INFO    ]  doc_uploader - Clicking 'Submit to engine'...
2026-08-31 12:24:36,639  [INFO    ]  doc_uploader - Submitted to engine. Waiting for result...
2026-08-31 12:24:36,639  [INFO    ]  doc_uploader - Waiting for engine result (timeout=90s)...
2026-08-31 12:24:41,724  [WARNING ]  doc_uploader - Upload error detected via JS: Upload a JPEG, PNG, WebP, or PDF document up to 5 MB.
2026-08-31 12:24:41,724  [WARNING ]  doc_uploader - Upload rejection banner detected during wait: Upload a JPEG, PNG, WebP, or PDF document up to 5 MB.
2026-08-31 12:24:41,724  [WARNING ]  main - File upload rejected for Document10_1121_page_0.png: Upload a JPEG, PNG, WebP, or PDF document up to 5 MB.
2026-08-31 12:24:41,877  [INFO    ]  doc_uploader - Screenshot saved: D:\ai_doc_automation\output\screenshots\20260831_122441_upload_rejected_Document10_1121_page_0.png.png
2026-08-31 12:24:42,281  [WARNING ]  input_tracker - Could not save input_map.xlsx — it may be open in Excel. Close the file and the status will update on next write.
2026-08-31 12:24:42,281  [INFO    ]  main - [FAIL] Document10_1121_page_0.png: FAILED (21.6s)
2026-08-31 12:24:42,281  [INFO    ]  doc_uploader - Resetting form for next submission...
2026-08-31 12:24:52,861  [INFO    ]  doc_uploader - Navigating to Verify Document page to reset form.
2026-08-31 12:24:52,861  [INFO    ]  doc_uploader - Navigating to 'Verify Document' page...
2026-08-31 12:24:54,747  [INFO    ]  doc_uploader - On Verify Document page.
2026-08-31 12:24:54,760  [INFO    ]  doc_uploader - Upload form is ready for next document.
2026-08-31 12:24:54,760  [INFO    ]  main - 
[7/30] D:\ai_doc_automation\Test Data\12th Certificate for Testing\Document11_244_page_1.png
2026-08-31 12:24:54,760  [INFO    ]  main - ============================================================
2026-08-31 12:24:54,760  [INFO    ]  main - Processing [7/30]: Document11_244_page_1.png  |  12th Marksheet  |  Attempt 1
2026-08-31 12:24:54,760  [INFO    ]  main - ============================================================
2026-08-31 12:24:54,760  [WARNING ]  input_tracker - Could not save input_map.xlsx — it may be open in Excel. Close the file and the status will update on next write.
2026-08-31 12:24:54,760  [INFO    ]  doc_uploader - Selecting document type: '12th Marksheet'
2026-08-31 12:24:54,849  [INFO    ]  doc_uploader - Selected by visible text: '12th Marksheet'
2026-08-31 12:24:54,849  [INFO    ]  doc_uploader - Ensuring 'Plain extraction' is selected...
2026-08-31 12:25:00,258  [INFO    ]  doc_uploader - Clicked Plain extraction text element.
2026-08-31 12:25:00,260  [INFO    ]  doc_uploader - Uploading file: D:\ai_doc_automation\Test Data\12th Certificate for Testing\Document11_244_page_1.png
2026-08-31 12:25:00,260  [INFO    ]  doc_uploader - File input found via JS querySelector.
2026-08-31 12:25:10,707  [INFO    ]  doc_uploader - Upload preview ready (submit button visible).
2026-08-31 12:25:10,707  [INFO    ]  doc_uploader - File uploaded successfully.
2026-08-31 12:25:10,707  [INFO    ]  doc_uploader - Pre-submit verification...
2026-08-31 12:25:10,757  [WARNING ]  doc_uploader - Dropdown mismatch! Expected '12th Marksheet', found 'Aadhaar Card'. Re-selecting.
2026-08-31 12:25:10,757  [INFO    ]  doc_uploader - Selecting document type: '12th Marksheet'
2026-08-31 12:25:10,824  [INFO    ]  doc_uploader - Selected by visible text: '12th Marksheet'
2026-08-31 12:25:10,824  [INFO    ]  doc_uploader - Clicking 'Submit to engine'...
2026-08-31 12:25:11,200  [INFO    ]  doc_uploader - Submitted to engine. Waiting for result...
2026-08-31 12:25:11,200  [INFO    ]  doc_uploader - Waiting for engine result (timeout=90s)...
2026-08-31 12:25:36,375  [INFO    ]  doc_uploader - Result appeared after 25s.
2026-08-31 12:25:48,463  [INFO    ]  result_parser - Extraction tab not present — reading Overview for failure reason.
2026-08-31 12:25:48,571  [INFO    ]  doc_uploader - Screenshot saved: D:\ai_doc_automation\output\screenshots\20260831_122548_result_Document11_244_page_1.png.png
2026-08-31 12:25:48,574  [INFO    ]  result_parser - Reading verdict from Overview tab...
2026-08-31 12:25:58,763  [INFO    ]  result_parser - Pipeline failure reason captured: VERIFAI — Document Intelligence — Dashboard — Verify Document — Plain Extraction — Golden Record — Document Linking — Transactions — API Playground — Settings — About — Collapse menu — AI DOCUMENT VERIFICATION ENGINE — Plain extraction — Backend online — AE — TRANSACTION COMPLETE — Pipeline failure result — TXN-20260831-3803134153 — Copy ID — New submission — PIPELINE FAILURE · DOCUMENT_TYPE_MISMATCH — Document type mismatch — Requested document type: — Expected document — Marksheet 12th — Detected document — UNKOWN_DOCUMENT — Overview — Raw JSON — OVERALL VERDICT — FAILED — SUCCESS — DOCUMENT TYPE — Marksheet 12thProcessing time not returned — QR CODE RESULTS — No QR code detected. QR presence is optional and does not indicate document validity.
2026-08-31 12:25:58,763  [INFO    ]  result_parser - Verdict: FAILED (Pipeline Failure banner detected: VERIFAI — Document Intelligence — Dashboard — Verify Document — Plain Extraction — Golden Record — Document Linking — Transactions — API Playground — Settings — About — Collapse menu — AI DOCUMENT VERIFICATION ENGINE — Plain extraction — Backend online — AE — TRANSACTION COMPLETE — Pipeline failure result — TXN-20260831-3803134153 — Copy ID — New submission — PIPELINE FAILURE · DOCUMENT_TYPE_MISMATCH — Document type mismatch — Requested document type: — Expected document — Marksheet 12th — Detec)
2026-08-31 12:25:59,231  [WARNING ]  input_tracker - Could not save input_map.xlsx — it may be open in Excel. Close the file and the status will update on next write.
2026-08-31 12:25:59,231  [INFO    ]  main - [FAIL] Document11_244_page_1.png: FAILED (42.6s)
2026-08-31 12:25:59,231  [INFO    ]  doc_uploader - Resetting form for next submission...
2026-08-31 12:26:01,151  [INFO    ]  doc_uploader - New submission clicked — form reset.
2026-08-31 12:26:01,168  [INFO    ]  doc_uploader - Upload form is ready for next document.
2026-08-31 12:26:01,168  [INFO    ]  main - 
[8/30] D:\ai_doc_automation\Test Data\Income Certificate for Testing\IncomeCertificate_471_page_0.png
2026-08-31 12:26:01,168  [INFO    ]  main - ============================================================
2026-08-31 12:26:01,168  [INFO    ]  main - Processing [8/30]: IncomeCertificate_471_page_0.png  |  Income Certificate  |  Attempt 1
2026-08-31 12:26:01,168  [INFO    ]  main - ============================================================
2026-08-31 12:26:01,168  [WARNING ]  input_tracker - Could not save input_map.xlsx — it may be open in Excel. Close the file and the status will update on next write.
2026-08-31 12:26:01,168  [INFO    ]  doc_uploader - Pre-upload check: expecting REJECT for IncomeCertificate_471_page_0.png — File size 8.81MB exceeds 5MB limit
2026-08-31 12:26:01,168  [INFO    ]  doc_uploader - Selecting document type: 'Income Certificate'
2026-08-31 12:26:01,242  [INFO    ]  doc_uploader - Selected by visible text: 'Income Certificate'
2026-08-31 12:26:01,242  [INFO    ]  doc_uploader - Ensuring 'Plain extraction' is selected...
2026-08-31 12:26:06,636  [INFO    ]  doc_uploader - Clicked Plain extraction text element.
2026-08-31 12:26:06,638  [INFO    ]  doc_uploader - Uploading file: D:\ai_doc_automation\Test Data\Income Certificate for Testing\IncomeCertificate_471_page_0.png
2026-08-31 12:26:06,640  [INFO    ]  doc_uploader - File input found via JS querySelector.
2026-08-31 12:26:17,103  [INFO    ]  doc_uploader - Upload preview ready (submit button visible).
2026-08-31 12:26:17,103  [INFO    ]  doc_uploader - File uploaded successfully.
2026-08-31 12:26:17,103  [INFO    ]  doc_uploader - Pre-submit verification...
2026-08-31 12:26:17,198  [INFO    ]  doc_uploader - Clicking 'Submit to engine'...
2026-08-31 12:26:17,571  [INFO    ]  doc_uploader - Submitted to engine. Waiting for result...
2026-08-31 12:26:17,571  [INFO    ]  doc_uploader - Waiting for engine result (timeout=90s)...
2026-08-31 12:26:29,096  [WARNING ]  doc_uploader - Upload error detected via XPath: Upload a JPEG, PNG, WebP, or PDF document up to 5 MB.
2026-08-31 12:26:29,096  [WARNING ]  doc_uploader - Upload rejection banner detected during wait: Upload a JPEG, PNG, WebP, or PDF document up to 5 MB.
2026-08-31 12:26:29,096  [WARNING ]  main - File upload rejected for IncomeCertificate_471_page_0.png: Upload a JPEG, PNG, WebP, or PDF document up to 5 MB.
2026-08-31 12:26:29,241  [INFO    ]  doc_uploader - Screenshot saved: D:\ai_doc_automation\output\screenshots\20260831_122629_upload_rejected_IncomeCertificate_471_page_0.png.png
2026-08-31 12:26:29,587  [WARNING ]  input_tracker - Could not save input_map.xlsx — it may be open in Excel. Close the file and the status will update on next write.
2026-08-31 12:26:29,587  [INFO    ]  main - [FAIL] IncomeCertificate_471_page_0.png: FAILED (27.9s)
2026-08-31 12:26:29,587  [INFO    ]  doc_uploader - Resetting form for next submission...
2026-08-31 12:26:40,166  [INFO    ]  doc_uploader - Navigating to Verify Document page to reset form.
2026-08-31 12:26:40,166  [INFO    ]  doc_uploader - Navigating to 'Verify Document' page...
2026-08-31 12:26:42,064  [INFO    ]  doc_uploader - On Verify Document page.
2026-08-31 12:26:42,087  [INFO    ]  doc_uploader - Upload form is ready for next document.
2026-08-31 12:26:42,087  [INFO    ]  main - 
[9/30] D:\ai_doc_automation\Test Data\Income Certificate for Testing\IncomeCertificate_472_page_0.png
2026-08-31 12:26:42,087  [INFO    ]  main - ============================================================
2026-08-31 12:26:42,087  [INFO    ]  main - Processing [9/30]: IncomeCertificate_472_page_0.png  |  Income Certificate  |  Attempt 1
2026-08-31 12:26:42,087  [INFO    ]  main - ============================================================
2026-08-31 12:26:42,087  [WARNING ]  input_tracker - Could not save input_map.xlsx — it may be open in Excel. Close the file and the status will update on next write.
2026-08-31 12:26:42,087  [INFO    ]  doc_uploader - Pre-upload check: expecting REJECT for IncomeCertificate_472_page_0.png — File size 9.84MB exceeds 5MB limit
2026-08-31 12:26:42,087  [INFO    ]  doc_uploader - Selecting document type: 'Income Certificate'
2026-08-31 12:26:42,175  [INFO    ]  doc_uploader - Selected by visible text: 'Income Certificate'
2026-08-31 12:26:42,175  [INFO    ]  doc_uploader - Ensuring 'Plain extraction' is selected...
2026-08-31 12:26:47,615  [INFO    ]  doc_uploader - Clicked Plain extraction text element.
2026-08-31 12:26:47,615  [INFO    ]  doc_uploader - Uploading file: D:\ai_doc_automation\Test Data\Income Certificate for Testing\IncomeCertificate_472_page_0.png
2026-08-31 12:26:47,615  [INFO    ]  doc_uploader - File input found via JS querySelector.
2026-08-31 12:26:58,069  [INFO    ]  doc_uploader - Upload preview ready (submit button visible).
2026-08-31 12:26:58,069  [INFO    ]  doc_uploader - File uploaded successfully.
2026-08-31 12:26:58,069  [INFO    ]  doc_uploader - Pre-submit verification...
2026-08-31 12:26:58,127  [WARNING ]  doc_uploader - Dropdown mismatch! Expected 'Income Certificate', found 'Aadhaar Card'. Re-selecting.
2026-08-31 12:26:58,127  [INFO    ]  doc_uploader - Selecting document type: 'Income Certificate'
2026-08-31 12:26:58,191  [INFO    ]  doc_uploader - Selected by visible text: 'Income Certificate'
2026-08-31 12:26:58,192  [INFO    ]  doc_uploader - Clicking 'Submit to engine'...
2026-08-31 12:26:58,565  [INFO    ]  doc_uploader - Submitted to engine. Waiting for result...
2026-08-31 12:26:58,565  [INFO    ]  doc_uploader - Waiting for engine result (timeout=90s)...
2026-08-31 12:27:03,637  [WARNING ]  doc_uploader - Upload error detected via JS: Upload a JPEG, PNG, WebP, or PDF document up to 5 MB.
2026-08-31 12:27:03,637  [WARNING ]  doc_uploader - Upload rejection banner detected during wait: Upload a JPEG, PNG, WebP, or PDF document up to 5 MB.
2026-08-31 12:27:03,637  [WARNING ]  main - File upload rejected for IncomeCertificate_472_page_0.png: Upload a JPEG, PNG, WebP, or PDF document up to 5 MB.
2026-08-31 12:27:03,791  [INFO    ]  doc_uploader - Screenshot saved: D:\ai_doc_automation\output\screenshots\20260831_122703_upload_rejected_IncomeCertificate_472_page_0.png.png
2026-08-31 12:27:04,176  [WARNING ]  input_tracker - Could not save input_map.xlsx — it may be open in Excel. Close the file and the status will update on next write.
2026-08-31 12:27:04,176  [INFO    ]  main - [FAIL] IncomeCertificate_472_page_0.png: FAILED (21.5s)
2026-08-31 12:27:04,176  [INFO    ]  doc_uploader - Resetting form for next submission...
2026-08-31 12:27:14,740  [INFO    ]  doc_uploader - Navigating to Verify Document page to reset form.
2026-08-31 12:27:14,740  [INFO    ]  doc_uploader - Navigating to 'Verify Document' page...
2026-08-31 12:27:16,640  [INFO    ]  doc_uploader - On Verify Document page.
2026-08-31 12:27:16,656  [INFO    ]  doc_uploader - Upload form is ready for next document.
2026-08-31 12:27:16,656  [INFO    ]  main - 
[10/30] D:\ai_doc_automation\Test Data\Income Certificate for Testing\IncomeCertificate_473_page_0.png
2026-08-31 12:27:16,656  [INFO    ]  main - ============================================================
2026-08-31 12:27:16,656  [INFO    ]  main - Processing [10/30]: IncomeCertificate_473_page_0.png  |  Income Certificate  |  Attempt 1
2026-08-31 12:27:16,656  [INFO    ]  main - ============================================================
2026-08-31 12:27:16,656  [WARNING ]  input_tracker - Could not save input_map.xlsx — it may be open in Excel. Close the file and the status will update on next write.
2026-08-31 12:27:16,656  [INFO    ]  doc_uploader - Pre-upload check: expecting REJECT for IncomeCertificate_473_page_0.png — File size 9.99MB exceeds 5MB limit
2026-08-31 12:27:16,656  [INFO    ]  doc_uploader - Selecting document type: 'Income Certificate'
2026-08-31 12:27:16,731  [INFO    ]  doc_uploader - Selected by visible text: 'Income Certificate'
2026-08-31 12:27:16,731  [INFO    ]  doc_uploader - Ensuring 'Plain extraction' is selected...
2026-08-31 12:27:22,125  [INFO    ]  doc_uploader - Clicked Plain extraction text element.
2026-08-31 12:27:22,125  [INFO    ]  doc_uploader - Uploading file: D:\ai_doc_automation\Test Data\Income Certificate for Testing\IncomeCertificate_473_page_0.png
2026-08-31 12:27:22,125  [INFO    ]  doc_uploader - File input found via JS querySelector.
2026-08-31 12:27:32,561  [INFO    ]  doc_uploader - Upload preview ready (submit button visible).
2026-08-31 12:27:32,561  [INFO    ]  doc_uploader - File uploaded successfully.
2026-08-31 12:27:32,561  [INFO    ]  doc_uploader - Pre-submit verification...
2026-08-31 12:27:32,622  [WARNING ]  doc_uploader - Dropdown mismatch! Expected 'Income Certificate', found 'Aadhaar Card'. Re-selecting.
2026-08-31 12:27:32,622  [INFO    ]  doc_uploader - Selecting document type: 'Income Certificate'
2026-08-31 12:27:32,708  [INFO    ]  doc_uploader - Selected by visible text: 'Income Certificate'
2026-08-31 12:27:32,709  [INFO    ]  doc_uploader - Clicking 'Submit to engine'...
2026-08-31 12:27:33,232  [INFO    ]  doc_uploader - Submitted to engine. Waiting for result...
2026-08-31 12:27:33,232  [INFO    ]  doc_uploader - Waiting for engine result (timeout=90s)...
2026-08-31 12:27:38,319  [WARNING ]  doc_uploader - Upload error detected via JS: Upload a JPEG, PNG, WebP, or PDF document up to 5 MB.
2026-08-31 12:27:38,319  [WARNING ]  doc_uploader - Upload rejection banner detected during wait: Upload a JPEG, PNG, WebP, or PDF document up to 5 MB.
2026-08-31 12:27:38,319  [WARNING ]  main - File upload rejected for IncomeCertificate_473_page_0.png: Upload a JPEG, PNG, WebP, or PDF document up to 5 MB.
2026-08-31 12:27:38,474  [INFO    ]  doc_uploader - Screenshot saved: D:\ai_doc_automation\output\screenshots\20260831_122738_upload_rejected_IncomeCertificate_473_page_0.png.png
2026-08-31 12:27:38,870  [WARNING ]  input_tracker - Could not save input_map.xlsx — it may be open in Excel. Close the file and the status will update on next write.
2026-08-31 12:27:38,870  [INFO    ]  main - [FAIL] IncomeCertificate_473_page_0.png: FAILED (21.7s)
2026-08-31 12:27:38,871  [INFO    ]  doc_uploader - Resetting form for next submission...
2026-08-31 12:27:49,443  [INFO    ]  doc_uploader - Navigating to Verify Document page to reset form.
2026-08-31 12:27:49,443  [INFO    ]  doc_uploader - Navigating to 'Verify Document' page...
2026-08-31 12:27:51,330  [INFO    ]  doc_uploader - On Verify Document page.
2026-08-31 12:27:51,351  [INFO    ]  doc_uploader - Upload form is ready for next document.
2026-08-31 12:27:51,351  [INFO    ]  main - 
[11/30] D:\ai_doc_automation\Test Data\Income Certificate for Testing\IncomeCertificate_474_page_0.png
2026-08-31 12:27:51,352  [INFO    ]  main - ============================================================
2026-08-31 12:27:51,352  [INFO    ]  main - Processing [11/30]: IncomeCertificate_474_page_0.png  |  Income Certificate  |  Attempt 1
2026-08-31 12:27:51,353  [INFO    ]  main - ============================================================
2026-08-31 12:27:51,354  [WARNING ]  input_tracker - Could not save input_map.xlsx — it may be open in Excel. Close the file and the status will update on next write.
2026-08-31 12:27:51,354  [INFO    ]  doc_uploader - Pre-upload check: expecting REJECT for IncomeCertificate_474_page_0.png — File size 9.51MB exceeds 5MB limit
2026-08-31 12:27:51,354  [INFO    ]  doc_uploader - Selecting document type: 'Income Certificate'
2026-08-31 12:27:51,434  [INFO    ]  doc_uploader - Selected by visible text: 'Income Certificate'
2026-08-31 12:27:51,434  [INFO    ]  doc_uploader - Ensuring 'Plain extraction' is selected...
2026-08-31 12:27:56,842  [INFO    ]  doc_uploader - Clicked Plain extraction text element.
2026-08-31 12:27:56,844  [INFO    ]  doc_uploader - Uploading file: D:\ai_doc_automation\Test Data\Income Certificate for Testing\IncomeCertificate_474_page_0.png
2026-08-31 12:27:56,852  [INFO    ]  doc_uploader - File input found via JS querySelector.
2026-08-31 12:28:07,291  [INFO    ]  doc_uploader - Upload preview ready (submit button visible).
2026-08-31 12:28:07,292  [INFO    ]  doc_uploader - File uploaded successfully.
2026-08-31 12:28:07,292  [INFO    ]  doc_uploader - Pre-submit verification...
2026-08-31 12:28:07,344  [WARNING ]  doc_uploader - Dropdown mismatch! Expected 'Income Certificate', found 'Aadhaar Card'. Re-selecting.
2026-08-31 12:28:07,344  [INFO    ]  doc_uploader - Selecting document type: 'Income Certificate'
2026-08-31 12:28:07,419  [INFO    ]  doc_uploader - Selected by visible text: 'Income Certificate'
2026-08-31 12:28:07,419  [INFO    ]  doc_uploader - Clicking 'Submit to engine'...
2026-08-31 12:28:07,807  [INFO    ]  doc_uploader - Submitted to engine. Waiting for result...
2026-08-31 12:28:07,807  [INFO    ]  doc_uploader - Waiting for engine result (timeout=90s)...
2026-08-31 12:28:12,859  [WARNING ]  doc_uploader - Upload error detected via JS: Upload a JPEG, PNG, WebP, or PDF document up to 5 MB.
2026-08-31 12:28:12,861  [WARNING ]  doc_uploader - Upload rejection banner detected during wait: Upload a JPEG, PNG, WebP, or PDF document up to 5 MB.
2026-08-31 12:28:12,861  [WARNING ]  main - File upload rejected for IncomeCertificate_474_page_0.png: Upload a JPEG, PNG, WebP, or PDF document up to 5 MB.
2026-08-31 12:28:13,011  [INFO    ]  doc_uploader - Screenshot saved: D:\ai_doc_automation\output\screenshots\20260831_122812_upload_rejected_IncomeCertificate_474_page_0.png.png
2026-08-31 12:28:13,455  [WARNING ]  input_tracker - Could not save input_map.xlsx — it may be open in Excel. Close the file and the status will update on next write.
2026-08-31 12:28:13,455  [INFO    ]  main - [FAIL] IncomeCertificate_474_page_0.png: FAILED (21.5s)
2026-08-31 12:28:13,456  [INFO    ]  doc_uploader - Resetting form for next submission...
2026-08-31 12:28:24,013  [INFO    ]  doc_uploader - Navigating to Verify Document page to reset form.
2026-08-31 12:28:24,013  [INFO    ]  doc_uploader - Navigating to 'Verify Document' page...
2026-08-31 12:28:25,908  [INFO    ]  doc_uploader - On Verify Document page.
2026-08-31 12:28:25,938  [INFO    ]  doc_uploader - Upload form is ready for next document.
2026-08-31 12:28:25,939  [INFO    ]  main - 
[12/30] D:\ai_doc_automation\Test Data\Income Certificate for Testing\IncomeCertificate_516_page_0.png
2026-08-31 12:28:25,939  [INFO    ]  main - ============================================================
2026-08-31 12:28:25,939  [INFO    ]  main - Processing [12/30]: IncomeCertificate_516_page_0.png  |  Income Certificate  |  Attempt 1
2026-08-31 12:28:25,939  [INFO    ]  main - ============================================================
2026-08-31 12:28:25,941  [WARNING ]  input_tracker - Could not save input_map.xlsx — it may be open in Excel. Close the file and the status will update on next write.
2026-08-31 12:28:25,941  [INFO    ]  doc_uploader - Pre-upload check: expecting REJECT for IncomeCertificate_516_page_0.png — File size 9.56MB exceeds 5MB limit
2026-08-31 12:28:25,941  [INFO    ]  doc_uploader - Selecting document type: 'Income Certificate'
2026-08-31 12:28:26,042  [INFO    ]  doc_uploader - Selected by visible text: 'Income Certificate'
2026-08-31 12:28:26,042  [INFO    ]  doc_uploader - Ensuring 'Plain extraction' is selected...
2026-08-31 12:28:31,467  [INFO    ]  doc_uploader - Clicked Plain extraction text element.
2026-08-31 12:28:31,468  [INFO    ]  doc_uploader - Uploading file: D:\ai_doc_automation\Test Data\Income Certificate for Testing\IncomeCertificate_516_page_0.png
2026-08-31 12:28:31,476  [INFO    ]  doc_uploader - File input found via JS querySelector.
2026-08-31 12:28:41,930  [INFO    ]  doc_uploader - Upload preview ready (submit button visible).
2026-08-31 12:28:41,931  [INFO    ]  doc_uploader - File uploaded successfully.
2026-08-31 12:28:41,931  [INFO    ]  doc_uploader - Pre-submit verification...
2026-08-31 12:28:41,982  [WARNING ]  doc_uploader - Dropdown mismatch! Expected 'Income Certificate', found 'Aadhaar Card'. Re-selecting.
2026-08-31 12:28:41,982  [INFO    ]  doc_uploader - Selecting document type: 'Income Certificate'
2026-08-31 12:28:42,061  [INFO    ]  doc_uploader - Selected by visible text: 'Income Certificate'
2026-08-31 12:28:42,061  [INFO    ]  doc_uploader - Clicking 'Submit to engine'...
2026-08-31 12:28:42,445  [INFO    ]  doc_uploader - Submitted to engine. Waiting for result...
2026-08-31 12:28:42,445  [INFO    ]  doc_uploader - Waiting for engine result (timeout=90s)...
2026-08-31 12:28:47,540  [WARNING ]  doc_uploader - Upload error detected via JS: Upload a JPEG, PNG, WebP, or PDF document up to 5 MB.
2026-08-31 12:28:47,540  [WARNING ]  doc_uploader - Upload rejection banner detected during wait: Upload a JPEG, PNG, WebP, or PDF document up to 5 MB.
2026-08-31 12:28:47,540  [WARNING ]  main - File upload rejected for IncomeCertificate_516_page_0.png: Upload a JPEG, PNG, WebP, or PDF document up to 5 MB.
2026-08-31 12:28:47,688  [INFO    ]  doc_uploader - Screenshot saved: D:\ai_doc_automation\output\screenshots\20260831_122847_upload_rejected_IncomeCertificate_516_page_0.png.png
2026-08-31 12:28:48,121  [WARNING ]  input_tracker - Could not save input_map.xlsx — it may be open in Excel. Close the file and the status will update on next write.
2026-08-31 12:28:48,121  [INFO    ]  main - [FAIL] IncomeCertificate_516_page_0.png: FAILED (21.6s)
2026-08-31 12:28:48,121  [INFO    ]  doc_uploader - Resetting form for next submission...
2026-08-31 12:28:58,709  [INFO    ]  doc_uploader - Navigating to Verify Document page to reset form.
2026-08-31 12:28:58,709  [INFO    ]  doc_uploader - Navigating to 'Verify Document' page...
2026-08-31 12:29:00,613  [INFO    ]  doc_uploader - On Verify Document page.
2026-08-31 12:29:00,640  [INFO    ]  doc_uploader - Upload form is ready for next document.
2026-08-31 12:29:00,640  [INFO    ]  main - 
[13/30] D:\ai_doc_automation\Test Data\Income Certificate for Testing\IncomeCertificate_517_page_0.png
2026-08-31 12:29:00,641  [INFO    ]  main - ============================================================
2026-08-31 12:29:00,641  [INFO    ]  main - Processing [13/30]: IncomeCertificate_517_page_0.png  |  Income Certificate  |  Attempt 1
2026-08-31 12:29:00,641  [INFO    ]  main - ============================================================
2026-08-31 12:29:00,643  [WARNING ]  input_tracker - Could not save input_map.xlsx — it may be open in Excel. Close the file and the status will update on next write.
2026-08-31 12:29:00,644  [INFO    ]  doc_uploader - Pre-upload check: expecting REJECT for IncomeCertificate_517_page_0.png — File size 7.83MB exceeds 5MB limit
2026-08-31 12:29:00,645  [INFO    ]  doc_uploader - Selecting document type: 'Income Certificate'
2026-08-31 12:29:00,729  [INFO    ]  doc_uploader - Selected by visible text: 'Income Certificate'
2026-08-31 12:29:00,729  [INFO    ]  doc_uploader - Ensuring 'Plain extraction' is selected...
2026-08-31 12:29:06,280  [INFO    ]  doc_uploader - Clicked Plain extraction text element.
2026-08-31 12:29:06,283  [INFO    ]  doc_uploader - Uploading file: D:\ai_doc_automation\Test Data\Income Certificate for Testing\IncomeCertificate_517_page_0.png
2026-08-31 12:29:06,290  [INFO    ]  doc_uploader - File input found via JS querySelector.
2026-08-31 12:29:16,705  [INFO    ]  doc_uploader - Upload preview ready (submit button visible).
2026-08-31 12:29:16,705  [INFO    ]  doc_uploader - File uploaded successfully.
2026-08-31 12:29:16,705  [INFO    ]  doc_uploader - Pre-submit verification...
2026-08-31 12:29:16,755  [WARNING ]  doc_uploader - Dropdown mismatch! Expected 'Income Certificate', found 'Aadhaar Card'. Re-selecting.
2026-08-31 12:29:16,755  [INFO    ]  doc_uploader - Selecting document type: 'Income Certificate'
2026-08-31 12:29:16,830  [INFO    ]  doc_uploader - Selected by visible text: 'Income Certificate'
2026-08-31 12:29:16,830  [INFO    ]  doc_uploader - Clicking 'Submit to engine'...
2026-08-31 12:29:17,227  [INFO    ]  doc_uploader - Submitted to engine. Waiting for result...
2026-08-31 12:29:17,228  [INFO    ]  doc_uploader - Waiting for engine result (timeout=90s)...
2026-08-31 12:29:22,321  [WARNING ]  doc_uploader - Upload error detected via JS: Upload a JPEG, PNG, WebP, or PDF document up to 5 MB.
2026-08-31 12:29:22,321  [WARNING ]  doc_uploader - Upload rejection banner detected during wait: Upload a JPEG, PNG, WebP, or PDF document up to 5 MB.
2026-08-31 12:29:22,321  [WARNING ]  main - File upload rejected for IncomeCertificate_517_page_0.png: Upload a JPEG, PNG, WebP, or PDF document up to 5 MB.
2026-08-31 12:29:22,472  [INFO    ]  doc_uploader - Screenshot saved: D:\ai_doc_automation\output\screenshots\20260831_122922_upload_rejected_IncomeCertificate_517_page_0.png.png
2026-08-31 12:29:22,894  [WARNING ]  input_tracker - Could not save input_map.xlsx — it may be open in Excel. Close the file and the status will update on next write.
2026-08-31 12:29:22,894  [INFO    ]  main - [FAIL] IncomeCertificate_517_page_0.png: FAILED (21.7s)
2026-08-31 12:29:22,894  [INFO    ]  doc_uploader - Resetting form for next submission...
2026-08-31 12:29:33,437  [INFO    ]  doc_uploader - Navigating to Verify Document page to reset form.
2026-08-31 12:29:33,437  [INFO    ]  doc_uploader - Navigating to 'Verify Document' page...
2026-08-31 12:29:35,327  [INFO    ]  doc_uploader - On Verify Document page.
2026-08-31 12:29:35,348  [INFO    ]  doc_uploader - Upload form is ready for next document.
2026-08-31 12:29:35,348  [INFO    ]  main - 
[14/30] D:\ai_doc_automation\Test Data\Income Certificate for Testing\IncomeCertificate_518_page_0.png
2026-08-31 12:29:35,349  [INFO    ]  main - ============================================================
2026-08-31 12:29:35,349  [INFO    ]  main - Processing [14/30]: IncomeCertificate_518_page_0.png  |  Income Certificate  |  Attempt 1
2026-08-31 12:29:35,349  [INFO    ]  main - ============================================================
2026-08-31 12:29:35,351  [WARNING ]  input_tracker - Could not save input_map.xlsx — it may be open in Excel. Close the file and the status will update on next write.
2026-08-31 12:29:35,351  [INFO    ]  doc_uploader - Pre-upload check: expecting REJECT for IncomeCertificate_518_page_0.png — File size 7.69MB exceeds 5MB limit
2026-08-31 12:29:35,351  [INFO    ]  doc_uploader - Selecting document type: 'Income Certificate'
2026-08-31 12:29:35,435  [INFO    ]  doc_uploader - Selected by visible text: 'Income Certificate'
2026-08-31 12:29:35,438  [INFO    ]  doc_uploader - Ensuring 'Plain extraction' is selected...
2026-08-31 12:29:40,886  [INFO    ]  doc_uploader - Clicked Plain extraction text element.
2026-08-31 12:29:40,887  [INFO    ]  doc_uploader - Uploading file: D:\ai_doc_automation\Test Data\Income Certificate for Testing\IncomeCertificate_518_page_0.png
2026-08-31 12:29:40,896  [INFO    ]  doc_uploader - File input found via JS querySelector.
2026-08-31 12:29:51,298  [INFO    ]  doc_uploader - Upload preview ready (submit button visible).
2026-08-31 12:29:51,298  [INFO    ]  doc_uploader - File uploaded successfully.
2026-08-31 12:29:51,298  [INFO    ]  doc_uploader - Pre-submit verification...
2026-08-31 12:29:51,350  [WARNING ]  doc_uploader - Dropdown mismatch! Expected 'Income Certificate', found 'Aadhaar Card'. Re-selecting.
2026-08-31 12:29:51,351  [INFO    ]  doc_uploader - Selecting document type: 'Income Certificate'
2026-08-31 12:29:51,421  [INFO    ]  doc_uploader - Selected by visible text: 'Income Certificate'
2026-08-31 12:29:51,422  [INFO    ]  doc_uploader - Clicking 'Submit to engine'...
2026-08-31 12:29:51,809  [INFO    ]  doc_uploader - Submitted to engine. Waiting for result...
2026-08-31 12:29:51,809  [INFO    ]  doc_uploader - Waiting for engine result (timeout=90s)...
2026-08-31 12:29:56,886  [WARNING ]  doc_uploader - Upload error detected via JS: Upload a JPEG, PNG, WebP, or PDF document up to 5 MB.
2026-08-31 12:29:56,887  [WARNING ]  doc_uploader - Upload rejection banner detected during wait: Upload a JPEG, PNG, WebP, or PDF document up to 5 MB.
2026-08-31 12:29:56,887  [WARNING ]  main - File upload rejected for IncomeCertificate_518_page_0.png: Upload a JPEG, PNG, WebP, or PDF document up to 5 MB.
2026-08-31 12:29:57,030  [INFO    ]  doc_uploader - Screenshot saved: D:\ai_doc_automation\output\screenshots\20260831_122956_upload_rejected_IncomeCertificate_518_page_0.png.png
2026-08-31 12:29:57,570  [WARNING ]  input_tracker - Could not save input_map.xlsx — it may be open in Excel. Close the file and the status will update on next write.
2026-08-31 12:29:57,571  [INFO    ]  main - [FAIL] IncomeCertificate_518_page_0.png: FAILED (21.5s)
2026-08-31 12:29:57,571  [INFO    ]  doc_uploader - Resetting form for next submission...
2026-08-31 12:30:08,144  [INFO    ]  doc_uploader - Navigating to Verify Document page to reset form.
2026-08-31 12:30:08,144  [INFO    ]  doc_uploader - Navigating to 'Verify Document' page...
2026-08-31 12:30:10,040  [INFO    ]  doc_uploader - On Verify Document page.
2026-08-31 12:30:10,158  [INFO    ]  doc_uploader - Upload form is ready for next document.
2026-08-31 12:30:10,159  [INFO    ]  main - 
[15/30] D:\ai_doc_automation\Test Data\Income Certificate for Testing\IncomeCertificate_527_page_0.png
2026-08-31 12:30:10,159  [INFO    ]  main - ============================================================
2026-08-31 12:30:10,160  [INFO    ]  main - Processing [15/30]: IncomeCertificate_527_page_0.png  |  Income Certificate  |  Attempt 1
2026-08-31 12:30:10,160  [INFO    ]  main - ============================================================
2026-08-31 12:30:10,161  [WARNING ]  input_tracker - Could not save input_map.xlsx — it may be open in Excel. Close the file and the status will update on next write.
2026-08-31 12:30:10,162  [INFO    ]  doc_uploader - Pre-upload check: expecting REJECT for IncomeCertificate_527_page_0.png — File size 8.08MB exceeds 5MB limit
2026-08-31 12:30:10,162  [INFO    ]  doc_uploader - Selecting document type: 'Income Certificate'
2026-08-31 12:30:10,281  [INFO    ]  doc_uploader - Selected by visible text: 'Income Certificate'
2026-08-31 12:30:10,281  [INFO    ]  doc_uploader - Ensuring 'Plain extraction' is selected...
2026-08-31 12:30:15,743  [INFO    ]  doc_uploader - Clicked Plain extraction text element.
2026-08-31 12:30:15,744  [INFO    ]  doc_uploader - Uploading file: D:\ai_doc_automation\Test Data\Income Certificate for Testing\IncomeCertificate_527_page_0.png
2026-08-31 12:30:15,754  [INFO    ]  doc_uploader - File input found via JS querySelector.
2026-08-31 12:30:26,213  [INFO    ]  doc_uploader - Upload preview ready (submit button visible).
2026-08-31 12:30:26,214  [INFO    ]  doc_uploader - File uploaded successfully.
2026-08-31 12:30:26,214  [INFO    ]  doc_uploader - Pre-submit verification...
2026-08-31 12:30:26,272  [WARNING ]  doc_uploader - Dropdown mismatch! Expected 'Income Certificate', found 'Aadhaar Card'. Re-selecting.
2026-08-31 12:30:26,273  [INFO    ]  doc_uploader - Selecting document type: 'Income Certificate'
2026-08-31 12:30:26,344  [INFO    ]  doc_uploader - Selected by visible text: 'Income Certificate'
2026-08-31 12:30:26,345  [INFO    ]  doc_uploader - Clicking 'Submit to engine'...
2026-08-31 12:30:26,730  [INFO    ]  doc_uploader - Submitted to engine. Waiting for result...
2026-08-31 12:30:26,731  [INFO    ]  doc_uploader - Waiting for engine result (timeout=90s)...
2026-08-31 12:30:31,833  [WARNING ]  doc_uploader - Upload error detected via JS: Upload a JPEG, PNG, WebP, or PDF document up to 5 MB.
2026-08-31 12:30:31,833  [WARNING ]  doc_uploader - Upload rejection banner detected during wait: Upload a JPEG, PNG, WebP, or PDF document up to 5 MB.
2026-08-31 12:30:31,833  [WARNING ]  main - File upload rejected for IncomeCertificate_527_page_0.png: Upload a JPEG, PNG, WebP, or PDF document up to 5 MB.
2026-08-31 12:30:31,973  [INFO    ]  doc_uploader - Screenshot saved: D:\ai_doc_automation\output\screenshots\20260831_123031_upload_rejected_IncomeCertificate_527_page_0.png.png
2026-08-31 12:30:32,415  [WARNING ]  input_tracker - Could not save input_map.xlsx — it may be open in Excel. Close the file and the status will update on next write.
2026-08-31 12:30:32,415  [INFO    ]  main - [FAIL] IncomeCertificate_527_page_0.png: FAILED (21.7s)
2026-08-31 12:30:32,415  [INFO    ]  doc_uploader - Resetting form for next submission...
2026-08-31 12:30:42,994  [INFO    ]  doc_uploader - Navigating to Verify Document page to reset form.
2026-08-31 12:30:42,994  [INFO    ]  doc_uploader - Navigating to 'Verify Document' page...
2026-08-31 12:30:44,875  [INFO    ]  doc_uploader - On Verify Document page.
2026-08-31 12:30:44,899  [INFO    ]  doc_uploader - Upload form is ready for next document.
2026-08-31 12:30:44,900  [INFO    ]  main - 
[16/30] D:\ai_doc_automation\Test Data\Income Certificate for Testing\IncomeCertificate_530_page_0.png
2026-08-31 12:30:44,900  [INFO    ]  main - ============================================================
2026-08-31 12:30:44,900  [INFO    ]  main - Processing [16/30]: IncomeCertificate_530_page_0.png  |  Income Certificate  |  Attempt 1
2026-08-31 12:30:44,900  [INFO    ]  main - ============================================================
2026-08-31 12:30:44,902  [WARNING ]  input_tracker - Could not save input_map.xlsx — it may be open in Excel. Close the file and the status will update on next write.
2026-08-31 12:30:44,902  [INFO    ]  doc_uploader - Pre-upload check: expecting REJECT for IncomeCertificate_530_page_0.png — File size 8.49MB exceeds 5MB limit
2026-08-31 12:30:44,902  [INFO    ]  doc_uploader - Selecting document type: 'Income Certificate'
2026-08-31 12:30:44,987  [INFO    ]  doc_uploader - Selected by visible text: 'Income Certificate'
2026-08-31 12:30:44,987  [INFO    ]  doc_uploader - Ensuring 'Plain extraction' is selected...
2026-08-31 12:30:50,424  [INFO    ]  doc_uploader - Clicked Plain extraction text element.
2026-08-31 12:30:50,425  [INFO    ]  doc_uploader - Uploading file: D:\ai_doc_automation\Test Data\Income Certificate for Testing\IncomeCertificate_530_page_0.png
2026-08-31 12:30:50,433  [INFO    ]  doc_uploader - File input found via JS querySelector.
2026-08-31 12:31:00,907  [INFO    ]  doc_uploader - Upload preview ready (submit button visible).
2026-08-31 12:31:00,907  [INFO    ]  doc_uploader - File uploaded successfully.
2026-08-31 12:31:00,908  [INFO    ]  doc_uploader - Pre-submit verification...
2026-08-31 12:31:00,954  [WARNING ]  doc_uploader - Dropdown mismatch! Expected 'Income Certificate', found 'Aadhaar Card'. Re-selecting.
2026-08-31 12:31:00,954  [INFO    ]  doc_uploader - Selecting document type: 'Income Certificate'
2026-08-31 12:31:01,020  [INFO    ]  doc_uploader - Selected by visible text: 'Income Certificate'
2026-08-31 12:31:01,021  [INFO    ]  doc_uploader - Clicking 'Submit to engine'...
2026-08-31 12:31:01,425  [INFO    ]  doc_uploader - Submitted to engine. Waiting for result...
2026-08-31 12:31:01,425  [INFO    ]  doc_uploader - Waiting for engine result (timeout=90s)...
2026-08-31 12:31:06,484  [WARNING ]  doc_uploader - Upload error detected via JS: Upload a JPEG, PNG, WebP, or PDF document up to 5 MB.
2026-08-31 12:31:06,486  [WARNING ]  doc_uploader - Upload rejection banner detected during wait: Upload a JPEG, PNG, WebP, or PDF document up to 5 MB.
2026-08-31 12:31:06,486  [WARNING ]  main - File upload rejected for IncomeCertificate_530_page_0.png: Upload a JPEG, PNG, WebP, or PDF document up to 5 MB.
2026-08-31 12:31:06,661  [INFO    ]  doc_uploader - Screenshot saved: D:\ai_doc_automation\output\screenshots\20260831_123106_upload_rejected_IncomeCertificate_530_page_0.png.png
2026-08-31 12:31:07,107  [WARNING ]  input_tracker - Could not save input_map.xlsx — it may be open in Excel. Close the file and the status will update on next write.
2026-08-31 12:31:07,108  [INFO    ]  main - [FAIL] IncomeCertificate_530_page_0.png: FAILED (21.6s)
2026-08-31 12:31:07,108  [INFO    ]  doc_uploader - Resetting form for next submission...
2026-08-31 12:31:17,650  [INFO    ]  doc_uploader - Navigating to Verify Document page to reset form.
2026-08-31 12:31:17,650  [INFO    ]  doc_uploader - Navigating to 'Verify Document' page...
2026-08-31 12:31:19,534  [INFO    ]  doc_uploader - On Verify Document page.
2026-08-31 12:31:19,555  [INFO    ]  doc_uploader - Upload form is ready for next document.
2026-08-31 12:31:19,555  [INFO    ]  main - 
[17/30] D:\ai_doc_automation\Test Data\Income Certificate for Testing\IncomeCertificate_531_page_0.png
2026-08-31 12:31:19,557  [INFO    ]  main - ============================================================
2026-08-31 12:31:19,557  [INFO    ]  main - Processing [17/30]: IncomeCertificate_531_page_0.png  |  Income Certificate  |  Attempt 1
2026-08-31 12:31:19,558  [INFO    ]  main - ============================================================
2026-08-31 12:31:19,559  [WARNING ]  input_tracker - Could not save input_map.xlsx — it may be open in Excel. Close the file and the status will update on next write.
2026-08-31 12:31:19,560  [INFO    ]  doc_uploader - Pre-upload check: expecting REJECT for IncomeCertificate_531_page_0.png — File size 9.31MB exceeds 5MB limit
2026-08-31 12:31:19,560  [INFO    ]  doc_uploader - Selecting document type: 'Income Certificate'
2026-08-31 12:31:19,641  [INFO    ]  doc_uploader - Selected by visible text: 'Income Certificate'
2026-08-31 12:31:19,641  [INFO    ]  doc_uploader - Ensuring 'Plain extraction' is selected...
2026-08-31 12:31:25,098  [INFO    ]  doc_uploader - Clicked Plain extraction text element.
2026-08-31 12:31:25,100  [INFO    ]  doc_uploader - Uploading file: D:\ai_doc_automation\Test Data\Income Certificate for Testing\IncomeCertificate_531_page_0.png
2026-08-31 12:31:25,109  [INFO    ]  doc_uploader - File input found via JS querySelector.
2026-08-31 12:31:35,550  [INFO    ]  doc_uploader - Upload preview ready (submit button visible).
2026-08-31 12:31:35,550  [INFO    ]  doc_uploader - File uploaded successfully.
2026-08-31 12:31:35,550  [INFO    ]  doc_uploader - Pre-submit verification...
2026-08-31 12:31:35,629  [WARNING ]  doc_uploader - Dropdown mismatch! Expected 'Income Certificate', found 'Aadhaar Card'. Re-selecting.
2026-08-31 12:31:35,629  [INFO    ]  doc_uploader - Selecting document type: 'Income Certificate'
2026-08-31 12:31:35,711  [INFO    ]  doc_uploader - Selected by visible text: 'Income Certificate'
2026-08-31 12:31:35,712  [INFO    ]  doc_uploader - Clicking 'Submit to engine'...
2026-08-31 12:31:36,119  [INFO    ]  doc_uploader - Submitted to engine. Waiting for result...
2026-08-31 12:31:36,121  [INFO    ]  doc_uploader - Waiting for engine result (timeout=90s)...
2026-08-31 12:31:41,218  [WARNING ]  doc_uploader - Upload error detected via JS: Upload a JPEG, PNG, WebP, or PDF document up to 5 MB.
2026-08-31 12:31:41,219  [WARNING ]  doc_uploader - Upload rejection banner detected during wait: Upload a JPEG, PNG, WebP, or PDF document up to 5 MB.
2026-08-31 12:31:41,219  [WARNING ]  main - File upload rejected for IncomeCertificate_531_page_0.png: Upload a JPEG, PNG, WebP, or PDF document up to 5 MB.
2026-08-31 12:31:41,360  [INFO    ]  doc_uploader - Screenshot saved: D:\ai_doc_automation\output\screenshots\20260831_123141_upload_rejected_IncomeCertificate_531_page_0.png.png
2026-08-31 12:31:41,776  [WARNING ]  input_tracker - Could not save input_map.xlsx — it may be open in Excel. Close the file and the status will update on next write.
2026-08-31 12:31:41,776  [INFO    ]  main - [FAIL] IncomeCertificate_531_page_0.png: FAILED (21.7s)
2026-08-31 12:31:41,776  [INFO    ]  doc_uploader - Resetting form for next submission...
2026-08-31 12:31:52,316  [INFO    ]  doc_uploader - Navigating to Verify Document page to reset form.
2026-08-31 12:31:52,316  [INFO    ]  doc_uploader - Navigating to 'Verify Document' page...
2026-08-31 12:31:54,204  [INFO    ]  doc_uploader - On Verify Document page.
2026-08-31 12:31:54,228  [INFO    ]  doc_uploader - Upload form is ready for next document.
2026-08-31 12:31:54,230  [INFO    ]  main - 
[18/30] D:\ai_doc_automation\Test Data\Cast Certificate for Testing\CastCertificate_160_page_0.png
2026-08-31 12:31:54,230  [INFO    ]  main - ============================================================
2026-08-31 12:31:54,230  [INFO    ]  main - Processing [18/30]: CastCertificate_160_page_0.png  |  Caste Certificate  |  Attempt 1
2026-08-31 12:31:54,231  [INFO    ]  main - ============================================================
2026-08-31 12:31:54,232  [WARNING ]  input_tracker - Could not save input_map.xlsx — it may be open in Excel. Close the file and the status will update on next write.
2026-08-31 12:31:54,232  [INFO    ]  doc_uploader - Selecting document type: 'Caste Certificate'
2026-08-31 12:31:54,321  [INFO    ]  doc_uploader - Selected by visible text: 'Caste Certificate'
2026-08-31 12:31:54,321  [INFO    ]  doc_uploader - Ensuring 'Plain extraction' is selected...
2026-08-31 12:31:59,771  [INFO    ]  doc_uploader - Clicked Plain extraction text element.
2026-08-31 12:31:59,772  [INFO    ]  doc_uploader - Uploading file: D:\ai_doc_automation\Test Data\Cast Certificate for Testing\CastCertificate_160_page_0.png
2026-08-31 12:31:59,780  [INFO    ]  doc_uploader - File input found via JS querySelector.
2026-08-31 12:32:10,216  [INFO    ]  doc_uploader - Upload preview ready (submit button visible).
2026-08-31 12:32:10,216  [INFO    ]  doc_uploader - File uploaded successfully.
2026-08-31 12:32:10,218  [INFO    ]  doc_uploader - Pre-submit verification...
2026-08-31 12:32:10,267  [WARNING ]  doc_uploader - Dropdown mismatch! Expected 'Caste Certificate', found 'Aadhaar Card'. Re-selecting.
2026-08-31 12:32:10,267  [INFO    ]  doc_uploader - Selecting document type: 'Caste Certificate'
2026-08-31 12:32:10,342  [INFO    ]  doc_uploader - Selected by visible text: 'Caste Certificate'
2026-08-31 12:32:10,343  [INFO    ]  doc_uploader - Clicking 'Submit to engine'...
2026-08-31 12:32:10,726  [INFO    ]  doc_uploader - Submitted to engine. Waiting for result...
2026-08-31 12:32:10,727  [INFO    ]  doc_uploader - Waiting for engine result (timeout=90s)...
2026-08-31 12:32:35,961  [INFO    ]  doc_uploader - Result appeared after 25s.
2026-08-31 12:32:48,061  [INFO    ]  result_parser - Extraction tab not present — reading Overview for failure reason.
2026-08-31 12:32:48,169  [INFO    ]  doc_uploader - Screenshot saved: D:\ai_doc_automation\output\screenshots\20260831_123248_result_CastCertificate_160_page_0.png.png
2026-08-31 12:32:48,169  [INFO    ]  result_parser - Reading verdict from Overview tab...
2026-08-31 12:33:08,439  [INFO    ]  result_parser - Pipeline failure reason captured: VERIFAI — Document Intelligence — Dashboard — Verify Document — Plain Extraction — Golden Record — Document Linking — Transactions — API Playground — Settings — About — Collapse menu — AI DOCUMENT VERIFICATION ENGINE — Plain extraction — Backend online — AE — TRANSACTION COMPLETE — Pipeline failure result — TXN-20260831-5038932719 — Copy ID — New submission — PIPELINE FAILURE — Processing could not be completed — Decryption failed: fernet_key not present in Kafka payload — Overview — Raw JSON — OVERALL VERDICT — FAILED — SUCCESS — DOCUMENT TYPE — Unknown documentProcessing time not returned — QR CODE RESULTS — No QR code detected. QR presence is optional and does not indicate document validity.
2026-08-31 12:33:08,439  [INFO    ]  result_parser - Verdict: FAILED (Pipeline Failure banner detected: VERIFAI — Document Intelligence — Dashboard — Verify Document — Plain Extraction — Golden Record — Document Linking — Transactions — API Playground — Settings — About — Collapse menu — AI DOCUMENT VERIFICATION ENGINE — Plain extraction — Backend online — AE — TRANSACTION COMPLETE — Pipeline failure result — TXN-20260831-5038932719 — Copy ID — New submission — PIPELINE FAILURE — Processing could not be completed — Decryption failed: fernet_key not present in Kafka payload — Overview — Raw JSON — )
2026-08-31 12:33:08,844  [WARNING ]  input_tracker - Could not save input_map.xlsx — it may be open in Excel. Close the file and the status will update on next write.
2026-08-31 12:33:08,844  [INFO    ]  main - [FAIL] CastCertificate_160_page_0.png: FAILED (42.7s)
2026-08-31 12:33:08,844  [INFO    ]  doc_uploader - Resetting form for next submission...
2026-08-31 12:33:10,735  [INFO    ]  doc_uploader - New submission clicked — form reset.
2026-08-31 12:33:10,755  [INFO    ]  doc_uploader - Upload form is ready for next document.
2026-08-31 12:33:10,756  [INFO    ]  main - 
[19/30] D:\ai_doc_automation\Test Data\Cast Certificate for Testing\CastCertificate_173_page_0.png
2026-08-31 12:33:10,757  [INFO    ]  main - ============================================================
2026-08-31 12:33:10,757  [INFO    ]  main - Processing [19/30]: CastCertificate_173_page_0.png  |  Caste Certificate  |  Attempt 1
2026-08-31 12:33:10,757  [INFO    ]  main - ============================================================
2026-08-31 12:33:10,759  [WARNING ]  input_tracker - Could not save input_map.xlsx — it may be open in Excel. Close the file and the status will update on next write.
2026-08-31 12:33:10,759  [INFO    ]  doc_uploader - Pre-upload check: expecting REJECT for CastCertificate_173_page_0.png — File size 7.32MB exceeds 5MB limit
2026-08-31 12:33:10,761  [INFO    ]  doc_uploader - Selecting document type: 'Caste Certificate'
2026-08-31 12:33:10,799  [INFO    ]  doc_uploader - Selected by visible text: 'Caste Certificate'
2026-08-31 12:33:10,799  [INFO    ]  doc_uploader - Ensuring 'Plain extraction' is selected...
2026-08-31 12:33:16,204  [INFO    ]  doc_uploader - Clicked Plain extraction text element.
2026-08-31 12:33:16,205  [INFO    ]  doc_uploader - Uploading file: D:\ai_doc_automation\Test Data\Cast Certificate for Testing\CastCertificate_173_page_0.png
2026-08-31 12:33:16,211  [INFO    ]  doc_uploader - File input found via JS querySelector.
2026-08-31 12:33:26,769  [INFO    ]  doc_uploader - Upload preview ready (submit button visible).
2026-08-31 12:33:26,769  [INFO    ]  doc_uploader - File uploaded successfully.
2026-08-31 12:33:26,770  [INFO    ]  doc_uploader - Pre-submit verification...
2026-08-31 12:33:26,879  [INFO    ]  doc_uploader - Clicking 'Submit to engine'...
2026-08-31 12:33:27,282  [INFO    ]  doc_uploader - Submitted to engine. Waiting for result...
2026-08-31 12:33:27,282  [INFO    ]  doc_uploader - Waiting for engine result (timeout=90s)...
2026-08-31 12:33:32,389  [WARNING ]  doc_uploader - Upload error detected via JS: Upload a JPEG, PNG, WebP, or PDF document up to 5 MB.
2026-08-31 12:33:32,389  [WARNING ]  doc_uploader - Upload rejection banner detected during wait: Upload a JPEG, PNG, WebP, or PDF document up to 5 MB.
2026-08-31 12:33:32,390  [WARNING ]  main - File upload rejected for CastCertificate_173_page_0.png: Upload a JPEG, PNG, WebP, or PDF document up to 5 MB.
2026-08-31 12:33:32,537  [INFO    ]  doc_uploader - Screenshot saved: D:\ai_doc_automation\output\screenshots\20260831_123332_upload_rejected_CastCertificate_173_page_0.png.png
2026-08-31 12:33:32,953  [WARNING ]  input_tracker - Could not save input_map.xlsx — it may be open in Excel. Close the file and the status will update on next write.
2026-08-31 12:33:32,954  [INFO    ]  main - [FAIL] CastCertificate_173_page_0.png: FAILED (21.6s)
2026-08-31 12:33:32,954  [INFO    ]  doc_uploader - Resetting form for next submission...
2026-08-31 12:33:43,533  [INFO    ]  doc_uploader - Navigating to Verify Document page to reset form.
2026-08-31 12:33:43,533  [INFO    ]  doc_uploader - Navigating to 'Verify Document' page...
2026-08-31 12:33:45,424  [INFO    ]  doc_uploader - On Verify Document page.
2026-08-31 12:33:45,448  [INFO    ]  doc_uploader - Upload form is ready for next document.
2026-08-31 12:33:45,449  [INFO    ]  main - 
[20/30] D:\ai_doc_automation\Test Data\Cast Certificate for Testing\CastCertificate_174_page_0.png
2026-08-31 12:33:45,449  [INFO    ]  main - ============================================================
2026-08-31 12:33:45,449  [INFO    ]  main - Processing [20/30]: CastCertificate_174_page_0.png  |  Caste Certificate  |  Attempt 1
2026-08-31 12:33:45,449  [INFO    ]  main - ============================================================
2026-08-31 12:33:45,450  [WARNING ]  input_tracker - Could not save input_map.xlsx — it may be open in Excel. Close the file and the status will update on next write.
2026-08-31 12:33:45,451  [INFO    ]  doc_uploader - Pre-upload check: expecting REJECT for CastCertificate_174_page_0.png — File size 8.30MB exceeds 5MB limit
2026-08-31 12:33:45,451  [INFO    ]  doc_uploader - Selecting document type: 'Caste Certificate'
2026-08-31 12:33:45,536  [INFO    ]  doc_uploader - Selected by visible text: 'Caste Certificate'
2026-08-31 12:33:45,537  [INFO    ]  doc_uploader - Ensuring 'Plain extraction' is selected...
2026-08-31 12:33:50,969  [INFO    ]  doc_uploader - Clicked Plain extraction text element.
2026-08-31 12:33:50,971  [INFO    ]  doc_uploader - Uploading file: D:\ai_doc_automation\Test Data\Cast Certificate for Testing\CastCertificate_174_page_0.png
2026-08-31 12:33:50,979  [INFO    ]  doc_uploader - File input found via JS querySelector.
2026-08-31 12:34:01,378  [INFO    ]  doc_uploader - Upload preview ready (submit button visible).
2026-08-31 12:34:01,378  [INFO    ]  doc_uploader - File uploaded successfully.
2026-08-31 12:34:01,378  [INFO    ]  doc_uploader - Pre-submit verification...
2026-08-31 12:34:01,421  [WARNING ]  doc_uploader - Dropdown mismatch! Expected 'Caste Certificate', found 'Aadhaar Card'. Re-selecting.
2026-08-31 12:34:01,421  [INFO    ]  doc_uploader - Selecting document type: 'Caste Certificate'
2026-08-31 12:34:01,491  [INFO    ]  doc_uploader - Selected by visible text: 'Caste Certificate'
2026-08-31 12:34:01,491  [INFO    ]  doc_uploader - Clicking 'Submit to engine'...
2026-08-31 12:34:01,876  [INFO    ]  doc_uploader - Submitted to engine. Waiting for result...
2026-08-31 12:34:01,876  [INFO    ]  doc_uploader - Waiting for engine result (timeout=90s)...
2026-08-31 12:34:06,981  [WARNING ]  doc_uploader - Upload error detected via JS: Upload a JPEG, PNG, WebP, or PDF document up to 5 MB.
2026-08-31 12:34:06,981  [WARNING ]  doc_uploader - Upload rejection banner detected during wait: Upload a JPEG, PNG, WebP, or PDF document up to 5 MB.
2026-08-31 12:34:06,981  [WARNING ]  main - File upload rejected for CastCertificate_174_page_0.png: Upload a JPEG, PNG, WebP, or PDF document up to 5 MB.
2026-08-31 12:34:07,125  [INFO    ]  doc_uploader - Screenshot saved: D:\ai_doc_automation\output\screenshots\20260831_123406_upload_rejected_CastCertificate_174_page_0.png.png
2026-08-31 12:34:07,539  [WARNING ]  input_tracker - Could not save input_map.xlsx — it may be open in Excel. Close the file and the status will update on next write.
2026-08-31 12:34:07,539  [INFO    ]  main - [FAIL] CastCertificate_174_page_0.png: FAILED (21.5s)
2026-08-31 12:34:07,539  [INFO    ]  doc_uploader - Resetting form for next submission...
2026-08-31 12:34:18,147  [INFO    ]  doc_uploader - Navigating to Verify Document page to reset form.
2026-08-31 12:34:18,147  [INFO    ]  doc_uploader - Navigating to 'Verify Document' page...
2026-08-31 12:34:20,025  [INFO    ]  doc_uploader - On Verify Document page.
2026-08-31 12:34:20,052  [INFO    ]  doc_uploader - Upload form is ready for next document.
2026-08-31 12:34:20,052  [INFO    ]  main - 
[21/30] D:\ai_doc_automation\Test Data\Cast Certificate for Testing\CastCertificate_175_page_0.png
2026-08-31 12:34:20,052  [INFO    ]  main - ============================================================
2026-08-31 12:34:20,052  [INFO    ]  main - Processing [21/30]: CastCertificate_175_page_0.png  |  Caste Certificate  |  Attempt 1
2026-08-31 12:34:20,052  [INFO    ]  main - ============================================================
2026-08-31 12:34:20,052  [WARNING ]  input_tracker - Could not save input_map.xlsx — it may be open in Excel. Close the file and the status will update on next write.
2026-08-31 12:34:20,052  [INFO    ]  doc_uploader - Pre-upload check: expecting REJECT for CastCertificate_175_page_0.png — File size 9.96MB exceeds 5MB limit
2026-08-31 12:34:20,052  [INFO    ]  doc_uploader - Selecting document type: 'Caste Certificate'
2026-08-31 12:34:20,144  [INFO    ]  doc_uploader - Selected by visible text: 'Caste Certificate'
2026-08-31 12:34:20,144  [INFO    ]  doc_uploader - Ensuring 'Plain extraction' is selected...
2026-08-31 12:34:25,585  [INFO    ]  doc_uploader - Clicked Plain extraction text element.
2026-08-31 12:34:25,585  [INFO    ]  doc_uploader - Uploading file: D:\ai_doc_automation\Test Data\Cast Certificate for Testing\CastCertificate_175_page_0.png
2026-08-31 12:34:25,585  [INFO    ]  doc_uploader - File input found via JS querySelector.
2026-08-31 12:34:36,054  [INFO    ]  doc_uploader - Upload preview ready (submit button visible).
2026-08-31 12:34:36,056  [INFO    ]  doc_uploader - File uploaded successfully.
2026-08-31 12:34:36,056  [INFO    ]  doc_uploader - Pre-submit verification...
2026-08-31 12:34:36,141  [WARNING ]  doc_uploader - Dropdown mismatch! Expected 'Caste Certificate', found 'Aadhaar Card'. Re-selecting.
2026-08-31 12:34:36,141  [INFO    ]  doc_uploader - Selecting document type: 'Caste Certificate'
2026-08-31 12:34:36,230  [INFO    ]  doc_uploader - Selected by visible text: 'Caste Certificate'
2026-08-31 12:34:36,231  [INFO    ]  doc_uploader - Clicking 'Submit to engine'...
2026-08-31 12:34:36,603  [INFO    ]  doc_uploader - Submitted to engine. Waiting for result...
2026-08-31 12:34:36,603  [INFO    ]  doc_uploader - Waiting for engine result (timeout=90s)...
2026-08-31 12:34:41,671  [WARNING ]  doc_uploader - Upload error detected via JS: Upload a JPEG, PNG, WebP, or PDF document up to 5 MB.
2026-08-31 12:34:41,671  [WARNING ]  doc_uploader - Upload rejection banner detected during wait: Upload a JPEG, PNG, WebP, or PDF document up to 5 MB.
2026-08-31 12:34:41,671  [WARNING ]  main - File upload rejected for CastCertificate_175_page_0.png: Upload a JPEG, PNG, WebP, or PDF document up to 5 MB.
2026-08-31 12:34:41,850  [INFO    ]  doc_uploader - Screenshot saved: D:\ai_doc_automation\output\screenshots\20260831_123441_upload_rejected_CastCertificate_175_page_0.png.png
2026-08-31 12:34:42,266  [WARNING ]  input_tracker - Could not save input_map.xlsx — it may be open in Excel. Close the file and the status will update on next write.
2026-08-31 12:34:42,266  [INFO    ]  main - [FAIL] CastCertificate_175_page_0.png: FAILED (21.6s)
2026-08-31 12:34:42,266  [INFO    ]  doc_uploader - Resetting form for next submission...
2026-08-31 12:34:52,781  [INFO    ]  doc_uploader - Navigating to Verify Document page to reset form.
2026-08-31 12:34:52,781  [INFO    ]  doc_uploader - Navigating to 'Verify Document' page...
2026-08-31 12:34:54,677  [INFO    ]  doc_uploader - On Verify Document page.
2026-08-31 12:34:54,706  [INFO    ]  doc_uploader - Upload form is ready for next document.
2026-08-31 12:34:54,706  [INFO    ]  main - 
[22/30] D:\ai_doc_automation\Test Data\Cast Certificate for Testing\CastCertificate_176_page_0.png
2026-08-31 12:34:54,706  [INFO    ]  main - ============================================================
2026-08-31 12:34:54,706  [INFO    ]  main - Processing [22/30]: CastCertificate_176_page_0.png  |  Caste Certificate  |  Attempt 1
2026-08-31 12:34:54,706  [INFO    ]  main - ============================================================
2026-08-31 12:34:54,711  [WARNING ]  input_tracker - Could not save input_map.xlsx — it may be open in Excel. Close the file and the status will update on next write.
2026-08-31 12:34:54,711  [INFO    ]  doc_uploader - Pre-upload check: expecting REJECT for CastCertificate_176_page_0.png — File size 8.95MB exceeds 5MB limit
2026-08-31 12:34:54,711  [INFO    ]  doc_uploader - Selecting document type: 'Caste Certificate'
2026-08-31 12:34:54,788  [INFO    ]  doc_uploader - Selected by visible text: 'Caste Certificate'
2026-08-31 12:34:54,788  [INFO    ]  doc_uploader - Ensuring 'Plain extraction' is selected...
2026-08-31 12:35:00,174  [INFO    ]  doc_uploader - Clicked Plain extraction text element.
2026-08-31 12:35:00,174  [INFO    ]  doc_uploader - Uploading file: D:\ai_doc_automation\Test Data\Cast Certificate for Testing\CastCertificate_176_page_0.png
2026-08-31 12:35:00,190  [INFO    ]  doc_uploader - File input found via JS querySelector.
2026-08-31 12:35:10,628  [INFO    ]  doc_uploader - Upload preview ready (submit button visible).
2026-08-31 12:35:10,628  [INFO    ]  doc_uploader - File uploaded successfully.
2026-08-31 12:35:10,628  [INFO    ]  doc_uploader - Pre-submit verification...
2026-08-31 12:35:10,676  [WARNING ]  doc_uploader - Dropdown mismatch! Expected 'Caste Certificate', found 'Aadhaar Card'. Re-selecting.
2026-08-31 12:35:10,676  [INFO    ]  doc_uploader - Selecting document type: 'Caste Certificate'
2026-08-31 12:35:10,743  [INFO    ]  doc_uploader - Selected by visible text: 'Caste Certificate'
2026-08-31 12:35:10,743  [INFO    ]  doc_uploader - Clicking 'Submit to engine'...
2026-08-31 12:35:11,131  [INFO    ]  doc_uploader - Submitted to engine. Waiting for result...
2026-08-31 12:35:11,131  [INFO    ]  doc_uploader - Waiting for engine result (timeout=90s)...
2026-08-31 12:35:16,223  [WARNING ]  doc_uploader - Upload error detected via JS: Upload a JPEG, PNG, WebP, or PDF document up to 5 MB.
2026-08-31 12:35:16,223  [WARNING ]  doc_uploader - Upload rejection banner detected during wait: Upload a JPEG, PNG, WebP, or PDF document up to 5 MB.
2026-08-31 12:35:16,223  [WARNING ]  main - File upload rejected for CastCertificate_176_page_0.png: Upload a JPEG, PNG, WebP, or PDF document up to 5 MB.
2026-08-31 12:35:16,356  [INFO    ]  doc_uploader - Screenshot saved: D:\ai_doc_automation\output\screenshots\20260831_123516_upload_rejected_CastCertificate_176_page_0.png.png
2026-08-31 12:35:16,724  [WARNING ]  input_tracker - Could not save input_map.xlsx — it may be open in Excel. Close the file and the status will update on next write.
2026-08-31 12:35:16,724  [INFO    ]  main - [FAIL] CastCertificate_176_page_0.png: FAILED (21.5s)
2026-08-31 12:35:16,724  [INFO    ]  doc_uploader - Resetting form for next submission...
2026-08-31 12:35:27,330  [INFO    ]  doc_uploader - Navigating to Verify Document page to reset form.
2026-08-31 12:35:27,330  [INFO    ]  doc_uploader - Navigating to 'Verify Document' page...
2026-08-31 12:35:29,217  [INFO    ]  doc_uploader - On Verify Document page.
2026-08-31 12:35:29,240  [INFO    ]  doc_uploader - Upload form is ready for next document.
2026-08-31 12:35:29,241  [INFO    ]  main - 
[23/30] D:\ai_doc_automation\Test Data\Cast Certificate for Testing\CastCertificate_179_page_0.png
2026-08-31 12:35:29,241  [INFO    ]  main - ============================================================
2026-08-31 12:35:29,241  [INFO    ]  main - Processing [23/30]: CastCertificate_179_page_0.png  |  Caste Certificate  |  Attempt 1
2026-08-31 12:35:29,241  [INFO    ]  main - ============================================================
2026-08-31 12:35:29,241  [WARNING ]  input_tracker - Could not save input_map.xlsx — it may be open in Excel. Close the file and the status will update on next write.
2026-08-31 12:35:29,243  [INFO    ]  doc_uploader - Pre-upload check: expecting REJECT for CastCertificate_179_page_0.png — File size 8.54MB exceeds 5MB limit
2026-08-31 12:35:29,243  [INFO    ]  doc_uploader - Selecting document type: 'Caste Certificate'
2026-08-31 12:35:29,323  [INFO    ]  doc_uploader - Selected by visible text: 'Caste Certificate'
2026-08-31 12:35:29,324  [INFO    ]  doc_uploader - Ensuring 'Plain extraction' is selected...
2026-08-31 12:35:34,723  [INFO    ]  doc_uploader - Clicked Plain extraction text element.
2026-08-31 12:35:34,724  [INFO    ]  doc_uploader - Uploading file: D:\ai_doc_automation\Test Data\Cast Certificate for Testing\CastCertificate_179_page_0.png
2026-08-31 12:35:34,731  [INFO    ]  doc_uploader - File input found via JS querySelector.
2026-08-31 12:35:45,136  [INFO    ]  doc_uploader - Upload preview ready (submit button visible).
2026-08-31 12:35:45,136  [INFO    ]  doc_uploader - File uploaded successfully.
2026-08-31 12:35:45,136  [INFO    ]  doc_uploader - Pre-submit verification...
2026-08-31 12:35:45,186  [WARNING ]  doc_uploader - Dropdown mismatch! Expected 'Caste Certificate', found 'Aadhaar Card'. Re-selecting.
2026-08-31 12:35:45,186  [INFO    ]  doc_uploader - Selecting document type: 'Caste Certificate'
2026-08-31 12:35:45,254  [INFO    ]  doc_uploader - Selected by visible text: 'Caste Certificate'
2026-08-31 12:35:45,254  [INFO    ]  doc_uploader - Clicking 'Submit to engine'...
2026-08-31 12:35:45,630  [INFO    ]  doc_uploader - Submitted to engine. Waiting for result...
2026-08-31 12:35:45,632  [INFO    ]  doc_uploader - Waiting for engine result (timeout=90s)...
2026-08-31 12:35:50,731  [WARNING ]  doc_uploader - Upload error detected via JS: Upload a JPEG, PNG, WebP, or PDF document up to 5 MB.
2026-08-31 12:35:50,731  [WARNING ]  doc_uploader - Upload rejection banner detected during wait: Upload a JPEG, PNG, WebP, or PDF document up to 5 MB.
2026-08-31 12:35:50,731  [WARNING ]  main - File upload rejected for CastCertificate_179_page_0.png: Upload a JPEG, PNG, WebP, or PDF document up to 5 MB.
2026-08-31 12:35:50,884  [INFO    ]  doc_uploader - Screenshot saved: D:\ai_doc_automation\output\screenshots\20260831_123550_upload_rejected_CastCertificate_179_page_0.png.png
2026-08-31 12:35:51,247  [WARNING ]  input_tracker - Could not save input_map.xlsx — it may be open in Excel. Close the file and the status will update on next write.
2026-08-31 12:35:51,247  [INFO    ]  main - [FAIL] CastCertificate_179_page_0.png: FAILED (21.5s)
2026-08-31 12:35:51,247  [INFO    ]  doc_uploader - Resetting form for next submission...
2026-08-31 12:36:01,838  [INFO    ]  doc_uploader - Navigating to Verify Document page to reset form.
2026-08-31 12:36:01,838  [INFO    ]  doc_uploader - Navigating to 'Verify Document' page...
2026-08-31 12:36:03,724  [INFO    ]  doc_uploader - On Verify Document page.
2026-08-31 12:36:03,751  [INFO    ]  doc_uploader - Upload form is ready for next document.
2026-08-31 12:36:03,751  [INFO    ]  main - 
[24/30] D:\ai_doc_automation\Test Data\Cast Certificate for Testing\CastCertificate_180_page_0.png
2026-08-31 12:36:03,751  [INFO    ]  main - ============================================================
2026-08-31 12:36:03,751  [INFO    ]  main - Processing [24/30]: CastCertificate_180_page_0.png  |  Caste Certificate  |  Attempt 1
2026-08-31 12:36:03,751  [INFO    ]  main - ============================================================
2026-08-31 12:36:03,751  [WARNING ]  input_tracker - Could not save input_map.xlsx — it may be open in Excel. Close the file and the status will update on next write.
2026-08-31 12:36:03,751  [INFO    ]  doc_uploader - Pre-upload check: expecting REJECT for CastCertificate_180_page_0.png — File size 10.54MB exceeds 5MB limit
2026-08-31 12:36:03,751  [INFO    ]  doc_uploader - Selecting document type: 'Caste Certificate'
2026-08-31 12:36:03,835  [INFO    ]  doc_uploader - Selected by visible text: 'Caste Certificate'
2026-08-31 12:36:03,836  [INFO    ]  doc_uploader - Ensuring 'Plain extraction' is selected...
2026-08-31 12:36:09,215  [INFO    ]  doc_uploader - Clicked Plain extraction text element.
2026-08-31 12:36:09,215  [INFO    ]  doc_uploader - Uploading file: D:\ai_doc_automation\Test Data\Cast Certificate for Testing\CastCertificate_180_page_0.png
2026-08-31 12:36:09,215  [INFO    ]  doc_uploader - File input found via JS querySelector.
2026-08-31 12:36:19,662  [INFO    ]  doc_uploader - Upload preview ready (submit button visible).
2026-08-31 12:36:19,662  [INFO    ]  doc_uploader - File uploaded successfully.
2026-08-31 12:36:19,662  [INFO    ]  doc_uploader - Pre-submit verification...
2026-08-31 12:36:19,717  [WARNING ]  doc_uploader - Dropdown mismatch! Expected 'Caste Certificate', found 'Aadhaar Card'. Re-selecting.
2026-08-31 12:36:19,717  [INFO    ]  doc_uploader - Selecting document type: 'Caste Certificate'
2026-08-31 12:36:19,783  [INFO    ]  doc_uploader - Selected by visible text: 'Caste Certificate'
2026-08-31 12:36:19,783  [INFO    ]  doc_uploader - Clicking 'Submit to engine'...
2026-08-31 12:36:20,152  [INFO    ]  doc_uploader - Submitted to engine. Waiting for result...
2026-08-31 12:36:20,152  [INFO    ]  doc_uploader - Waiting for engine result (timeout=90s)...
2026-08-31 12:36:25,240  [WARNING ]  doc_uploader - Upload error detected via JS: Upload a JPEG, PNG, WebP, or PDF document up to 5 MB.
2026-08-31 12:36:25,240  [WARNING ]  doc_uploader - Upload rejection banner detected during wait: Upload a JPEG, PNG, WebP, or PDF document up to 5 MB.
2026-08-31 12:36:25,240  [WARNING ]  main - File upload rejected for CastCertificate_180_page_0.png: Upload a JPEG, PNG, WebP, or PDF document up to 5 MB.
2026-08-31 12:36:25,373  [INFO    ]  doc_uploader - Screenshot saved: D:\ai_doc_automation\output\screenshots\20260831_123625_upload_rejected_CastCertificate_180_page_0.png.png
2026-08-31 12:36:25,737  [WARNING ]  input_tracker - Could not save input_map.xlsx — it may be open in Excel. Close the file and the status will update on next write.
2026-08-31 12:36:25,739  [INFO    ]  main - [FAIL] CastCertificate_180_page_0.png: FAILED (21.5s)
2026-08-31 12:36:25,739  [INFO    ]  doc_uploader - Resetting form for next submission...
2026-08-31 12:36:36,347  [INFO    ]  doc_uploader - Navigating to Verify Document page to reset form.
2026-08-31 12:36:36,347  [INFO    ]  doc_uploader - Navigating to 'Verify Document' page...
2026-08-31 12:36:38,241  [INFO    ]  doc_uploader - On Verify Document page.
2026-08-31 12:36:38,263  [INFO    ]  doc_uploader - Upload form is ready for next document.
2026-08-31 12:36:38,263  [INFO    ]  main - 
[25/30] D:\ai_doc_automation\Test Data\Cast Certificate for Testing\CastCertificate_181_page_0.png
2026-08-31 12:36:38,263  [INFO    ]  main - ============================================================
2026-08-31 12:36:38,263  [INFO    ]  main - Processing [25/30]: CastCertificate_181_page_0.png  |  Caste Certificate  |  Attempt 1
2026-08-31 12:36:38,263  [INFO    ]  main - ============================================================
2026-08-31 12:36:38,263  [WARNING ]  input_tracker - Could not save input_map.xlsx — it may be open in Excel. Close the file and the status will update on next write.
2026-08-31 12:36:38,263  [INFO    ]  doc_uploader - Pre-upload check: expecting REJECT for CastCertificate_181_page_0.png — File size 8.58MB exceeds 5MB limit
2026-08-31 12:36:38,263  [INFO    ]  doc_uploader - Selecting document type: 'Caste Certificate'
2026-08-31 12:36:38,359  [INFO    ]  doc_uploader - Selected by visible text: 'Caste Certificate'
2026-08-31 12:36:38,361  [INFO    ]  doc_uploader - Ensuring 'Plain extraction' is selected...
2026-08-31 12:36:43,744  [INFO    ]  doc_uploader - Clicked Plain extraction text element.
2026-08-31 12:36:43,744  [INFO    ]  doc_uploader - Uploading file: D:\ai_doc_automation\Test Data\Cast Certificate for Testing\CastCertificate_181_page_0.png
2026-08-31 12:36:43,750  [INFO    ]  doc_uploader - File input found via JS querySelector.
2026-08-31 12:36:54,230  [INFO    ]  doc_uploader - Upload preview ready (submit button visible).
2026-08-31 12:36:54,230  [INFO    ]  doc_uploader - File uploaded successfully.
2026-08-31 12:36:54,230  [INFO    ]  doc_uploader - Pre-submit verification...
2026-08-31 12:36:54,268  [WARNING ]  doc_uploader - Dropdown mismatch! Expected 'Caste Certificate', found 'Aadhaar Card'. Re-selecting.
2026-08-31 12:36:54,268  [INFO    ]  doc_uploader - Selecting document type: 'Caste Certificate'
2026-08-31 12:36:54,329  [INFO    ]  doc_uploader - Selected by visible text: 'Caste Certificate'
2026-08-31 12:36:54,343  [INFO    ]  doc_uploader - Clicking 'Submit to engine'...
2026-08-31 12:36:54,723  [INFO    ]  doc_uploader - Submitted to engine. Waiting for result...
2026-08-31 12:36:54,723  [INFO    ]  doc_uploader - Waiting for engine result (timeout=90s)...
2026-08-31 12:36:59,768  [WARNING ]  doc_uploader - Upload error detected via JS: Upload a JPEG, PNG, WebP, or PDF document up to 5 MB.
2026-08-31 12:36:59,768  [WARNING ]  doc_uploader - Upload rejection banner detected during wait: Upload a JPEG, PNG, WebP, or PDF document up to 5 MB.
2026-08-31 12:36:59,768  [WARNING ]  main - File upload rejected for CastCertificate_181_page_0.png: Upload a JPEG, PNG, WebP, or PDF document up to 5 MB.
2026-08-31 12:36:59,908  [INFO    ]  doc_uploader - Screenshot saved: D:\ai_doc_automation\output\screenshots\20260831_123659_upload_rejected_CastCertificate_181_page_0.png.png
2026-08-31 12:37:00,297  [WARNING ]  input_tracker - Could not save input_map.xlsx — it may be open in Excel. Close the file and the status will update on next write.
2026-08-31 12:37:00,297  [INFO    ]  main - [FAIL] CastCertificate_181_page_0.png: FAILED (21.5s)
2026-08-31 12:37:00,297  [INFO    ]  doc_uploader - Resetting form for next submission...
2026-08-31 12:37:10,858  [INFO    ]  doc_uploader - Navigating to Verify Document page to reset form.
2026-08-31 12:37:10,858  [INFO    ]  doc_uploader - Navigating to 'Verify Document' page...
2026-08-31 12:37:12,744  [INFO    ]  doc_uploader - On Verify Document page.
2026-08-31 12:37:12,769  [INFO    ]  doc_uploader - Upload form is ready for next document.
2026-08-31 12:37:12,770  [INFO    ]  main - 
[26/30] D:\ai_doc_automation\Test Data\Cast Certificate for Testing\CastCertificate_182_page_0.png
2026-08-31 12:37:12,770  [INFO    ]  main - ============================================================
2026-08-31 12:37:12,770  [INFO    ]  main - Processing [26/30]: CastCertificate_182_page_0.png  |  Caste Certificate  |  Attempt 1
2026-08-31 12:37:12,770  [INFO    ]  main - ============================================================
2026-08-31 12:37:12,771  [WARNING ]  input_tracker - Could not save input_map.xlsx — it may be open in Excel. Close the file and the status will update on next write.
2026-08-31 12:37:12,772  [INFO    ]  doc_uploader - Pre-upload check: expecting REJECT for CastCertificate_182_page_0.png — File size 9.29MB exceeds 5MB limit
2026-08-31 12:37:12,772  [INFO    ]  doc_uploader - Selecting document type: 'Caste Certificate'
2026-08-31 12:37:12,842  [INFO    ]  doc_uploader - Selected by visible text: 'Caste Certificate'
2026-08-31 12:37:12,842  [INFO    ]  doc_uploader - Ensuring 'Plain extraction' is selected...
2026-08-31 12:37:18,250  [INFO    ]  doc_uploader - Clicked Plain extraction text element.
2026-08-31 12:37:18,250  [INFO    ]  doc_uploader - Uploading file: D:\ai_doc_automation\Test Data\Cast Certificate for Testing\CastCertificate_182_page_0.png
2026-08-31 12:37:18,266  [INFO    ]  doc_uploader - File input found via JS querySelector.
2026-08-31 12:37:28,719  [INFO    ]  doc_uploader - Upload preview ready (submit button visible).
2026-08-31 12:37:28,719  [INFO    ]  doc_uploader - File uploaded successfully.
2026-08-31 12:37:28,719  [INFO    ]  doc_uploader - Pre-submit verification...
2026-08-31 12:37:28,762  [WARNING ]  doc_uploader - Dropdown mismatch! Expected 'Caste Certificate', found 'Aadhaar Card'. Re-selecting.
2026-08-31 12:37:28,772  [INFO    ]  doc_uploader - Selecting document type: 'Caste Certificate'
2026-08-31 12:37:28,838  [INFO    ]  doc_uploader - Selected by visible text: 'Caste Certificate'
2026-08-31 12:37:28,838  [INFO    ]  doc_uploader - Clicking 'Submit to engine'...
2026-08-31 12:37:29,215  [INFO    ]  doc_uploader - Submitted to engine. Waiting for result...
2026-08-31 12:37:29,216  [INFO    ]  doc_uploader - Waiting for engine result (timeout=90s)...
2026-08-31 12:37:34,303  [WARNING ]  doc_uploader - Upload error detected via JS: Upload a JPEG, PNG, WebP, or PDF document up to 5 MB.
2026-08-31 12:37:34,303  [WARNING ]  doc_uploader - Upload rejection banner detected during wait: Upload a JPEG, PNG, WebP, or PDF document up to 5 MB.
2026-08-31 12:37:34,303  [WARNING ]  main - File upload rejected for CastCertificate_182_page_0.png: Upload a JPEG, PNG, WebP, or PDF document up to 5 MB.
2026-08-31 12:37:34,468  [INFO    ]  doc_uploader - Screenshot saved: D:\ai_doc_automation\output\screenshots\20260831_123734_upload_rejected_CastCertificate_182_page_0.png.png
2026-08-31 12:37:34,840  [WARNING ]  input_tracker - Could not save input_map.xlsx — it may be open in Excel. Close the file and the status will update on next write.
2026-08-31 12:37:34,847  [INFO    ]  main - [FAIL] CastCertificate_182_page_0.png: FAILED (21.5s)
2026-08-31 12:37:34,847  [INFO    ]  doc_uploader - Resetting form for next submission...
2026-08-31 12:37:45,368  [INFO    ]  doc_uploader - Navigating to Verify Document page to reset form.
2026-08-31 12:37:45,368  [INFO    ]  doc_uploader - Navigating to 'Verify Document' page...
2026-08-31 12:37:47,253  [INFO    ]  doc_uploader - On Verify Document page.
2026-08-31 12:37:47,275  [INFO    ]  doc_uploader - Upload form is ready for next document.
2026-08-31 12:37:47,277  [INFO    ]  main - 
[27/30] D:\ai_doc_automation\Test Data\Cast Certificate for Testing\CastCertificate_183_page_0.png
2026-08-31 12:37:47,277  [INFO    ]  main - ============================================================
2026-08-31 12:37:47,277  [INFO    ]  main - Processing [27/30]: CastCertificate_183_page_0.png  |  Caste Certificate  |  Attempt 1
2026-08-31 12:37:47,278  [INFO    ]  main - ============================================================
2026-08-31 12:37:47,279  [WARNING ]  input_tracker - Could not save input_map.xlsx — it may be open in Excel. Close the file and the status will update on next write.
2026-08-31 12:37:47,279  [INFO    ]  doc_uploader - Pre-upload check: expecting REJECT for CastCertificate_183_page_0.png — File size 8.41MB exceeds 5MB limit
2026-08-31 12:37:47,279  [INFO    ]  doc_uploader - Selecting document type: 'Caste Certificate'
2026-08-31 12:37:47,354  [INFO    ]  doc_uploader - Selected by visible text: 'Caste Certificate'
2026-08-31 12:37:47,354  [INFO    ]  doc_uploader - Ensuring 'Plain extraction' is selected...
2026-08-31 12:37:52,742  [INFO    ]  doc_uploader - Clicked Plain extraction text element.
2026-08-31 12:37:52,742  [INFO    ]  doc_uploader - Uploading file: D:\ai_doc_automation\Test Data\Cast Certificate for Testing\CastCertificate_183_page_0.png
2026-08-31 12:37:52,760  [INFO    ]  doc_uploader - File input found via JS querySelector.
2026-08-31 12:38:03,229  [INFO    ]  doc_uploader - Upload preview ready (submit button visible).
2026-08-31 12:38:03,229  [INFO    ]  doc_uploader - File uploaded successfully.
2026-08-31 12:38:03,229  [INFO    ]  doc_uploader - Pre-submit verification...
2026-08-31 12:38:03,285  [WARNING ]  doc_uploader - Dropdown mismatch! Expected 'Caste Certificate', found 'Aadhaar Card'. Re-selecting.
2026-08-31 12:38:03,285  [INFO    ]  doc_uploader - Selecting document type: 'Caste Certificate'
2026-08-31 12:38:03,352  [INFO    ]  doc_uploader - Selected by visible text: 'Caste Certificate'
2026-08-31 12:38:03,352  [INFO    ]  doc_uploader - Clicking 'Submit to engine'...
2026-08-31 12:38:03,730  [INFO    ]  doc_uploader - Submitted to engine. Waiting for result...
2026-08-31 12:38:03,730  [INFO    ]  doc_uploader - Waiting for engine result (timeout=90s)...
2026-08-31 12:38:08,830  [WARNING ]  doc_uploader - Upload error detected via JS: Upload a JPEG, PNG, WebP, or PDF document up to 5 MB.
2026-08-31 12:38:08,830  [WARNING ]  doc_uploader - Upload rejection banner detected during wait: Upload a JPEG, PNG, WebP, or PDF document up to 5 MB.
2026-08-31 12:38:08,830  [WARNING ]  main - File upload rejected for CastCertificate_183_page_0.png: Upload a JPEG, PNG, WebP, or PDF document up to 5 MB.
2026-08-31 12:38:08,950  [INFO    ]  doc_uploader - Screenshot saved: D:\ai_doc_automation\output\screenshots\20260831_123808_upload_rejected_CastCertificate_183_page_0.png.png
2026-08-31 12:38:09,322  [WARNING ]  input_tracker - Could not save input_map.xlsx — it may be open in Excel. Close the file and the status will update on next write.
2026-08-31 12:38:09,322  [INFO    ]  main - [FAIL] CastCertificate_183_page_0.png: FAILED (21.6s)
2026-08-31 12:38:09,322  [INFO    ]  doc_uploader - Resetting form for next submission...
2026-08-31 12:38:19,900  [INFO    ]  doc_uploader - Navigating to Verify Document page to reset form.
2026-08-31 12:38:19,900  [INFO    ]  doc_uploader - Navigating to 'Verify Document' page...
2026-08-31 12:38:21,796  [INFO    ]  doc_uploader - On Verify Document page.
2026-08-31 12:38:21,824  [INFO    ]  doc_uploader - Upload form is ready for next document.
2026-08-31 12:38:21,824  [INFO    ]  main - 
[28/30] D:\ai_doc_automation\Test Data\Residence Certificate for Testing\ResidenceCertificate_130_page_0.png
2026-08-31 12:38:21,825  [INFO    ]  main - ============================================================
2026-08-31 12:38:21,825  [INFO    ]  main - Processing [28/30]: ResidenceCertificate_130_page_0.png  |  Residence Certificate  |  Attempt 1
2026-08-31 12:38:21,825  [INFO    ]  main - ============================================================
2026-08-31 12:38:22,218  [INFO    ]  doc_uploader - Pre-upload check: expecting REJECT for ResidenceCertificate_130_page_0.png — File size 11.82MB exceeds 5MB limit
2026-08-31 12:38:22,218  [INFO    ]  doc_uploader - Selecting document type: 'Residence Certificate'
2026-08-31 12:38:22,314  [INFO    ]  doc_uploader - Selected by visible text: 'Residence Certificate'
2026-08-31 12:38:22,315  [INFO    ]  doc_uploader - Ensuring 'Plain extraction' is selected...
2026-08-31 12:38:27,712  [INFO    ]  doc_uploader - Clicked Plain extraction text element.
2026-08-31 12:38:27,712  [INFO    ]  doc_uploader - Uploading file: D:\ai_doc_automation\Test Data\Residence Certificate for Testing\ResidenceCertificate_130_page_0.png
2026-08-31 12:38:27,725  [INFO    ]  doc_uploader - File input found via JS querySelector.
2026-08-31 12:38:38,186  [INFO    ]  doc_uploader - Upload preview ready (submit button visible).
2026-08-31 12:38:38,186  [INFO    ]  doc_uploader - File uploaded successfully.
2026-08-31 12:38:38,186  [INFO    ]  doc_uploader - Pre-submit verification...
2026-08-31 12:38:38,276  [WARNING ]  doc_uploader - Dropdown mismatch! Expected 'Residence Certificate', found 'Aadhaar Card'. Re-selecting.
2026-08-31 12:38:38,301  [INFO    ]  doc_uploader - Selecting document type: 'Residence Certificate'
2026-08-31 12:38:38,385  [INFO    ]  doc_uploader - Selected by visible text: 'Residence Certificate'
2026-08-31 12:38:38,386  [INFO    ]  doc_uploader - Clicking 'Submit to engine'...
2026-08-31 12:38:38,761  [INFO    ]  doc_uploader - Submitted to engine. Waiting for result...
2026-08-31 12:38:38,761  [INFO    ]  doc_uploader - Waiting for engine result (timeout=90s)...
2026-08-31 12:38:43,827  [WARNING ]  doc_uploader - Upload error detected via JS: Upload a JPEG, PNG, WebP, or PDF document up to 5 MB.
2026-08-31 12:38:43,827  [WARNING ]  doc_uploader - Upload rejection banner detected during wait: Upload a JPEG, PNG, WebP, or PDF document up to 5 MB.
2026-08-31 12:38:43,827  [WARNING ]  main - File upload rejected for ResidenceCertificate_130_page_0.png: Upload a JPEG, PNG, WebP, or PDF document up to 5 MB.
2026-08-31 12:38:43,945  [INFO    ]  doc_uploader - Screenshot saved: D:\ai_doc_automation\output\screenshots\20260831_123843_upload_rejected_ResidenceCertificate_130_page_0.png.png
2026-08-31 12:38:44,672  [INFO    ]  main - [FAIL] ResidenceCertificate_130_page_0.png: FAILED (21.6s)
2026-08-31 12:38:44,672  [INFO    ]  doc_uploader - Resetting form for next submission...
2026-08-31 12:38:55,264  [INFO    ]  doc_uploader - Navigating to Verify Document page to reset form.
2026-08-31 12:38:55,264  [INFO    ]  doc_uploader - Navigating to 'Verify Document' page...
2026-08-31 12:38:57,152  [INFO    ]  doc_uploader - On Verify Document page.
2026-08-31 12:38:57,171  [INFO    ]  doc_uploader - Upload form is ready for next document.
2026-08-31 12:38:57,171  [INFO    ]  main - 
[29/30] D:\ai_doc_automation\Test Data\Residence Certificate for Testing\ResidenceCertificate_190_page_0.png
2026-08-31 12:38:57,171  [INFO    ]  main - ============================================================
2026-08-31 12:38:57,171  [INFO    ]  main - Processing [29/30]: ResidenceCertificate_190_page_0.png  |  Residence Certificate  |  Attempt 1
2026-08-31 12:38:57,171  [INFO    ]  main - ============================================================
2026-08-31 12:38:57,437  [INFO    ]  doc_uploader - Pre-upload check: expecting REJECT for ResidenceCertificate_190_page_0.png — File size 5.78MB exceeds 5MB limit
2026-08-31 12:38:57,437  [INFO    ]  doc_uploader - Selecting document type: 'Residence Certificate'
2026-08-31 12:38:57,528  [INFO    ]  doc_uploader - Selected by visible text: 'Residence Certificate'
2026-08-31 12:38:57,529  [INFO    ]  doc_uploader - Ensuring 'Plain extraction' is selected...
2026-08-31 12:39:02,975  [INFO    ]  doc_uploader - Clicked Plain extraction text element.
2026-08-31 12:39:02,975  [INFO    ]  doc_uploader - Uploading file: D:\ai_doc_automation\Test Data\Residence Certificate for Testing\ResidenceCertificate_190_page_0.png
2026-08-31 12:39:02,991  [INFO    ]  doc_uploader - File input found via JS querySelector.
2026-08-31 12:39:13,412  [INFO    ]  doc_uploader - Upload preview ready (submit button visible).
2026-08-31 12:39:13,412  [INFO    ]  doc_uploader - File uploaded successfully.
2026-08-31 12:39:13,412  [INFO    ]  doc_uploader - Pre-submit verification...
2026-08-31 12:39:13,459  [WARNING ]  doc_uploader - Dropdown mismatch! Expected 'Residence Certificate', found 'Aadhaar Card'. Re-selecting.
2026-08-31 12:39:13,459  [INFO    ]  doc_uploader - Selecting document type: 'Residence Certificate'
2026-08-31 12:39:13,537  [INFO    ]  doc_uploader - Selected by visible text: 'Residence Certificate'
2026-08-31 12:39:13,537  [INFO    ]  doc_uploader - Clicking 'Submit to engine'...
2026-08-31 12:39:13,914  [INFO    ]  doc_uploader - Submitted to engine. Waiting for result...
2026-08-31 12:39:13,914  [INFO    ]  doc_uploader - Waiting for engine result (timeout=90s)...
2026-08-31 12:39:18,982  [WARNING ]  doc_uploader - Upload error detected via JS: Upload a JPEG, PNG, WebP, or PDF document up to 5 MB.
2026-08-31 12:39:18,982  [WARNING ]  doc_uploader - Upload rejection banner detected during wait: Upload a JPEG, PNG, WebP, or PDF document up to 5 MB.
2026-08-31 12:39:18,982  [WARNING ]  main - File upload rejected for ResidenceCertificate_190_page_0.png: Upload a JPEG, PNG, WebP, or PDF document up to 5 MB.
2026-08-31 12:39:19,137  [INFO    ]  doc_uploader - Screenshot saved: D:\ai_doc_automation\output\screenshots\20260831_123918_upload_rejected_ResidenceCertificate_190_page_0.png.png
2026-08-31 12:39:19,868  [INFO    ]  main - [FAIL] ResidenceCertificate_190_page_0.png: FAILED (21.5s)
2026-08-31 12:39:19,868  [INFO    ]  doc_uploader - Resetting form for next submission...
2026-08-31 12:39:30,433  [INFO    ]  doc_uploader - Navigating to Verify Document page to reset form.
2026-08-31 12:39:30,433  [INFO    ]  doc_uploader - Navigating to 'Verify Document' page...
2026-08-31 12:39:32,324  [INFO    ]  doc_uploader - On Verify Document page.
2026-08-31 12:39:32,341  [INFO    ]  doc_uploader - Upload form is ready for next document.
2026-08-31 12:39:32,341  [INFO    ]  main - 
[30/30] D:\ai_doc_automation\Test Data\Residence Certificate for Testing\ResidenceCertificate_199_page_0.png
2026-08-31 12:39:32,341  [INFO    ]  main - ============================================================
2026-08-31 12:39:32,341  [INFO    ]  main - Processing [30/30]: ResidenceCertificate_199_page_0.png  |  Residence Certificate  |  Attempt 1
2026-08-31 12:39:32,341  [INFO    ]  main - ============================================================
2026-08-31 12:39:32,631  [INFO    ]  doc_uploader - Selecting document type: 'Residence Certificate'
2026-08-31 12:39:32,705  [INFO    ]  doc_uploader - Selected by visible text: 'Residence Certificate'
2026-08-31 12:39:32,705  [INFO    ]  doc_uploader - Ensuring 'Plain extraction' is selected...
2026-08-31 12:39:38,151  [INFO    ]  doc_uploader - Clicked Plain extraction text element.
2026-08-31 12:39:38,151  [INFO    ]  doc_uploader - Uploading file: D:\ai_doc_automation\Test Data\Residence Certificate for Testing\ResidenceCertificate_199_page_0.png
2026-08-31 12:39:38,167  [INFO    ]  doc_uploader - File input found via JS querySelector.
2026-08-31 12:39:48,566  [INFO    ]  doc_uploader - Upload preview ready (submit button visible).
2026-08-31 12:39:48,566  [INFO    ]  doc_uploader - File uploaded successfully.
2026-08-31 12:39:48,566  [INFO    ]  doc_uploader - Pre-submit verification...
2026-08-31 12:39:48,621  [WARNING ]  doc_uploader - Dropdown mismatch! Expected 'Residence Certificate', found 'Aadhaar Card'. Re-selecting.
2026-08-31 12:39:48,621  [INFO    ]  doc_uploader - Selecting document type: 'Residence Certificate'
2026-08-31 12:39:48,687  [INFO    ]  doc_uploader - Selected by visible text: 'Residence Certificate'
2026-08-31 12:39:48,687  [INFO    ]  doc_uploader - Clicking 'Submit to engine'...
2026-08-31 12:39:49,072  [INFO    ]  doc_uploader - Submitted to engine. Waiting for result...
2026-08-31 12:39:49,072  [INFO    ]  doc_uploader - Waiting for engine result (timeout=90s)...
2026-08-31 12:40:14,339  [INFO    ]  doc_uploader - Result appeared after 25s.
2026-08-31 12:40:26,453  [INFO    ]  result_parser - Extraction tab not present — reading Overview for failure reason.
2026-08-31 12:40:26,566  [INFO    ]  doc_uploader - Screenshot saved: D:\ai_doc_automation\output\screenshots\20260831_124026_result_ResidenceCertificate_199_page_0.png.png
2026-08-31 12:40:26,568  [INFO    ]  result_parser - Reading verdict from Overview tab...
2026-08-31 12:40:36,761  [INFO    ]  result_parser - Pipeline failure reason captured: VERIFAI — Document Intelligence — Dashboard — Verify Document — Plain Extraction — Golden Record — Document Linking — Transactions — API Playground — Settings — About — Collapse menu — AI DOCUMENT VERIFICATION ENGINE — Plain extraction — Backend online — AE — TRANSACTION COMPLETE — Pipeline failure result — TXN-20260831-1350947744 — Copy ID — New submission — PIPELINE FAILURE · DOCUMENT_TYPE_MISMATCH — Document type mismatch — Requested document type: — Expected document — Residence Certificate — Detected document — Income Certificate — Overview — Raw JSON — OVERALL VERDICT — FAILED — SUCCESS — DOCUMENT TYPE — Residence CertificateProcessing time not returned — QR CODE RESULTS — No QR code detected. QR presence is optional and does not indicate document validity.
2026-08-31 12:40:36,761  [INFO    ]  result_parser - Verdict: FAILED (Pipeline Failure banner detected: VERIFAI — Document Intelligence — Dashboard — Verify Document — Plain Extraction — Golden Record — Document Linking — Transactions — API Playground — Settings — About — Collapse menu — AI DOCUMENT VERIFICATION ENGINE — Plain extraction — Backend online — AE — TRANSACTION COMPLETE — Pipeline failure result — TXN-20260831-1350947744 — Copy ID — New submission — PIPELINE FAILURE · DOCUMENT_TYPE_MISMATCH — Document type mismatch — Requested document type: — Expected document — Residence Certificate )
2026-08-31 12:40:37,593  [INFO    ]  main - [FAIL] ResidenceCertificate_199_page_0.png: FAILED (42.7s)
2026-08-31 12:40:37,606  [INFO    ]  excel_writer - Summary sheet written with overall timing statistics.
2026-08-31 12:40:38,012  [INFO    ]  excel_writer - Excel saved: D:\ai_doc_automation\output\ai_doc_results_20260822_213737.xlsx
2026-08-31 12:40:38,012  [INFO    ]  main - 
============================================================
2026-08-31 12:40:38,012  [INFO    ]  main -   COMPLETE
2026-08-31 12:40:38,012  [INFO    ]  main -   Total   : 30
2026-08-31 12:40:38,012  [INFO    ]  main -   Success : 2
2026-08-31 12:40:38,012  [INFO    ]  main -   Failed  : 28
2026-08-31 12:40:38,012  [INFO    ]  main -   Errors  : 0
2026-08-31 12:40:38,012  [INFO    ]  main -   Output  : D:\ai_doc_automation\output\ai_doc_results_20260822_213737.xlsx
2026-08-31 12:40:38,012  [INFO    ]  main - ============================================================
2026-08-31 12:40:40,661  [INFO    ]  main - Browser closed.
