2026-08-22 13:09:56,987  [INFO    ]  main - ============================================================
2026-08-22 13:09:56,987  [INFO    ]  main -   VERIFAI Document Automation - Starting
2026-08-22 13:09:56,987  [INFO    ]  main - ============================================================
2026-08-22 13:09:56,993  [INFO    ]  main - Input file : D:\ai_doc_automation\input\input_map.xlsx
2026-08-22 13:09:56,993  [INFO    ]  main - [--resume] Skipping rows already marked SUCCESS/FAILED.
2026-08-22 13:09:57,062  [WARNING ]  input_tracker - Could not save input_map.xlsx — it may be open in Excel. Close the file and the status will update on next write.
2026-08-22 13:09:57,062  [INFO    ]  input_tracker -   SKIPPING (already SUCCESS): D:\ai_doc_automation\Test Data\Adhar card  for Testing\Aadhar Card Test - Digi Locker.pdf
2026-08-22 13:09:57,096  [INFO    ]  input_tracker -   SKIPPING (already SUCCESS): D:\ai_doc_automation\Test Data\Adhar card  for Testing\Aadhar1.jpg
2026-08-22 13:09:57,096  [INFO    ]  input_tracker -   SKIPPING (already SUCCESS): D:\ai_doc_automation\Test Data\Adhar card  for Testing\Aadhar2.jpg
2026-08-22 13:09:57,096  [INFO    ]  input_tracker -   SKIPPING (already SUCCESS): D:\ai_doc_automation\Test Data\Adhar card  for Testing\Aadhar3.jpg
2026-08-22 13:09:57,096  [INFO    ]  input_tracker -   SKIPPING (already SUCCESS): D:\ai_doc_automation\Test Data\Adhar card  for Testing\Chinmaya Aadhara.pdf
2026-08-22 13:09:57,096  [INFO    ]  input_tracker -   SKIPPING (already SUCCESS): D:\ai_doc_automation\Test Data\PAN card for Testing\PAN.jpg
2026-08-22 13:09:57,096  [INFO    ]  input_tracker -   SKIPPING (already SUCCESS): D:\ai_doc_automation\Test Data\PAN card for Testing\PAN1.jpg
2026-08-22 13:09:57,096  [INFO    ]  input_tracker -   SKIPPING (already SUCCESS): D:\ai_doc_automation\Test Data\PAN card for Testing\PAN2.jpg
2026-08-22 13:09:57,096  [INFO    ]  input_tracker -   SKIPPING (already SUCCESS): D:\ai_doc_automation\Test Data\PAN card for Testing\Pancard.jpg
2026-08-22 13:09:57,096  [INFO    ]  input_tracker -   SKIPPING (already SUCCESS): D:\ai_doc_automation\Test Data\PAN card for Testing\Pancard2.jpg
2026-08-22 13:09:57,096  [INFO    ]  input_tracker -   SKIPPING (already SUCCESS): D:\ai_doc_automation\Test Data\Passport for Testing\Indianpassportbiopage2025.jpg
2026-08-22 13:09:57,096  [INFO    ]  input_tracker -   SKIPPING (already SUCCESS): D:\ai_doc_automation\Test Data\Passport for Testing\indianpp.jpg
2026-08-22 13:09:57,096  [INFO    ]  input_tracker -   SKIPPING (already SUCCESS): D:\ai_doc_automation\Test Data\Passport for Testing\sample-indian-passport-1.jpg
2026-08-22 13:09:57,111  [INFO    ]  input_tracker -   SKIPPING (already SUCCESS): D:\ai_doc_automation\Test Data\DL for Testing\Dl_Odisha.jpg
2026-08-22 13:09:57,111  [INFO    ]  input_tracker -   SKIPPING (already SUCCESS): D:\ai_doc_automation\Test Data\DL for Testing\Driving Licence 2.jpg
2026-08-22 13:09:57,112  [INFO    ]  input_tracker -   SKIPPING (already SUCCESS): D:\ai_doc_automation\Test Data\DL for Testing\Driving Licence.pdf
2026-08-22 13:09:57,112  [INFO    ]  input_tracker -   SKIPPING (already SUCCESS): D:\ai_doc_automation\Test Data\DL for Testing\Driving License Image1.jpg
2026-08-22 13:09:57,112  [INFO    ]  input_tracker -   SKIPPING (already SUCCESS): D:\ai_doc_automation\Test Data\DL for Testing\Driving License Sample.jpg
2026-08-22 13:09:57,114  [INFO    ]  input_tracker -   SKIPPING (already SUCCESS): D:\ai_doc_automation\Test Data\10th Marksheet for Testing\Document10_501_page_0.png
2026-08-22 13:09:57,114  [INFO    ]  input_tracker -   SKIPPING (already SUCCESS): D:\ai_doc_automation\Test Data\10th Marksheet for Testing\Document10_502_page_0.png
2026-08-22 13:09:57,114  [INFO    ]  input_tracker -   SKIPPING (already SUCCESS): D:\ai_doc_automation\Test Data\10th Marksheet for Testing\Document10_503_page_0.png
2026-08-22 13:09:57,115  [INFO    ]  input_tracker -   SKIPPING (already SUCCESS): D:\ai_doc_automation\Test Data\10th Marksheet for Testing\Document10_504_page_0.png
2026-08-22 13:09:57,115  [INFO    ]  input_tracker -   SKIPPING (already SUCCESS): D:\ai_doc_automation\Test Data\10th Marksheet for Testing\Document10_505_page_0.png
2026-08-22 13:09:57,115  [INFO    ]  input_tracker -   SKIPPING (already SUCCESS): D:\ai_doc_automation\Test Data\10th Marksheet for Testing\Document10_513_page_0.png
2026-08-22 13:09:57,116  [INFO    ]  input_tracker -   SKIPPING (already SUCCESS): D:\ai_doc_automation\Test Data\10th Marksheet for Testing\Document10_514_page_0.png
2026-08-22 13:09:57,116  [INFO    ]  input_tracker -   SKIPPING (already SUCCESS): D:\ai_doc_automation\Test Data\10th Marksheet for Testing\Document10_515_page_0.png
2026-08-22 13:09:57,117  [INFO    ]  input_tracker -   SKIPPING (already SUCCESS): D:\ai_doc_automation\Test Data\10th Marksheet for Testing\Document10_516_page_0.png
2026-08-22 13:09:57,117  [INFO    ]  input_tracker -   SKIPPING (already SUCCESS): D:\ai_doc_automation\Test Data\10th Marksheet for Testing\Document10_517_page_0.png
2026-08-22 13:09:57,117  [INFO    ]  input_tracker -   SKIPPING (already SUCCESS): D:\ai_doc_automation\Test Data\10th Marksheet for Testing\Document10_525_page_0.png
2026-08-22 13:09:57,117  [INFO    ]  input_tracker -   SKIPPING (already SUCCESS): D:\ai_doc_automation\Test Data\10th Marksheet for Testing\Document10_526_page_0.png
2026-08-22 13:09:57,118  [INFO    ]  input_tracker -   SKIPPING (already SUCCESS): D:\ai_doc_automation\Test Data\10th Marksheet for Testing\Document10_527_page_0.png
2026-08-22 13:09:57,118  [INFO    ]  input_tracker -   SKIPPING (already SUCCESS): D:\ai_doc_automation\Test Data\10th Marksheet for Testing\Document10_528_page_0.png
2026-08-22 13:09:57,118  [INFO    ]  input_tracker -   SKIPPING (already SUCCESS): D:\ai_doc_automation\Test Data\10th Marksheet for Testing\Document10_529_page_0.png
2026-08-22 13:09:57,119  [INFO    ]  input_tracker -   SKIPPING (already SUCCESS): D:\ai_doc_automation\Test Data\10th Marksheet for Testing\Document10_537_page_0.png
2026-08-22 13:09:57,119  [INFO    ]  input_tracker -   SKIPPING (already SUCCESS): D:\ai_doc_automation\Test Data\10th Marksheet for Testing\Document10_538_page_0.png
2026-08-22 13:09:57,119  [INFO    ]  input_tracker -   SKIPPING (already SUCCESS): D:\ai_doc_automation\Test Data\10th Marksheet for Testing\Document10_539_page_0.png
2026-08-22 13:09:57,120  [INFO    ]  input_tracker -   SKIPPING (already SUCCESS): D:\ai_doc_automation\Test Data\10th Marksheet for Testing\Document10_540_page_0.png
2026-08-22 13:09:57,120  [INFO    ]  input_tracker -   SKIPPING (already SUCCESS): D:\ai_doc_automation\Test Data\10th Marksheet for Testing\Document10_541_page_0.png
2026-08-22 13:09:57,121  [INFO    ]  input_tracker -   SKIPPING (already SUCCESS): D:\ai_doc_automation\Test Data\12th Certificate for Testing\Document11_10_page_0.png
2026-08-22 13:09:57,121  [INFO    ]  input_tracker -   SKIPPING (already SUCCESS): D:\ai_doc_automation\Test Data\12th Certificate for Testing\Document11_11_page_0.png
2026-08-22 13:09:57,121  [INFO    ]  input_tracker -   SKIPPING (already SUCCESS): D:\ai_doc_automation\Test Data\12th Certificate for Testing\Document11_12_page_0.png
2026-08-22 13:09:57,121  [INFO    ]  input_tracker -   SKIPPING (already SUCCESS): D:\ai_doc_automation\Test Data\12th Certificate for Testing\Document11_13_page_0.png
2026-08-22 13:09:57,122  [INFO    ]  input_tracker -   SKIPPING (already SUCCESS): D:\ai_doc_automation\Test Data\12th Certificate for Testing\Document11_14_page_0.png
2026-08-22 13:09:57,122  [INFO    ]  input_tracker -   SKIPPING (already SUCCESS): D:\ai_doc_automation\Test Data\12th Certificate for Testing\Document11_15_page_0.png
2026-08-22 13:09:57,122  [INFO    ]  input_tracker -   SKIPPING (already SUCCESS): D:\ai_doc_automation\Test Data\12th Certificate for Testing\Document11_16_page_0.png
2026-08-22 13:09:57,122  [INFO    ]  input_tracker -   SKIPPING (already SUCCESS): D:\ai_doc_automation\Test Data\12th Certificate for Testing\Document11_17_page_0.png
2026-08-22 13:09:57,124  [INFO    ]  input_tracker -   SKIPPING (already SUCCESS): D:\ai_doc_automation\Test Data\12th Certificate for Testing\Document11_18_page_0.png
2026-08-22 13:09:57,124  [INFO    ]  input_tracker -   SKIPPING (already SUCCESS): D:\ai_doc_automation\Test Data\12th Certificate for Testing\Document11_19_page_0.png
2026-08-22 13:09:57,124  [INFO    ]  input_tracker -   SKIPPING (already SUCCESS): D:\ai_doc_automation\Test Data\12th Certificate for Testing\Document11_1_page_0.png
2026-08-22 13:09:57,125  [INFO    ]  input_tracker -   SKIPPING (already SUCCESS): D:\ai_doc_automation\Test Data\12th Certificate for Testing\Document11_20_page_0.png
2026-08-22 13:09:57,125  [INFO    ]  input_tracker -   SKIPPING (already SUCCESS): D:\ai_doc_automation\Test Data\12th Certificate for Testing\Document11_21_page_0.png
2026-08-22 13:09:57,125  [INFO    ]  input_tracker -   SKIPPING (already SUCCESS): D:\ai_doc_automation\Test Data\12th Certificate for Testing\Document11_22_page_0.png
2026-08-22 13:09:57,126  [INFO    ]  input_tracker -   SKIPPING (already SUCCESS): D:\ai_doc_automation\Test Data\12th Certificate for Testing\Document11_23_page_0.png
2026-08-22 13:09:57,126  [INFO    ]  input_tracker -   SKIPPING (already SUCCESS): D:\ai_doc_automation\Test Data\12th Certificate for Testing\Document11_24_page_0.png
2026-08-22 13:09:57,127  [INFO    ]  input_tracker -   SKIPPING (already SUCCESS): D:\ai_doc_automation\Test Data\12th Certificate for Testing\Document11_25_page_0.png
2026-08-22 13:09:57,127  [INFO    ]  input_tracker -   SKIPPING (already SUCCESS): D:\ai_doc_automation\Test Data\12th Certificate for Testing\Document11_25_page_1.png
2026-08-22 13:09:57,127  [INFO    ]  input_tracker -   SKIPPING (already SUCCESS): D:\ai_doc_automation\Test Data\12th Certificate for Testing\Document11_26_page_0.png
2026-08-22 13:09:57,127  [INFO    ]  input_tracker -   SKIPPING (already SUCCESS): D:\ai_doc_automation\Test Data\12th Certificate for Testing\Document11_27_page_0.png
2026-08-22 13:09:57,128  [INFO    ]  input_tracker -   SKIPPING (already SUCCESS): D:\ai_doc_automation\Test Data\Degree Certificate\Document12_10_page_0.png
2026-08-22 13:09:57,128  [INFO    ]  input_tracker -   SKIPPING (already SUCCESS): D:\ai_doc_automation\Test Data\Degree Certificate\Document12_11_page_0.png
2026-08-22 13:09:57,128  [INFO    ]  input_tracker -   SKIPPING (already SUCCESS): D:\ai_doc_automation\Test Data\Degree Certificate\Document12_12_page_0.png
2026-08-22 13:09:57,129  [INFO    ]  input_tracker -   SKIPPING (already SUCCESS): D:\ai_doc_automation\Test Data\Degree Certificate\Document12_13_page_0.png
2026-08-22 13:09:57,129  [INFO    ]  input_tracker -   SKIPPING (already SUCCESS): D:\ai_doc_automation\Test Data\Degree Certificate\Document12_14_page_0.png
2026-08-22 13:09:57,129  [INFO    ]  input_tracker -   SKIPPING (already SUCCESS): D:\ai_doc_automation\Test Data\Degree Certificate\Document12_15_page_0.png
2026-08-22 13:09:57,130  [INFO    ]  input_tracker -   SKIPPING (already SUCCESS): D:\ai_doc_automation\Test Data\Degree Certificate\Document12_16_page_0.png
2026-08-22 13:09:57,130  [INFO    ]  input_tracker -   SKIPPING (already SUCCESS): D:\ai_doc_automation\Test Data\Degree Certificate\Document12_17_page_0.png
2026-08-22 13:09:57,130  [INFO    ]  input_tracker -   SKIPPING (already SUCCESS): D:\ai_doc_automation\Test Data\Degree Certificate\Document12_18_page_0.png
2026-08-22 13:09:57,130  [INFO    ]  input_tracker -   SKIPPING (already SUCCESS): D:\ai_doc_automation\Test Data\Degree Certificate\Document12_19_page_0.png
2026-08-22 13:09:57,131  [INFO    ]  input_tracker -   SKIPPING (already SUCCESS): D:\ai_doc_automation\Test Data\Degree Certificate\Document12_1_page_0.png
2026-08-22 13:09:57,131  [INFO    ]  input_tracker -   SKIPPING (already SUCCESS): D:\ai_doc_automation\Test Data\Degree Certificate\Document12_20_page_0.png
2026-08-22 13:09:57,131  [INFO    ]  input_tracker -   SKIPPING (already SUCCESS): D:\ai_doc_automation\Test Data\Degree Certificate\Document12_21_page_0.png
2026-08-22 13:09:57,132  [INFO    ]  input_tracker -   SKIPPING (already SUCCESS): D:\ai_doc_automation\Test Data\Degree Certificate\Document12_22_page_0.png
2026-08-22 13:09:57,132  [INFO    ]  input_tracker -   SKIPPING (already SUCCESS): D:\ai_doc_automation\Test Data\Degree Certificate\Document12_23_page_0.png
2026-08-22 13:09:57,132  [INFO    ]  input_tracker -   SKIPPING (already SUCCESS): D:\ai_doc_automation\Test Data\Degree Certificate\Document12_24_page_0.png
2026-08-22 13:09:57,133  [INFO    ]  input_tracker -   SKIPPING (already SUCCESS): D:\ai_doc_automation\Test Data\Degree Certificate\Document12_25_page_0.png
2026-08-22 13:09:57,133  [INFO    ]  input_tracker -   SKIPPING (already SUCCESS): D:\ai_doc_automation\Test Data\Degree Certificate\Document12_26_page_0.png
2026-08-22 13:09:57,133  [INFO    ]  input_tracker -   SKIPPING (already SUCCESS): D:\ai_doc_automation\Test Data\Degree Certificate\Document12_27_page_0.png
2026-08-22 13:09:57,135  [INFO    ]  input_tracker -   SKIPPING (already SUCCESS): D:\ai_doc_automation\Test Data\Degree Certificate\Document12_28_page_0.png
2026-08-22 13:09:57,135  [INFO    ]  input_tracker -   SKIPPING (already SUCCESS): D:\ai_doc_automation\Test Data\Degree Certificate\Document12_29_page_0.png
2026-08-22 13:09:57,136  [INFO    ]  input_tracker -   SKIPPING (already SUCCESS): D:\ai_doc_automation\Test Data\Degree Certificate\Document12_2_page_0.png
2026-08-22 13:09:57,136  [INFO    ]  input_tracker -   SKIPPING (already SUCCESS): D:\ai_doc_automation\Test Data\Degree Certificate\Document12_30_page_0.png
2026-08-22 13:09:57,137  [INFO    ]  input_tracker -   SKIPPING (already SUCCESS): D:\ai_doc_automation\Test Data\Degree Certificate\Document12_31_page_0.png
2026-08-22 13:09:57,137  [INFO    ]  input_tracker -   SKIPPING (already SUCCESS): D:\ai_doc_automation\Test Data\Degree Certificate\Document12_32_page_0.png
2026-08-22 13:09:57,137  [INFO    ]  input_tracker -   SKIPPING (already SUCCESS): D:\ai_doc_automation\Test Data\Degree Certificate\Document12_33_page_0.png
2026-08-22 13:09:57,137  [INFO    ]  input_tracker -   SKIPPING (already SUCCESS): D:\ai_doc_automation\Test Data\Degree Certificate\Document12_34_page_0.png
2026-08-22 13:09:57,138  [INFO    ]  input_tracker -   SKIPPING (already SUCCESS): D:\ai_doc_automation\Test Data\Degree Certificate\Document12_35_page_0.png
2026-08-22 13:09:57,138  [INFO    ]  input_tracker -   SKIPPING (already SUCCESS): D:\ai_doc_automation\Test Data\Degree Certificate\Document12_36_page_0.png
2026-08-22 13:09:57,139  [INFO    ]  input_tracker -   SKIPPING (already SUCCESS): D:\ai_doc_automation\Test Data\Degree Certificate\Document12_37_page_0.png
2026-08-22 13:09:57,139  [INFO    ]  input_tracker -   SKIPPING (already SUCCESS): D:\ai_doc_automation\Test Data\Degree Certificate\Document12_38_page_0.png
2026-08-22 13:09:57,140  [INFO    ]  input_tracker -   SKIPPING (already SUCCESS): D:\ai_doc_automation\Test Data\Degree Certificate\Document12_39_page_0.png
2026-08-22 13:09:57,140  [INFO    ]  input_tracker -   SKIPPING (already SUCCESS): D:\ai_doc_automation\Test Data\Degree Certificate\Document12_3_page_0.png
2026-08-22 13:09:57,140  [INFO    ]  input_tracker -   SKIPPING (already SUCCESS): D:\ai_doc_automation\Test Data\Degree Certificate\Document12_40_page_0.png
2026-08-22 13:09:57,141  [INFO    ]  input_tracker -   SKIPPING (already SUCCESS): D:\ai_doc_automation\Test Data\Degree Certificate\Document12_41_page_0.png
2026-08-22 13:09:57,141  [INFO    ]  input_tracker -   SKIPPING (already SUCCESS): D:\ai_doc_automation\Test Data\Degree Certificate\Document12_42_page_0.png
2026-08-22 13:09:57,141  [INFO    ]  input_tracker -   SKIPPING (already SUCCESS): D:\ai_doc_automation\Test Data\Degree Certificate\Document12_43_page_0.png
2026-08-22 13:09:57,141  [INFO    ]  input_tracker -   SKIPPING (already SUCCESS): D:\ai_doc_automation\Test Data\Degree Certificate\Document12_44_page_0.png
2026-08-22 13:09:57,142  [INFO    ]  input_tracker -   SKIPPING (already SUCCESS): D:\ai_doc_automation\Test Data\Degree Certificate\Document12_45_page_0.png
2026-08-22 13:09:57,143  [INFO    ]  input_tracker -   SKIPPING (already SUCCESS): D:\ai_doc_automation\Test Data\Degree Certificate\Document12_46_page_0.png
2026-08-22 13:09:57,144  [INFO    ]  input_tracker -   SKIPPING (already SUCCESS): D:\ai_doc_automation\Test Data\Degree Certificate\Document12_47_page_0.png
2026-08-22 13:09:57,145  [INFO    ]  input_tracker -   SKIPPING (already SUCCESS): D:\ai_doc_automation\Test Data\Degree Certificate\Document12_48_page_0.png
2026-08-22 13:09:57,145  [INFO    ]  input_tracker -   SKIPPING (already SUCCESS): D:\ai_doc_automation\Test Data\Degree Certificate\Document12_49_page_0.png
2026-08-22 13:09:57,146  [INFO    ]  input_tracker -   SKIPPING (already SUCCESS): D:\ai_doc_automation\Test Data\Degree Certificate\Document12_4_page_0.png
2026-08-22 13:09:57,146  [INFO    ]  input_tracker -   SKIPPING (already SUCCESS): D:\ai_doc_automation\Test Data\Degree Certificate\Document12_50_page_0.png
2026-08-22 13:09:57,147  [INFO    ]  input_tracker -   SKIPPING (already SUCCESS): D:\ai_doc_automation\Test Data\Degree Certificate\Document12_5_page_0.png
2026-08-22 13:09:57,147  [INFO    ]  input_tracker -   SKIPPING (already SUCCESS): D:\ai_doc_automation\Test Data\Degree Certificate\Document12_6_page_0.png
2026-08-22 13:09:57,147  [INFO    ]  input_tracker -   SKIPPING (already SUCCESS): D:\ai_doc_automation\Test Data\Degree Certificate\Document12_7_page_0.png
2026-08-22 13:09:57,147  [INFO    ]  input_tracker -   SKIPPING (already SUCCESS): D:\ai_doc_automation\Test Data\Degree Certificate\Document12_8_page_0.png
2026-08-22 13:09:57,148  [INFO    ]  input_tracker -   SKIPPING (already SUCCESS): D:\ai_doc_automation\Test Data\Degree Certificate\Document12_9_page_0.png
2026-08-22 13:09:57,149  [INFO    ]  input_tracker -   SKIPPING (already SUCCESS): D:\ai_doc_automation\Test Data\Income Certificate for Testing\IncomeCertificate_10_page_0.png
2026-08-22 13:09:57,149  [INFO    ]  input_tracker -   SKIPPING (already SUCCESS): D:\ai_doc_automation\Test Data\Income Certificate for Testing\IncomeCertificate_11_page_0.png
2026-08-22 13:09:57,149  [INFO    ]  input_tracker -   SKIPPING (already SUCCESS): D:\ai_doc_automation\Test Data\Income Certificate for Testing\IncomeCertificate_12_page_0.png
2026-08-22 13:09:57,149  [INFO    ]  input_tracker -   SKIPPING (already SUCCESS): D:\ai_doc_automation\Test Data\Income Certificate for Testing\IncomeCertificate_13_page_0.png
2026-08-22 13:09:57,150  [INFO    ]  input_tracker -   SKIPPING (already SUCCESS): D:\ai_doc_automation\Test Data\Income Certificate for Testing\IncomeCertificate_14_page_0.png
2026-08-22 13:09:57,151  [INFO    ]  input_tracker -   SKIPPING (already SUCCESS): D:\ai_doc_automation\Test Data\Income Certificate for Testing\IncomeCertificate_15_page_0.png
2026-08-22 13:09:57,151  [INFO    ]  input_tracker -   SKIPPING (already SUCCESS): D:\ai_doc_automation\Test Data\Income Certificate for Testing\IncomeCertificate_16_page_0.png
2026-08-22 13:09:57,151  [INFO    ]  input_tracker -   SKIPPING (already SUCCESS): D:\ai_doc_automation\Test Data\Income Certificate for Testing\IncomeCertificate_17_page_0.png
2026-08-22 13:09:57,152  [INFO    ]  input_tracker -   SKIPPING (already SUCCESS): D:\ai_doc_automation\Test Data\Income Certificate for Testing\IncomeCertificate_18_page_0.png
2026-08-22 13:09:57,152  [INFO    ]  input_tracker -   SKIPPING (already SUCCESS): D:\ai_doc_automation\Test Data\Income Certificate for Testing\IncomeCertificate_19_page_0.png
2026-08-22 13:09:57,153  [INFO    ]  input_tracker -   SKIPPING (already SUCCESS): D:\ai_doc_automation\Test Data\Income Certificate for Testing\IncomeCertificate_1_page_0.png
2026-08-22 13:09:57,153  [INFO    ]  input_tracker -   SKIPPING (already SUCCESS): D:\ai_doc_automation\Test Data\Income Certificate for Testing\IncomeCertificate_20_page_0.png
2026-08-22 13:09:57,153  [INFO    ]  input_tracker -   SKIPPING (already SUCCESS): D:\ai_doc_automation\Test Data\Income Certificate for Testing\IncomeCertificate_21_page_0.png
2026-08-22 13:09:57,155  [INFO    ]  input_tracker -   SKIPPING (already SUCCESS): D:\ai_doc_automation\Test Data\Income Certificate for Testing\IncomeCertificate_22_page_0.png
2026-08-22 13:09:57,155  [INFO    ]  input_tracker -   SKIPPING (already SUCCESS): D:\ai_doc_automation\Test Data\Income Certificate for Testing\IncomeCertificate_23_page_0.png
2026-08-22 13:09:57,155  [INFO    ]  input_tracker -   SKIPPING (already SUCCESS): D:\ai_doc_automation\Test Data\Income Certificate for Testing\IncomeCertificate_24_page_0.png
2026-08-22 13:09:57,155  [INFO    ]  input_tracker -   SKIPPING (already SUCCESS): D:\ai_doc_automation\Test Data\Income Certificate for Testing\IncomeCertificate_25_page_0.png
2026-08-22 13:09:57,156  [INFO    ]  input_tracker -   SKIPPING (already SUCCESS): D:\ai_doc_automation\Test Data\Income Certificate for Testing\IncomeCertificate_26_page_0.png
2026-08-22 13:09:57,156  [INFO    ]  input_tracker -   SKIPPING (already SUCCESS): D:\ai_doc_automation\Test Data\Income Certificate for Testing\IncomeCertificate_27_page_0.png
2026-08-22 13:09:57,157  [INFO    ]  input_tracker -   SKIPPING (already SUCCESS): D:\ai_doc_automation\Test Data\Income Certificate for Testing\IncomeCertificate_28_page_0.png
2026-08-22 13:09:57,157  [INFO    ]  input_tracker -   SKIPPING (already SUCCESS): D:\ai_doc_automation\Test Data\Cast Certificate for Testing\CastCertificate_10_page_0.png
2026-08-22 13:09:57,158  [INFO    ]  input_tracker -   SKIPPING (already SUCCESS): D:\ai_doc_automation\Test Data\Cast Certificate for Testing\CastCertificate_11_page_0.png
2026-08-22 13:09:57,158  [INFO    ]  input_tracker -   SKIPPING (already SUCCESS): D:\ai_doc_automation\Test Data\Cast Certificate for Testing\CastCertificate_12_page_0.png
2026-08-22 13:09:57,159  [INFO    ]  input_tracker -   SKIPPING (already SUCCESS): D:\ai_doc_automation\Test Data\Cast Certificate for Testing\CastCertificate_13_page_0.png
2026-08-22 13:09:57,159  [INFO    ]  input_tracker -   SKIPPING (already SUCCESS): D:\ai_doc_automation\Test Data\Cast Certificate for Testing\CastCertificate_14_page_0.png
2026-08-22 13:09:57,160  [INFO    ]  input_tracker -   SKIPPING (already SUCCESS): D:\ai_doc_automation\Test Data\Cast Certificate for Testing\CastCertificate_15_page_0.png
2026-08-22 13:09:57,162  [INFO    ]  input_tracker -   SKIPPING (already SUCCESS): D:\ai_doc_automation\Test Data\Cast Certificate for Testing\CastCertificate_16_page_0.png
2026-08-22 13:09:57,163  [INFO    ]  input_tracker -   SKIPPING (already SUCCESS): D:\ai_doc_automation\Test Data\Cast Certificate for Testing\CastCertificate_17_page_0.png
2026-08-22 13:09:57,165  [INFO    ]  input_tracker -   SKIPPING (already SUCCESS): D:\ai_doc_automation\Test Data\Cast Certificate for Testing\CastCertificate_18_page_0.png
2026-08-22 13:09:57,166  [INFO    ]  input_tracker -   SKIPPING (already SUCCESS): D:\ai_doc_automation\Test Data\Cast Certificate for Testing\CastCertificate_19_page_0.png
2026-08-22 13:09:57,166  [INFO    ]  input_tracker -   SKIPPING (already SUCCESS): D:\ai_doc_automation\Test Data\Cast Certificate for Testing\CastCertificate_1_page_0.png
2026-08-22 13:09:57,166  [INFO    ]  input_tracker -   SKIPPING (already SUCCESS): D:\ai_doc_automation\Test Data\Cast Certificate for Testing\CastCertificate_20_page_0.png
2026-08-22 13:09:57,166  [INFO    ]  input_tracker -   SKIPPING (already SUCCESS): D:\ai_doc_automation\Test Data\Cast Certificate for Testing\CastCertificate_21_page_0.png
2026-08-22 13:09:57,166  [INFO    ]  input_tracker -   SKIPPING (already SUCCESS): D:\ai_doc_automation\Test Data\Cast Certificate for Testing\CastCertificate_22_page_0.png
2026-08-22 13:09:57,166  [INFO    ]  input_tracker -   SKIPPING (already SUCCESS): D:\ai_doc_automation\Test Data\Cast Certificate for Testing\CastCertificate_23_page_0.png
2026-08-22 13:09:57,170  [INFO    ]  input_tracker -   SKIPPING (already SUCCESS): D:\ai_doc_automation\Test Data\Cast Certificate for Testing\CastCertificate_24_page_0.png
2026-08-22 13:09:57,170  [INFO    ]  input_tracker -   SKIPPING (already SUCCESS): D:\ai_doc_automation\Test Data\Cast Certificate for Testing\CastCertificate_25_page_0.png
2026-08-22 13:09:57,170  [INFO    ]  input_tracker -   SKIPPING (already SUCCESS): D:\ai_doc_automation\Test Data\Cast Certificate for Testing\CastCertificate_26_page_0.png
2026-08-22 13:09:57,172  [INFO    ]  input_tracker -   SKIPPING (already SUCCESS): D:\ai_doc_automation\Test Data\Cast Certificate for Testing\CastCertificate_27_page_0.png
2026-08-22 13:09:57,172  [INFO    ]  input_tracker -   SKIPPING (already SUCCESS): D:\ai_doc_automation\Test Data\Cast Certificate for Testing\CastCertificate_28_page_0.png
2026-08-22 13:09:57,172  [INFO    ]  input_tracker -   SKIPPING (already SUCCESS): D:\ai_doc_automation\Test Data\Residence Certificate for Testing\ResidenceCertificate_10_page_0.png
2026-08-22 13:09:57,172  [INFO    ]  input_tracker -   SKIPPING (already SUCCESS): D:\ai_doc_automation\Test Data\Residence Certificate for Testing\ResidenceCertificate_11_page_0.png
2026-08-22 13:09:57,172  [INFO    ]  input_tracker -   SKIPPING (already SUCCESS): D:\ai_doc_automation\Test Data\Residence Certificate for Testing\ResidenceCertificate_12_page_0.png
2026-08-22 13:09:57,175  [INFO    ]  input_tracker -   SKIPPING (already SUCCESS): D:\ai_doc_automation\Test Data\Residence Certificate for Testing\ResidenceCertificate_13_page_0.png
2026-08-22 13:09:57,175  [INFO    ]  input_tracker -   SKIPPING (already SUCCESS): D:\ai_doc_automation\Test Data\Residence Certificate for Testing\ResidenceCertificate_14_page_0.png
2026-08-22 13:09:57,175  [INFO    ]  input_tracker -   SKIPPING (already SUCCESS): D:\ai_doc_automation\Test Data\Residence Certificate for Testing\ResidenceCertificate_15_page_0.png
2026-08-22 13:09:57,175  [INFO    ]  input_tracker -   SKIPPING (already SUCCESS): D:\ai_doc_automation\Test Data\Residence Certificate for Testing\ResidenceCertificate_16_page_0.png
2026-08-22 13:09:57,175  [INFO    ]  input_tracker -   SKIPPING (already SUCCESS): D:\ai_doc_automation\Test Data\Residence Certificate for Testing\ResidenceCertificate_17_page_0.png
2026-08-22 13:09:57,175  [INFO    ]  input_tracker -   SKIPPING (already SUCCESS): D:\ai_doc_automation\Test Data\Residence Certificate for Testing\ResidenceCertificate_18_page_0.png
2026-08-22 13:09:57,179  [INFO    ]  input_tracker -   SKIPPING (already SUCCESS): D:\ai_doc_automation\Test Data\Residence Certificate for Testing\ResidenceCertificate_19_page_0.png
2026-08-22 13:09:57,179  [INFO    ]  input_tracker -   SKIPPING (already SUCCESS): D:\ai_doc_automation\Test Data\Residence Certificate for Testing\ResidenceCertificate_1_page_0.png
2026-08-22 13:09:57,180  [INFO    ]  input_tracker -   SKIPPING (already SUCCESS): D:\ai_doc_automation\Test Data\Residence Certificate for Testing\ResidenceCertificate_20_page_0.png
2026-08-22 13:09:57,180  [INFO    ]  input_tracker -   SKIPPING (already SUCCESS): D:\ai_doc_automation\Test Data\Residence Certificate for Testing\ResidenceCertificate_21_page_0.png
2026-08-22 13:09:57,181  [INFO    ]  input_tracker -   SKIPPING (already SUCCESS): D:\ai_doc_automation\Test Data\Residence Certificate for Testing\ResidenceCertificate_22_page_0.png
2026-08-22 13:09:57,181  [INFO    ]  input_tracker -   SKIPPING (already SUCCESS): D:\ai_doc_automation\Test Data\Residence Certificate for Testing\ResidenceCertificate_23_page_0.png
2026-08-22 13:09:57,181  [INFO    ]  input_tracker -   SKIPPING (already SUCCESS): D:\ai_doc_automation\Test Data\Residence Certificate for Testing\ResidenceCertificate_24_page_0.png
2026-08-22 13:09:57,183  [INFO    ]  input_tracker -   SKIPPING (already SUCCESS): D:\ai_doc_automation\Test Data\Residence Certificate for Testing\ResidenceCertificate_25_page_0.png
2026-08-22 13:09:57,183  [INFO    ]  input_tracker -   SKIPPING (already SUCCESS): D:\ai_doc_automation\Test Data\Residence Certificate for Testing\ResidenceCertificate_26_page_0.png
2026-08-22 13:09:57,184  [INFO    ]  input_tracker -   SKIPPING (already SUCCESS): D:\ai_doc_automation\Test Data\Residence Certificate for Testing\ResidenceCertificate_27_page_0.png
2026-08-22 13:09:57,184  [INFO    ]  input_tracker -   SKIPPING (already SUCCESS): D:\ai_doc_automation\Test Data\Residence Certificate for Testing\ResidenceCertificate_28_page_0.png
2026-08-22 13:09:57,185  [INFO    ]  main - Records to process: 150
2026-08-22 13:09:59,194  [INFO    ]  driver_setup - Chrome WebDriver started successfully.
2026-08-22 13:09:59,196  [INFO    ]  excel_writer - Output Excel: D:\ai_doc_automation\output\ai_doc_results_20260822_130959.xlsx
2026-08-22 13:09:59,198  [INFO    ]  main - Opening portal: https://aiprojects.odisha.gov.in/demo
2026-08-22 13:10:03,332  [INFO    ]  doc_uploader - Screenshot saved: D:\ai_doc_automation\output\screenshots\20260822_131003_01_dashboard.png
2026-08-22 13:10:03,332  [INFO    ]  doc_uploader - Navigating to 'Verify Document' page...
2026-08-22 13:10:05,270  [INFO    ]  doc_uploader - On Verify Document page.
2026-08-22 13:10:05,429  [INFO    ]  doc_uploader - Screenshot saved: D:\ai_doc_automation\output\screenshots\20260822_131005_02_verify_form.png
2026-08-22 13:10:05,446  [INFO    ]  main - 
[1/150] D:\ai_doc_automation\Test Data\10th Marksheet for Testing\Document10_549_page_0.png
2026-08-22 13:10:05,446  [INFO    ]  main - ============================================================
2026-08-22 13:10:05,447  [INFO    ]  main - Processing [1/150]: Document10_549_page_0.png  |  10th Marksheet  |  Attempt 1
2026-08-22 13:10:05,447  [INFO    ]  main - ============================================================
2026-08-22 13:10:05,448  [WARNING ]  input_tracker - Could not save input_map.xlsx — it may be open in Excel. Close the file and the status will update on next write.
2026-08-22 13:10:05,449  [INFO    ]  doc_uploader - Selecting document type: '10th Marksheet'
2026-08-22 13:10:05,551  [INFO    ]  doc_uploader - Selected by visible text: '10th Marksheet'
2026-08-22 13:10:05,551  [INFO    ]  doc_uploader - Ensuring 'Plain extraction' is selected...
2026-08-22 13:10:10,961  [INFO    ]  doc_uploader - Clicked Plain extraction text element.
2026-08-22 13:10:10,993  [INFO    ]  doc_uploader - Uploading file: D:\ai_doc_automation\Test Data\10th Marksheet for Testing\Document10_549_page_0.png
2026-08-22 13:10:11,000  [INFO    ]  doc_uploader - File input found via JS querySelector.
2026-08-22 13:10:21,437  [INFO    ]  doc_uploader - Upload preview ready (submit button visible).
2026-08-22 13:10:31,486  [INFO    ]  doc_uploader - File uploaded successfully.
2026-08-22 13:10:31,486  [INFO    ]  doc_uploader - Pre-submit verification...
2026-08-22 13:10:41,584  [WARNING ]  doc_uploader - Dropdown mismatch! Expected '10th Marksheet', found 'Aadhaar Card'. Re-selecting.
2026-08-22 13:10:41,584  [INFO    ]  doc_uploader - Selecting document type: '10th Marksheet'
2026-08-22 13:10:41,659  [INFO    ]  doc_uploader - Selected by visible text: '10th Marksheet'
2026-08-22 13:10:51,716  [INFO    ]  doc_uploader - Clicking 'Submit to engine'...
2026-08-22 13:11:03,169  [INFO    ]  doc_uploader - Submitted to engine. Waiting for result...
2026-08-22 13:11:03,169  [INFO    ]  doc_uploader - Waiting for engine result (timeout=90s)...
2026-08-22 13:11:28,374  [INFO    ]  doc_uploader - Result appeared after 25s.
2026-08-22 13:11:29,482  [INFO    ]  doc_uploader - Screenshot saved: D:\ai_doc_automation\output\screenshots\20260822_131129_result_Document10_549_page_0.png.png
2026-08-22 13:11:29,482  [INFO    ]  result_parser - Reading verdict from Overview tab...
2026-08-22 13:12:06,060  [INFO    ]  result_parser - Verdict: SUCCESS (from verdict card)
2026-08-22 13:12:06,060  [INFO    ]  result_parser - Clicking Extraction tab...
2026-08-22 13:12:07,944  [INFO    ]  result_parser - On Extraction tab.
2026-08-22 13:12:07,955  [INFO    ]  result_parser - JS parse: 14 fields
2026-08-22 13:12:08,076  [INFO    ]  doc_uploader - Screenshot saved: D:\ai_doc_automation\output\screenshots\20260822_131207_extracted_Document10_549_page_0.png.png
2026-08-22 13:12:08,092  [INFO    ]  excel_writer - Created sheet: '10th Marksheet'  headers: ['Filename', 'Document Type', 'Expected Status', 'Actual Status', 'Final Output', 'Error Message', 'Board Name', 'Cgpa Secured', 'Date Of Birth', 'Examination Name', 'Father Name', 'Grade', 'Mother Name', 'Percentage', 'Result', 'Roll Number', 'School Name', 'Student Name', 'Total Marks Secured', 'Year Of Passing']
2026-08-22 13:12:08,131  [WARNING ]  input_tracker - Could not save input_map.xlsx — it may be open in Excel. Close the file and the status will update on next write.
2026-08-22 13:12:08,131  [INFO    ]  main - [OK] Document10_549_page_0.png: SUCCESS (83.9s)
2026-08-22 13:12:08,131  [INFO    ]  doc_uploader - Resetting form for next submission...
2026-08-22 13:12:10,016  [INFO    ]  doc_uploader - New submission clicked — form reset.
2026-08-22 13:12:10,021  [INFO    ]  doc_uploader - Upload form is ready for next document.
2026-08-22 13:12:10,037  [INFO    ]  main - 
[2/150] D:\ai_doc_automation\Test Data\10th Marksheet for Testing\Document10_550_page_0.png
2026-08-22 13:12:10,037  [INFO    ]  main - ============================================================
2026-08-22 13:12:10,037  [INFO    ]  main - Processing [2/150]: Document10_550_page_0.png  |  10th Marksheet  |  Attempt 1
2026-08-22 13:12:10,037  [INFO    ]  main - ============================================================
2026-08-22 13:12:10,039  [WARNING ]  input_tracker - Could not save input_map.xlsx — it may be open in Excel. Close the file and the status will update on next write.
2026-08-22 13:12:10,041  [INFO    ]  doc_uploader - Selecting document type: '10th Marksheet'
2026-08-22 13:12:10,078  [INFO    ]  doc_uploader - Selected by visible text: '10th Marksheet'
2026-08-22 13:12:10,078  [INFO    ]  doc_uploader - Ensuring 'Plain extraction' is selected...
2026-08-22 13:12:15,498  [INFO    ]  doc_uploader - Clicked Plain extraction text element.
2026-08-22 13:12:15,499  [INFO    ]  doc_uploader - Uploading file: D:\ai_doc_automation\Test Data\10th Marksheet for Testing\Document10_550_page_0.png
2026-08-22 13:12:15,505  [INFO    ]  doc_uploader - File input found via JS querySelector.
2026-08-22 13:12:25,898  [INFO    ]  doc_uploader - Upload preview ready (submit button visible).
2026-08-22 13:12:35,957  [INFO    ]  doc_uploader - File uploaded successfully.
2026-08-22 13:12:35,957  [INFO    ]  doc_uploader - Pre-submit verification...
2026-08-22 13:12:56,104  [INFO    ]  doc_uploader - Clicking 'Submit to engine'...
2026-08-22 13:13:07,520  [INFO    ]  doc_uploader - Submitted to engine. Waiting for result...
2026-08-22 13:13:07,520  [INFO    ]  doc_uploader - Waiting for engine result (timeout=90s)...
2026-08-22 13:13:32,741  [INFO    ]  doc_uploader - Result appeared after 25s.
2026-08-22 13:13:33,853  [INFO    ]  doc_uploader - Screenshot saved: D:\ai_doc_automation\output\screenshots\20260822_131333_result_Document10_550_page_0.png.png
2026-08-22 13:13:33,853  [INFO    ]  result_parser - Reading verdict from Overview tab...
2026-08-22 13:14:10,532  [INFO    ]  result_parser - Verdict: SUCCESS (from verdict card)
2026-08-22 13:14:10,532  [INFO    ]  result_parser - Clicking Extraction tab...
2026-08-22 13:14:12,416  [INFO    ]  result_parser - On Extraction tab.
2026-08-22 13:14:12,416  [INFO    ]  result_parser - JS parse: 14 fields
2026-08-22 13:14:12,534  [INFO    ]  doc_uploader - Screenshot saved: D:\ai_doc_automation\output\screenshots\20260822_131412_extracted_Document10_550_page_0.png.png
2026-08-22 13:14:12,571  [WARNING ]  input_tracker - Could not save input_map.xlsx — it may be open in Excel. Close the file and the status will update on next write.
2026-08-22 13:14:12,571  [INFO    ]  main - [OK] Document10_550_page_0.png: SUCCESS (83.7s)
2026-08-22 13:14:12,571  [INFO    ]  doc_uploader - Resetting form for next submission...
2026-08-22 13:14:14,450  [INFO    ]  doc_uploader - New submission clicked — form reset.
2026-08-22 13:14:14,471  [INFO    ]  doc_uploader - Upload form is ready for next document.
2026-08-22 13:14:14,471  [INFO    ]  main - 
[3/150] D:\ai_doc_automation\Test Data\10th Marksheet for Testing\Document10_551_page_0.png
2026-08-22 13:14:14,472  [INFO    ]  main - ============================================================
2026-08-22 13:14:14,472  [INFO    ]  main - Processing [3/150]: Document10_551_page_0.png  |  10th Marksheet  |  Attempt 1
2026-08-22 13:14:14,472  [INFO    ]  main - ============================================================
2026-08-22 13:14:14,474  [WARNING ]  input_tracker - Could not save input_map.xlsx — it may be open in Excel. Close the file and the status will update on next write.
2026-08-22 13:14:14,475  [INFO    ]  doc_uploader - Selecting document type: '10th Marksheet'
2026-08-22 13:14:14,516  [INFO    ]  doc_uploader - Selected by visible text: '10th Marksheet'
2026-08-22 13:14:14,516  [INFO    ]  doc_uploader - Ensuring 'Plain extraction' is selected...
2026-08-22 13:14:19,926  [INFO    ]  doc_uploader - Clicked Plain extraction text element.
2026-08-22 13:14:19,926  [INFO    ]  doc_uploader - Uploading file: D:\ai_doc_automation\Test Data\10th Marksheet for Testing\Document10_551_page_0.png
2026-08-22 13:14:19,926  [INFO    ]  doc_uploader - File input found via JS querySelector.
2026-08-22 13:14:30,329  [INFO    ]  doc_uploader - Upload preview ready (submit button visible).
2026-08-22 13:14:40,384  [INFO    ]  doc_uploader - File uploaded successfully.
2026-08-22 13:14:40,384  [INFO    ]  doc_uploader - Pre-submit verification...
2026-08-22 13:15:00,601  [INFO    ]  doc_uploader - Clicking 'Submit to engine'...
2026-08-22 13:15:12,103  [INFO    ]  doc_uploader - Submitted to engine. Waiting for result...
2026-08-22 13:15:12,103  [INFO    ]  doc_uploader - Waiting for engine result (timeout=90s)...
2026-08-22 13:15:37,335  [INFO    ]  doc_uploader - Result appeared after 25s.
2026-08-22 13:15:38,447  [INFO    ]  doc_uploader - Screenshot saved: D:\ai_doc_automation\output\screenshots\20260822_131538_result_Document10_551_page_0.png.png
2026-08-22 13:15:38,447  [INFO    ]  result_parser - Reading verdict from Overview tab...
2026-08-22 13:16:15,035  [INFO    ]  result_parser - Verdict: SUCCESS (from verdict card)
2026-08-22 13:16:15,035  [INFO    ]  result_parser - Clicking Extraction tab...
2026-08-22 13:16:16,954  [INFO    ]  result_parser - On Extraction tab.
2026-08-22 13:16:16,962  [INFO    ]  result_parser - JS parse: 14 fields
2026-08-22 13:16:17,080  [INFO    ]  doc_uploader - Screenshot saved: D:\ai_doc_automation\output\screenshots\20260822_131616_extracted_Document10_551_page_0.png.png
2026-08-22 13:16:17,126  [WARNING ]  input_tracker - Could not save input_map.xlsx — it may be open in Excel. Close the file and the status will update on next write.
2026-08-22 13:16:17,126  [INFO    ]  main - [OK] Document10_551_page_0.png: SUCCESS (83.9s)
2026-08-22 13:16:17,127  [INFO    ]  doc_uploader - Resetting form for next submission...
2026-08-22 13:16:19,012  [INFO    ]  doc_uploader - New submission clicked — form reset.
2026-08-22 13:16:19,038  [INFO    ]  doc_uploader - Upload form is ready for next document.
2026-08-22 13:16:19,039  [INFO    ]  main - 
[4/150] D:\ai_doc_automation\Test Data\10th Marksheet for Testing\Document10_552_page_0.png
2026-08-22 13:16:19,040  [INFO    ]  main - ============================================================
2026-08-22 13:16:19,040  [INFO    ]  main - Processing [4/150]: Document10_552_page_0.png  |  10th Marksheet  |  Attempt 1
2026-08-22 13:16:19,040  [INFO    ]  main - ============================================================
2026-08-22 13:16:19,041  [WARNING ]  input_tracker - Could not save input_map.xlsx — it may be open in Excel. Close the file and the status will update on next write.
2026-08-22 13:16:19,042  [INFO    ]  doc_uploader - Selecting document type: '10th Marksheet'
2026-08-22 13:16:19,092  [INFO    ]  doc_uploader - Selected by visible text: '10th Marksheet'
2026-08-22 13:16:19,092  [INFO    ]  doc_uploader - Ensuring 'Plain extraction' is selected...
2026-08-22 13:16:24,531  [INFO    ]  doc_uploader - Clicked Plain extraction text element.
2026-08-22 13:16:24,532  [INFO    ]  doc_uploader - Uploading file: D:\ai_doc_automation\Test Data\10th Marksheet for Testing\Document10_552_page_0.png
2026-08-22 13:16:24,538  [INFO    ]  doc_uploader - File input found via JS querySelector.
2026-08-22 13:16:34,949  [INFO    ]  doc_uploader - Upload preview ready (submit button visible).
2026-08-22 13:16:45,019  [INFO    ]  doc_uploader - File uploaded successfully.
2026-08-22 13:16:45,020  [INFO    ]  doc_uploader - Pre-submit verification...
2026-08-22 13:17:05,268  [INFO    ]  doc_uploader - Clicking 'Submit to engine'...
2026-08-22 13:17:16,700  [INFO    ]  doc_uploader - Submitted to engine. Waiting for result...
2026-08-22 13:17:16,700  [INFO    ]  doc_uploader - Waiting for engine result (timeout=90s)...
2026-08-22 13:17:41,974  [INFO    ]  doc_uploader - Result appeared after 25s.
2026-08-22 13:17:43,114  [INFO    ]  doc_uploader - Screenshot saved: D:\ai_doc_automation\output\screenshots\20260822_131742_result_Document10_552_page_0.png.png
2026-08-22 13:17:43,114  [INFO    ]  result_parser - Reading verdict from Overview tab...
2026-08-22 13:18:19,833  [INFO    ]  result_parser - Verdict: SUCCESS (from verdict card)
2026-08-22 13:18:19,833  [INFO    ]  result_parser - Clicking Extraction tab...
2026-08-22 13:18:21,708  [INFO    ]  result_parser - On Extraction tab.
2026-08-22 13:18:21,711  [INFO    ]  result_parser - JS parse: 14 fields
2026-08-22 13:18:21,818  [INFO    ]  doc_uploader - Screenshot saved: D:\ai_doc_automation\output\screenshots\20260822_131821_extracted_Document10_552_page_0.png.png
2026-08-22 13:18:21,849  [WARNING ]  input_tracker - Could not save input_map.xlsx — it may be open in Excel. Close the file and the status will update on next write.
2026-08-22 13:18:21,849  [INFO    ]  main - [OK] Document10_552_page_0.png: SUCCESS (83.9s)
2026-08-22 13:18:21,849  [INFO    ]  doc_uploader - Resetting form for next submission...
2026-08-22 13:18:23,727  [INFO    ]  doc_uploader - New submission clicked — form reset.
2026-08-22 13:18:23,752  [INFO    ]  doc_uploader - Upload form is ready for next document.
2026-08-22 13:18:23,752  [INFO    ]  main - 
[5/150] D:\ai_doc_automation\Test Data\10th Marksheet for Testing\Document10_553_page_0.png
2026-08-22 13:18:23,752  [INFO    ]  main - ============================================================
2026-08-22 13:18:23,752  [INFO    ]  main - Processing [5/150]: Document10_553_page_0.png  |  10th Marksheet  |  Attempt 1
2026-08-22 13:18:23,752  [INFO    ]  main - ============================================================
2026-08-22 13:18:23,754  [WARNING ]  input_tracker - Could not save input_map.xlsx — it may be open in Excel. Close the file and the status will update on next write.
2026-08-22 13:18:23,754  [INFO    ]  doc_uploader - Pre-upload check: expecting REJECT for Document10_553_page_0.png — File size 30.11MB exceeds 5MB limit
2026-08-22 13:18:23,754  [INFO    ]  doc_uploader - Selecting document type: '10th Marksheet'
2026-08-22 13:18:23,796  [INFO    ]  doc_uploader - Selected by visible text: '10th Marksheet'
2026-08-22 13:18:23,797  [INFO    ]  doc_uploader - Ensuring 'Plain extraction' is selected...
2026-08-22 13:18:29,206  [INFO    ]  doc_uploader - Clicked Plain extraction text element.
2026-08-22 13:18:29,206  [INFO    ]  doc_uploader - Uploading file: D:\ai_doc_automation\Test Data\10th Marksheet for Testing\Document10_553_page_0.png
2026-08-22 13:18:29,224  [INFO    ]  doc_uploader - File input found via JS querySelector.
2026-08-22 13:18:39,668  [INFO    ]  doc_uploader - Upload preview ready (submit button visible).
2026-08-22 13:18:49,734  [INFO    ]  doc_uploader - File uploaded successfully.
2026-08-22 13:18:49,734  [INFO    ]  doc_uploader - Pre-submit verification...
2026-08-22 13:19:09,911  [INFO    ]  doc_uploader - Clicking 'Submit to engine'...
2026-08-22 13:19:21,399  [INFO    ]  doc_uploader - Submitted to engine. Waiting for result...
2026-08-22 13:19:21,399  [INFO    ]  doc_uploader - Waiting for engine result (timeout=90s)...
2026-08-22 13:19:51,694  [WARNING ]  doc_uploader - Upload error detected via JS: Upload a JPEG, PNG, WebP, or PDF document up to 5 MB.
2026-08-22 13:19:51,694  [WARNING ]  doc_uploader - Upload rejection banner detected during wait: Upload a JPEG, PNG, WebP, or PDF document up to 5 MB.
2026-08-22 13:19:51,694  [WARNING ]  main - File upload rejected for Document10_553_page_0.png: Upload a JPEG, PNG, WebP, or PDF document up to 5 MB.
2026-08-22 13:19:51,826  [INFO    ]  doc_uploader - Screenshot saved: D:\ai_doc_automation\output\screenshots\20260822_131951_upload_rejected_Document10_553_page_0.png.png
2026-08-22 13:19:51,861  [WARNING ]  input_tracker - Could not save input_map.xlsx — it may be open in Excel. Close the file and the status will update on next write.
2026-08-22 13:19:51,861  [INFO    ]  main - [FAIL] Document10_553_page_0.png: FAILED (87.9s)
2026-08-22 13:19:51,861  [INFO    ]  doc_uploader - Resetting form for next submission...
2026-08-22 13:20:02,426  [INFO    ]  doc_uploader - Navigating to Verify Document page to reset form.
2026-08-22 13:20:02,426  [INFO    ]  doc_uploader - Navigating to 'Verify Document' page...
2026-08-22 13:20:04,309  [INFO    ]  doc_uploader - On Verify Document page.
2026-08-22 13:20:04,328  [INFO    ]  doc_uploader - Upload form is ready for next document.
2026-08-22 13:20:04,329  [INFO    ]  main - 
[6/150] D:\ai_doc_automation\Test Data\10th Marksheet for Testing\Document10_561_page_0.png
2026-08-22 13:20:04,329  [INFO    ]  main - ============================================================
2026-08-22 13:20:04,329  [INFO    ]  main - Processing [6/150]: Document10_561_page_0.png  |  10th Marksheet  |  Attempt 1
2026-08-22 13:20:04,329  [INFO    ]  main - ============================================================
2026-08-22 13:20:04,330  [WARNING ]  input_tracker - Could not save input_map.xlsx — it may be open in Excel. Close the file and the status will update on next write.
2026-08-22 13:20:04,331  [INFO    ]  doc_uploader - Selecting document type: '10th Marksheet'
2026-08-22 13:20:04,393  [INFO    ]  doc_uploader - Selected by visible text: '10th Marksheet'
2026-08-22 13:20:04,393  [INFO    ]  doc_uploader - Ensuring 'Plain extraction' is selected...
2026-08-22 13:20:09,803  [INFO    ]  doc_uploader - Clicked Plain extraction text element.
2026-08-22 13:20:09,819  [INFO    ]  doc_uploader - Uploading file: D:\ai_doc_automation\Test Data\10th Marksheet for Testing\Document10_561_page_0.png
2026-08-22 13:20:09,819  [INFO    ]  doc_uploader - File input found via JS querySelector.
2026-08-22 13:20:20,226  [INFO    ]  doc_uploader - Upload preview ready (submit button visible).
2026-08-22 13:20:30,297  [INFO    ]  doc_uploader - File uploaded successfully.
2026-08-22 13:20:30,298  [INFO    ]  doc_uploader - Pre-submit verification...
2026-08-22 13:20:40,405  [WARNING ]  doc_uploader - Dropdown mismatch! Expected '10th Marksheet', found 'Aadhaar Card'. Re-selecting.
2026-08-22 13:20:40,405  [INFO    ]  doc_uploader - Selecting document type: '10th Marksheet'
2026-08-22 13:20:40,487  [INFO    ]  doc_uploader - Selected by visible text: '10th Marksheet'
2026-08-22 13:20:50,543  [INFO    ]  doc_uploader - Clicking 'Submit to engine'...
2026-08-22 13:21:02,039  [INFO    ]  doc_uploader - Submitted to engine. Waiting for result...
2026-08-22 13:21:02,039  [INFO    ]  doc_uploader - Waiting for engine result (timeout=90s)...
2026-08-22 13:21:27,242  [INFO    ]  doc_uploader - Result appeared after 25s.
2026-08-22 13:21:28,347  [INFO    ]  doc_uploader - Screenshot saved: D:\ai_doc_automation\output\screenshots\20260822_132128_result_Document10_561_page_0.png.png
2026-08-22 13:21:28,347  [INFO    ]  result_parser - Reading verdict from Overview tab...
2026-08-22 13:22:04,956  [INFO    ]  result_parser - Verdict: SUCCESS (from verdict card)
2026-08-22 13:22:04,956  [INFO    ]  result_parser - Clicking Extraction tab...
2026-08-22 13:22:06,829  [INFO    ]  result_parser - On Extraction tab.
2026-08-22 13:22:06,829  [INFO    ]  result_parser - JS parse: 14 fields
2026-08-22 13:22:06,941  [INFO    ]  doc_uploader - Screenshot saved: D:\ai_doc_automation\output\screenshots\20260822_132206_extracted_Document10_561_page_0.png.png
2026-08-22 13:22:06,976  [WARNING ]  input_tracker - Could not save input_map.xlsx — it may be open in Excel. Close the file and the status will update on next write.
2026-08-22 13:22:06,976  [INFO    ]  main - [OK] Document10_561_page_0.png: SUCCESS (83.9s)
2026-08-22 13:22:06,976  [INFO    ]  doc_uploader - Resetting form for next submission...
2026-08-22 13:22:08,862  [INFO    ]  doc_uploader - New submission clicked — form reset.
2026-08-22 13:22:08,884  [INFO    ]  doc_uploader - Upload form is ready for next document.
2026-08-22 13:22:08,884  [INFO    ]  main - 
[7/150] D:\ai_doc_automation\Test Data\10th Marksheet for Testing\Document10_562_page_0.png
2026-08-22 13:22:08,884  [INFO    ]  main - ============================================================
2026-08-22 13:22:08,884  [INFO    ]  main - Processing [7/150]: Document10_562_page_0.png  |  10th Marksheet  |  Attempt 1
2026-08-22 13:22:08,884  [INFO    ]  main - ============================================================
2026-08-22 13:22:08,884  [WARNING ]  input_tracker - Could not save input_map.xlsx — it may be open in Excel. Close the file and the status will update on next write.
2026-08-22 13:22:08,884  [INFO    ]  doc_uploader - Selecting document type: '10th Marksheet'
2026-08-22 13:22:08,933  [INFO    ]  doc_uploader - Selected by visible text: '10th Marksheet'
2026-08-22 13:22:08,933  [INFO    ]  doc_uploader - Ensuring 'Plain extraction' is selected...
2026-08-22 13:22:14,358  [INFO    ]  doc_uploader - Clicked Plain extraction text element.
2026-08-22 13:22:14,359  [INFO    ]  doc_uploader - Uploading file: D:\ai_doc_automation\Test Data\10th Marksheet for Testing\Document10_562_page_0.png
2026-08-22 13:22:14,364  [INFO    ]  doc_uploader - File input found via JS querySelector.
2026-08-22 13:22:24,833  [INFO    ]  doc_uploader - Upload preview ready (submit button visible).
2026-08-22 13:22:34,892  [INFO    ]  doc_uploader - File uploaded successfully.
2026-08-22 13:22:34,892  [INFO    ]  doc_uploader - Pre-submit verification...
2026-08-22 13:22:55,228  [INFO    ]  doc_uploader - Clicking 'Submit to engine'...
2026-08-22 13:23:06,701  [INFO    ]  doc_uploader - Submitted to engine. Waiting for result...
2026-08-22 13:23:06,701  [INFO    ]  doc_uploader - Waiting for engine result (timeout=90s)...
2026-08-22 13:23:31,973  [INFO    ]  doc_uploader - Result appeared after 25s.
2026-08-22 13:23:33,080  [INFO    ]  doc_uploader - Screenshot saved: D:\ai_doc_automation\output\screenshots\20260822_132332_result_Document10_562_page_0.png.png
2026-08-22 13:23:33,080  [INFO    ]  result_parser - Reading verdict from Overview tab...
2026-08-22 13:24:09,796  [INFO    ]  result_parser - Verdict: SUCCESS (from verdict card)
2026-08-22 13:24:09,796  [INFO    ]  result_parser - Clicking Extraction tab...
2026-08-22 13:24:11,683  [INFO    ]  result_parser - On Extraction tab.
2026-08-22 13:24:11,686  [INFO    ]  result_parser - JS parse: 14 fields
2026-08-22 13:24:11,792  [INFO    ]  doc_uploader - Screenshot saved: D:\ai_doc_automation\output\screenshots\20260822_132411_extracted_Document10_562_page_0.png.png
2026-08-22 13:24:11,831  [WARNING ]  input_tracker - Could not save input_map.xlsx — it may be open in Excel. Close the file and the status will update on next write.
2026-08-22 13:24:11,831  [INFO    ]  main - [OK] Document10_562_page_0.png: SUCCESS (84.1s)
2026-08-22 13:24:11,831  [INFO    ]  doc_uploader - Resetting form for next submission...
2026-08-22 13:24:13,706  [INFO    ]  doc_uploader - New submission clicked — form reset.
2026-08-22 13:24:13,732  [INFO    ]  doc_uploader - Upload form is ready for next document.
2026-08-22 13:24:13,732  [INFO    ]  main - 
[8/150] D:\ai_doc_automation\Test Data\10th Marksheet for Testing\Document10_563_page_0.png
2026-08-22 13:24:13,732  [INFO    ]  main - ============================================================
2026-08-22 13:24:13,734  [INFO    ]  main - Processing [8/150]: Document10_563_page_0.png  |  10th Marksheet  |  Attempt 1
2026-08-22 13:24:13,734  [INFO    ]  main - ============================================================
2026-08-22 13:24:13,734  [WARNING ]  input_tracker - Could not save input_map.xlsx — it may be open in Excel. Close the file and the status will update on next write.
2026-08-22 13:24:13,734  [INFO    ]  doc_uploader - Selecting document type: '10th Marksheet'
2026-08-22 13:24:13,782  [INFO    ]  doc_uploader - Selected by visible text: '10th Marksheet'
2026-08-22 13:24:13,782  [INFO    ]  doc_uploader - Ensuring 'Plain extraction' is selected...
2026-08-22 13:24:19,167  [INFO    ]  doc_uploader - Clicked Plain extraction text element.
2026-08-22 13:24:19,167  [INFO    ]  doc_uploader - Uploading file: D:\ai_doc_automation\Test Data\10th Marksheet for Testing\Document10_563_page_0.png
2026-08-22 13:24:19,180  [INFO    ]  doc_uploader - File input found via JS querySelector.
2026-08-22 13:24:29,621  [INFO    ]  doc_uploader - Upload preview ready (submit button visible).
2026-08-22 13:24:39,718  [INFO    ]  doc_uploader - File uploaded successfully.
2026-08-22 13:24:39,718  [INFO    ]  doc_uploader - Pre-submit verification...
2026-08-22 13:24:59,912  [INFO    ]  doc_uploader - Clicking 'Submit to engine'...
2026-08-22 13:25:11,416  [INFO    ]  doc_uploader - Submitted to engine. Waiting for result...
2026-08-22 13:25:11,416  [INFO    ]  doc_uploader - Waiting for engine result (timeout=90s)...
2026-08-22 13:25:36,633  [INFO    ]  doc_uploader - Result appeared after 25s.
2026-08-22 13:25:37,745  [INFO    ]  doc_uploader - Screenshot saved: D:\ai_doc_automation\output\screenshots\20260822_132537_result_Document10_563_page_0.png.png
2026-08-22 13:25:37,745  [INFO    ]  result_parser - Reading verdict from Overview tab...
2026-08-22 13:26:14,453  [INFO    ]  result_parser - Verdict: SUCCESS (from verdict card)
2026-08-22 13:26:14,453  [INFO    ]  result_parser - Clicking Extraction tab...
2026-08-22 13:26:16,332  [INFO    ]  result_parser - On Extraction tab.
2026-08-22 13:26:16,332  [INFO    ]  result_parser - JS parse: 14 fields
2026-08-22 13:26:16,440  [INFO    ]  doc_uploader - Screenshot saved: D:\ai_doc_automation\output\screenshots\20260822_132616_extracted_Document10_563_page_0.png.png
2026-08-22 13:26:16,474  [WARNING ]  input_tracker - Could not save input_map.xlsx — it may be open in Excel. Close the file and the status will update on next write.
2026-08-22 13:26:16,474  [INFO    ]  main - [OK] Document10_563_page_0.png: SUCCESS (83.9s)
2026-08-22 13:26:16,474  [INFO    ]  doc_uploader - Resetting form for next submission...
2026-08-22 13:26:18,357  [INFO    ]  doc_uploader - New submission clicked — form reset.
2026-08-22 13:26:18,381  [INFO    ]  doc_uploader - Upload form is ready for next document.
2026-08-22 13:26:18,381  [INFO    ]  main - 
[9/150] D:\ai_doc_automation\Test Data\10th Marksheet for Testing\Document10_564_page_0.png
2026-08-22 13:26:18,382  [INFO    ]  main - ============================================================
2026-08-22 13:26:18,382  [INFO    ]  main - Processing [9/150]: Document10_564_page_0.png  |  10th Marksheet  |  Attempt 1
2026-08-22 13:26:18,382  [INFO    ]  main - ============================================================
2026-08-22 13:26:18,383  [WARNING ]  input_tracker - Could not save input_map.xlsx — it may be open in Excel. Close the file and the status will update on next write.
2026-08-22 13:26:18,384  [INFO    ]  doc_uploader - Selecting document type: '10th Marksheet'
2026-08-22 13:26:18,426  [INFO    ]  doc_uploader - Selected by visible text: '10th Marksheet'
2026-08-22 13:26:18,427  [INFO    ]  doc_uploader - Ensuring 'Plain extraction' is selected...
2026-08-22 13:26:23,845  [INFO    ]  doc_uploader - Clicked Plain extraction text element.
2026-08-22 13:26:23,845  [INFO    ]  doc_uploader - Uploading file: D:\ai_doc_automation\Test Data\10th Marksheet for Testing\Document10_564_page_0.png
2026-08-22 13:26:23,857  [INFO    ]  doc_uploader - File input found via JS querySelector.
2026-08-22 13:26:34,265  [INFO    ]  doc_uploader - Upload preview ready (submit button visible).
2026-08-22 13:26:44,315  [INFO    ]  doc_uploader - File uploaded successfully.
2026-08-22 13:26:44,315  [INFO    ]  doc_uploader - Pre-submit verification...
2026-08-22 13:27:04,524  [INFO    ]  doc_uploader - Clicking 'Submit to engine'...
2026-08-22 13:27:16,033  [INFO    ]  doc_uploader - Submitted to engine. Waiting for result...
2026-08-22 13:27:16,033  [INFO    ]  doc_uploader - Waiting for engine result (timeout=90s)...
2026-08-22 13:27:41,321  [INFO    ]  doc_uploader - Result appeared after 25s.
2026-08-22 13:27:42,428  [INFO    ]  doc_uploader - Screenshot saved: D:\ai_doc_automation\output\screenshots\20260822_132742_result_Document10_564_page_0.png.png
2026-08-22 13:27:42,428  [INFO    ]  result_parser - Reading verdict from Overview tab...
2026-08-22 13:28:19,121  [INFO    ]  result_parser - Verdict: SUCCESS (from verdict card)
2026-08-22 13:28:19,125  [INFO    ]  result_parser - Clicking Extraction tab...
2026-08-22 13:28:20,999  [INFO    ]  result_parser - On Extraction tab.
2026-08-22 13:28:20,999  [INFO    ]  result_parser - JS parse: 14 fields
2026-08-22 13:28:21,106  [INFO    ]  doc_uploader - Screenshot saved: D:\ai_doc_automation\output\screenshots\20260822_132820_extracted_Document10_564_page_0.png.png
2026-08-22 13:28:21,152  [WARNING ]  input_tracker - Could not save input_map.xlsx — it may be open in Excel. Close the file and the status will update on next write.
2026-08-22 13:28:21,153  [INFO    ]  main - [OK] Document10_564_page_0.png: SUCCESS (83.9s)
2026-08-22 13:28:21,153  [INFO    ]  doc_uploader - Resetting form for next submission...
2026-08-22 13:28:23,032  [INFO    ]  doc_uploader - New submission clicked — form reset.
2026-08-22 13:28:23,058  [INFO    ]  doc_uploader - Upload form is ready for next document.
2026-08-22 13:28:23,058  [INFO    ]  main - 
[10/150] D:\ai_doc_automation\Test Data\10th Marksheet for Testing\Document10_565_page_0.png
2026-08-22 13:28:23,059  [INFO    ]  main - ============================================================
2026-08-22 13:28:23,059  [INFO    ]  main - Processing [10/150]: Document10_565_page_0.png  |  10th Marksheet  |  Attempt 1
2026-08-22 13:28:23,059  [INFO    ]  main - ============================================================
2026-08-22 13:28:23,060  [WARNING ]  input_tracker - Could not save input_map.xlsx — it may be open in Excel. Close the file and the status will update on next write.
2026-08-22 13:28:23,061  [INFO    ]  doc_uploader - Selecting document type: '10th Marksheet'
2026-08-22 13:28:23,092  [INFO    ]  doc_uploader - Selected by visible text: '10th Marksheet'
2026-08-22 13:28:23,106  [INFO    ]  doc_uploader - Ensuring 'Plain extraction' is selected...
2026-08-22 13:28:28,536  [INFO    ]  doc_uploader - Clicked Plain extraction text element.
2026-08-22 13:28:28,536  [INFO    ]  doc_uploader - Uploading file: D:\ai_doc_automation\Test Data\10th Marksheet for Testing\Document10_565_page_0.png
2026-08-22 13:28:28,536  [INFO    ]  doc_uploader - File input found via JS querySelector.
2026-08-22 13:28:38,989  [INFO    ]  doc_uploader - Upload preview ready (submit button visible).
2026-08-22 13:28:49,057  [INFO    ]  doc_uploader - File uploaded successfully.
2026-08-22 13:28:49,057  [INFO    ]  doc_uploader - Pre-submit verification...
2026-08-22 13:29:09,311  [INFO    ]  doc_uploader - Clicking 'Submit to engine'...
2026-08-22 13:29:20,765  [INFO    ]  doc_uploader - Submitted to engine. Waiting for result...
2026-08-22 13:29:20,765  [INFO    ]  doc_uploader - Waiting for engine result (timeout=90s)...
2026-08-22 13:29:45,939  [INFO    ]  doc_uploader - Result appeared after 25s.
2026-08-22 13:29:47,089  [INFO    ]  doc_uploader - Screenshot saved: D:\ai_doc_automation\output\screenshots\20260822_132946_result_Document10_565_page_0.png.png
2026-08-22 13:29:47,089  [INFO    ]  result_parser - Reading verdict from Overview tab...
2026-08-22 13:30:23,638  [INFO    ]  result_parser - Verdict: SUCCESS (from verdict card)
2026-08-22 13:30:23,638  [INFO    ]  result_parser - Clicking Extraction tab...
2026-08-22 13:30:25,516  [INFO    ]  result_parser - On Extraction tab.
2026-08-22 13:30:25,527  [INFO    ]  result_parser - JS parse: 14 fields
2026-08-22 13:30:25,650  [INFO    ]  doc_uploader - Screenshot saved: D:\ai_doc_automation\output\screenshots\20260822_133025_extracted_Document10_565_page_0.png.png
2026-08-22 13:30:25,684  [WARNING ]  input_tracker - Could not save input_map.xlsx — it may be open in Excel. Close the file and the status will update on next write.
2026-08-22 13:30:25,684  [INFO    ]  main - [OK] Document10_565_page_0.png: SUCCESS (83.9s)
2026-08-22 13:30:25,684  [INFO    ]  doc_uploader - Resetting form for next submission...
2026-08-22 13:30:27,570  [INFO    ]  doc_uploader - New submission clicked — form reset.
2026-08-22 13:30:27,595  [INFO    ]  doc_uploader - Upload form is ready for next document.
2026-08-22 13:30:27,596  [INFO    ]  main - 
[11/150] D:\ai_doc_automation\Test Data\10th Marksheet for Testing\Document10_573_page_0.png
2026-08-22 13:30:27,596  [INFO    ]  main - ============================================================
2026-08-22 13:30:27,596  [INFO    ]  main - Processing [11/150]: Document10_573_page_0.png  |  10th Marksheet  |  Attempt 1
2026-08-22 13:30:27,596  [INFO    ]  main - ============================================================
2026-08-22 13:30:27,596  [WARNING ]  input_tracker - Could not save input_map.xlsx — it may be open in Excel. Close the file and the status will update on next write.
2026-08-22 13:30:27,596  [INFO    ]  doc_uploader - Selecting document type: '10th Marksheet'
2026-08-22 13:30:27,640  [INFO    ]  doc_uploader - Selected by visible text: '10th Marksheet'
2026-08-22 13:30:27,640  [INFO    ]  doc_uploader - Ensuring 'Plain extraction' is selected...
2026-08-22 13:30:33,012  [INFO    ]  doc_uploader - Clicked Plain extraction text element.
2026-08-22 13:30:33,012  [INFO    ]  doc_uploader - Uploading file: D:\ai_doc_automation\Test Data\10th Marksheet for Testing\Document10_573_page_0.png
2026-08-22 13:30:33,023  [INFO    ]  doc_uploader - File input found via JS querySelector.
2026-08-22 13:30:43,391  [INFO    ]  doc_uploader - Upload preview ready (submit button visible).
2026-08-22 13:30:53,490  [INFO    ]  doc_uploader - File uploaded successfully.
2026-08-22 13:30:53,490  [INFO    ]  doc_uploader - Pre-submit verification...
2026-08-22 13:31:13,739  [INFO    ]  doc_uploader - Clicking 'Submit to engine'...
2026-08-22 13:31:25,203  [INFO    ]  doc_uploader - Submitted to engine. Waiting for result...
2026-08-22 13:31:25,204  [INFO    ]  doc_uploader - Waiting for engine result (timeout=90s)...
2026-08-22 13:31:50,386  [INFO    ]  doc_uploader - Result appeared after 25s.
2026-08-22 13:31:51,492  [INFO    ]  doc_uploader - Screenshot saved: D:\ai_doc_automation\output\screenshots\20260822_133151_result_Document10_573_page_0.png.png
2026-08-22 13:31:51,492  [INFO    ]  result_parser - Reading verdict from Overview tab...
2026-08-22 13:32:28,119  [INFO    ]  result_parser - Verdict: SUCCESS (from verdict card)
2026-08-22 13:32:28,119  [INFO    ]  result_parser - Clicking Extraction tab...
2026-08-22 13:32:29,989  [INFO    ]  result_parser - On Extraction tab.
2026-08-22 13:32:29,989  [INFO    ]  result_parser - JS parse: 14 fields
2026-08-22 13:32:30,132  [INFO    ]  doc_uploader - Screenshot saved: D:\ai_doc_automation\output\screenshots\20260822_133229_extracted_Document10_573_page_0.png.png
2026-08-22 13:32:30,474  [INFO    ]  main - [OK] Document10_573_page_0.png: SUCCESS (83.8s)
2026-08-22 13:32:30,474  [INFO    ]  doc_uploader - Resetting form for next submission...
2026-08-22 13:32:32,353  [INFO    ]  doc_uploader - New submission clicked — form reset.
2026-08-22 13:32:32,374  [INFO    ]  doc_uploader - Upload form is ready for next document.
2026-08-22 13:32:32,374  [INFO    ]  main - 
[12/150] D:\ai_doc_automation\Test Data\10th Marksheet for Testing\Document10_574_page_0.png
2026-08-22 13:32:32,375  [INFO    ]  main - ============================================================
2026-08-22 13:32:32,375  [INFO    ]  main - Processing [12/150]: Document10_574_page_0.png  |  10th Marksheet  |  Attempt 1
2026-08-22 13:32:32,375  [INFO    ]  main - ============================================================
2026-08-22 13:32:32,700  [INFO    ]  doc_uploader - Pre-upload check: expecting REJECT for Document10_574_page_0.png — File size 5.24MB exceeds 5MB limit
2026-08-22 13:32:32,700  [INFO    ]  doc_uploader - Selecting document type: '10th Marksheet'
2026-08-22 13:32:32,766  [INFO    ]  doc_uploader - Selected by visible text: '10th Marksheet'
2026-08-22 13:32:32,766  [INFO    ]  doc_uploader - Ensuring 'Plain extraction' is selected...
2026-08-22 13:32:38,178  [INFO    ]  doc_uploader - Clicked Plain extraction text element.
2026-08-22 13:32:38,178  [INFO    ]  doc_uploader - Uploading file: D:\ai_doc_automation\Test Data\10th Marksheet for Testing\Document10_574_page_0.png
2026-08-22 13:32:38,185  [INFO    ]  doc_uploader - File input found via JS querySelector.
2026-08-22 13:32:48,630  [INFO    ]  doc_uploader - Upload preview ready (submit button visible).
2026-08-22 13:32:58,750  [INFO    ]  doc_uploader - File uploaded successfully.
2026-08-22 13:32:58,752  [INFO    ]  doc_uploader - Pre-submit verification...
2026-08-22 13:33:19,004  [INFO    ]  doc_uploader - Clicking 'Submit to engine'...
2026-08-22 13:33:26,717  [WARNING ]  doc_uploader - Upload error detected via XPath: Upload a JPEG, PNG, WebP, or PDF document up to 5 MB.
2026-08-22 13:33:26,717  [WARNING ]  main - File upload rejected for Document10_574_page_0.png: Upload a JPEG, PNG, WebP, or PDF document up to 5 MB.
2026-08-22 13:33:26,893  [INFO    ]  doc_uploader - Screenshot saved: D:\ai_doc_automation\output\screenshots\20260822_133326_upload_rejected_Document10_574_page_0.png.png
2026-08-22 13:33:27,242  [INFO    ]  main - [FAIL] Document10_574_page_0.png: FAILED (54.0s)
2026-08-22 13:33:27,242  [INFO    ]  doc_uploader - Resetting form for next submission...
2026-08-22 13:33:37,782  [INFO    ]  doc_uploader - Navigating to Verify Document page to reset form.
2026-08-22 13:33:37,782  [INFO    ]  doc_uploader - Navigating to 'Verify Document' page...
2026-08-22 13:33:39,679  [INFO    ]  doc_uploader - On Verify Document page.
2026-08-22 13:33:39,703  [INFO    ]  doc_uploader - Upload form is ready for next document.
2026-08-22 13:33:39,704  [INFO    ]  main - 
[13/150] D:\ai_doc_automation\Test Data\10th Marksheet for Testing\Document10_575_page_0.png
2026-08-22 13:33:39,704  [INFO    ]  main - ============================================================
2026-08-22 13:33:39,705  [INFO    ]  main - Processing [13/150]: Document10_575_page_0.png  |  10th Marksheet  |  Attempt 1
2026-08-22 13:33:39,705  [INFO    ]  main - ============================================================
2026-08-22 13:33:39,979  [INFO    ]  doc_uploader - Selecting document type: '10th Marksheet'
2026-08-22 13:33:40,069  [INFO    ]  doc_uploader - Selected by visible text: '10th Marksheet'
2026-08-22 13:33:40,069  [INFO    ]  doc_uploader - Ensuring 'Plain extraction' is selected...
2026-08-22 13:33:45,461  [INFO    ]  doc_uploader - Clicked Plain extraction text element.
2026-08-22 13:33:45,462  [INFO    ]  doc_uploader - Uploading file: D:\ai_doc_automation\Test Data\10th Marksheet for Testing\Document10_575_page_0.png
2026-08-22 13:33:45,469  [INFO    ]  doc_uploader - File input found via JS querySelector.
2026-08-22 13:33:55,864  [INFO    ]  doc_uploader - Upload preview ready (submit button visible).
2026-08-22 13:34:05,986  [INFO    ]  doc_uploader - File uploaded successfully.
2026-08-22 13:34:05,987  [INFO    ]  doc_uploader - Pre-submit verification...
2026-08-22 13:34:16,094  [WARNING ]  doc_uploader - Dropdown mismatch! Expected '10th Marksheet', found 'Aadhaar Card'. Re-selecting.
2026-08-22 13:34:16,094  [INFO    ]  doc_uploader - Selecting document type: '10th Marksheet'
2026-08-22 13:34:16,176  [INFO    ]  doc_uploader - Selected by visible text: '10th Marksheet'
2026-08-22 13:34:26,390  [INFO    ]  doc_uploader - Clicking 'Submit to engine'...
2026-08-22 13:34:37,854  [INFO    ]  doc_uploader - Submitted to engine. Waiting for result...
2026-08-22 13:34:37,855  [INFO    ]  doc_uploader - Waiting for engine result (timeout=90s)...
2026-08-22 13:35:03,069  [INFO    ]  doc_uploader - Result appeared after 25s.
2026-08-22 13:35:04,166  [INFO    ]  doc_uploader - Screenshot saved: D:\ai_doc_automation\output\screenshots\20260822_133504_result_Document10_575_page_0.png.png
2026-08-22 13:35:04,167  [INFO    ]  result_parser - Reading verdict from Overview tab...
2026-08-22 13:35:40,826  [INFO    ]  result_parser - Verdict: SUCCESS (from verdict card)
2026-08-22 13:35:40,828  [INFO    ]  result_parser - Clicking Extraction tab...
2026-08-22 13:35:42,708  [INFO    ]  result_parser - On Extraction tab.
2026-08-22 13:35:42,714  [INFO    ]  result_parser - JS parse: 14 fields
2026-08-22 13:35:42,824  [INFO    ]  doc_uploader - Screenshot saved: D:\ai_doc_automation\output\screenshots\20260822_133542_extracted_Document10_575_page_0.png.png
2026-08-22 13:35:43,149  [INFO    ]  main - [OK] Document10_575_page_0.png: SUCCESS (84.1s)
2026-08-22 13:35:43,150  [INFO    ]  doc_uploader - Resetting form for next submission...
2026-08-22 13:35:45,035  [INFO    ]  doc_uploader - New submission clicked — form reset.
2026-08-22 13:35:45,071  [INFO    ]  doc_uploader - Upload form is ready for next document.
2026-08-22 13:35:45,072  [INFO    ]  main - 
[14/150] D:\ai_doc_automation\Test Data\10th Marksheet for Testing\Document10_576_page_0.png
2026-08-22 13:35:45,073  [INFO    ]  main - ============================================================
2026-08-22 13:35:45,073  [INFO    ]  main - Processing [14/150]: Document10_576_page_0.png  |  10th Marksheet  |  Attempt 1
2026-08-22 13:35:45,073  [INFO    ]  main - ============================================================
2026-08-22 13:35:45,473  [INFO    ]  doc_uploader - Selecting document type: '10th Marksheet'
2026-08-22 13:35:45,516  [INFO    ]  doc_uploader - Selected by visible text: '10th Marksheet'
2026-08-22 13:35:45,516  [INFO    ]  doc_uploader - Ensuring 'Plain extraction' is selected...
2026-08-22 13:35:50,920  [INFO    ]  doc_uploader - Clicked Plain extraction text element.
2026-08-22 13:35:50,956  [INFO    ]  doc_uploader - Uploading file: D:\ai_doc_automation\Test Data\10th Marksheet for Testing\Document10_576_page_0.png
2026-08-22 13:35:50,963  [INFO    ]  doc_uploader - File input found via JS querySelector.
2026-08-22 13:36:01,458  [INFO    ]  doc_uploader - Upload preview ready (submit button visible).
2026-08-22 13:36:11,489  [INFO    ]  doc_uploader - File uploaded successfully.
2026-08-22 13:36:11,489  [INFO    ]  doc_uploader - Pre-submit verification...
2026-08-22 13:36:31,729  [INFO    ]  doc_uploader - Clicking 'Submit to engine'...
2026-08-22 13:36:43,210  [INFO    ]  doc_uploader - Submitted to engine. Waiting for result...
2026-08-22 13:36:43,210  [INFO    ]  doc_uploader - Waiting for engine result (timeout=90s)...
2026-08-22 13:37:08,382  [INFO    ]  doc_uploader - Result appeared after 25s.
2026-08-22 13:37:09,491  [INFO    ]  doc_uploader - Screenshot saved: D:\ai_doc_automation\output\screenshots\20260822_133709_result_Document10_576_page_0.png.png
2026-08-22 13:37:09,491  [INFO    ]  result_parser - Reading verdict from Overview tab...
2026-08-22 13:37:46,111  [INFO    ]  result_parser - Verdict: SUCCESS (from verdict card)
2026-08-22 13:37:46,112  [INFO    ]  result_parser - Clicking Extraction tab...
2026-08-22 13:37:47,988  [INFO    ]  result_parser - On Extraction tab.
2026-08-22 13:37:48,005  [INFO    ]  result_parser - JS parse: 14 fields
2026-08-22 13:37:48,157  [INFO    ]  doc_uploader - Screenshot saved: D:\ai_doc_automation\output\screenshots\20260822_133748_extracted_Document10_576_page_0.png.png
2026-08-22 13:37:48,598  [INFO    ]  main - [OK] Document10_576_page_0.png: SUCCESS (83.9s)
2026-08-22 13:37:48,598  [INFO    ]  doc_uploader - Resetting form for next submission...
2026-08-22 13:37:50,538  [INFO    ]  doc_uploader - New submission clicked — form reset.
2026-08-22 13:37:50,579  [INFO    ]  doc_uploader - Upload form is ready for next document.
2026-08-22 13:37:50,580  [INFO    ]  main - 
[15/150] D:\ai_doc_automation\Test Data\10th Marksheet for Testing\Document10_577_page_0.png
2026-08-22 13:37:50,580  [INFO    ]  main - ============================================================
2026-08-22 13:37:50,580  [INFO    ]  main - Processing [15/150]: Document10_577_page_0.png  |  10th Marksheet  |  Attempt 1
2026-08-22 13:37:50,581  [INFO    ]  main - ============================================================
2026-08-22 13:37:50,981  [INFO    ]  doc_uploader - Selecting document type: '10th Marksheet'
2026-08-22 13:37:51,029  [INFO    ]  doc_uploader - Selected by visible text: '10th Marksheet'
2026-08-22 13:37:51,031  [INFO    ]  doc_uploader - Ensuring 'Plain extraction' is selected...
2026-08-22 13:37:56,476  [INFO    ]  doc_uploader - Clicked Plain extraction text element.
2026-08-22 13:37:56,477  [INFO    ]  doc_uploader - Uploading file: D:\ai_doc_automation\Test Data\10th Marksheet for Testing\Document10_577_page_0.png
2026-08-22 13:37:56,485  [INFO    ]  doc_uploader - File input found via JS querySelector.
2026-08-22 13:38:06,933  [INFO    ]  doc_uploader - Upload preview ready (submit button visible).
2026-08-22 13:38:16,977  [INFO    ]  doc_uploader - File uploaded successfully.
2026-08-22 13:38:16,977  [INFO    ]  doc_uploader - Pre-submit verification...
2026-08-22 13:38:37,206  [INFO    ]  doc_uploader - Clicking 'Submit to engine'...
2026-08-22 13:38:48,695  [INFO    ]  doc_uploader - Submitted to engine. Waiting for result...
2026-08-22 13:38:48,695  [INFO    ]  doc_uploader - Waiting for engine result (timeout=90s)...
2026-08-22 13:39:13,859  [INFO    ]  doc_uploader - Result appeared after 25s.
2026-08-22 13:39:14,993  [INFO    ]  doc_uploader - Screenshot saved: D:\ai_doc_automation\output\screenshots\20260822_133914_result_Document10_577_page_0.png.png
2026-08-22 13:39:14,993  [INFO    ]  result_parser - Reading verdict from Overview tab...
2026-08-22 13:39:51,628  [INFO    ]  result_parser - Verdict: SUCCESS (from verdict card)
2026-08-22 13:39:51,628  [INFO    ]  result_parser - Clicking Extraction tab...
2026-08-22 13:39:53,498  [INFO    ]  result_parser - On Extraction tab.
2026-08-22 13:39:53,503  [INFO    ]  result_parser - JS parse: 14 fields
2026-08-22 13:39:53,631  [INFO    ]  doc_uploader - Screenshot saved: D:\ai_doc_automation\output\screenshots\20260822_133953_extracted_Document10_577_page_0.png.png
2026-08-22 13:39:53,938  [INFO    ]  main - [OK] Document10_577_page_0.png: SUCCESS (83.9s)
2026-08-22 13:39:53,938  [INFO    ]  doc_uploader - Resetting form for next submission...
2026-08-22 13:39:55,816  [INFO    ]  doc_uploader - New submission clicked — form reset.
2026-08-22 13:39:55,842  [INFO    ]  doc_uploader - Upload form is ready for next document.
2026-08-22 13:39:55,844  [INFO    ]  main - 
[16/150] D:\ai_doc_automation\Test Data\10th Marksheet for Testing\Document10_585_page_0.png
2026-08-22 13:39:55,844  [INFO    ]  main - ============================================================
2026-08-22 13:39:55,844  [INFO    ]  main - Processing [16/150]: Document10_585_page_0.png  |  10th Marksheet  |  Attempt 1
2026-08-22 13:39:55,845  [INFO    ]  main - ============================================================
2026-08-22 13:39:56,170  [INFO    ]  doc_uploader - Selecting document type: '10th Marksheet'
2026-08-22 13:39:56,224  [INFO    ]  doc_uploader - Selected by visible text: '10th Marksheet'
2026-08-22 13:39:56,225  [INFO    ]  doc_uploader - Ensuring 'Plain extraction' is selected...
2026-08-22 13:40:01,658  [INFO    ]  doc_uploader - Clicked Plain extraction text element.
2026-08-22 13:40:01,659  [INFO    ]  doc_uploader - Uploading file: D:\ai_doc_automation\Test Data\10th Marksheet for Testing\Document10_585_page_0.png
2026-08-22 13:40:01,666  [INFO    ]  doc_uploader - File input found via JS querySelector.
2026-08-22 13:40:12,111  [INFO    ]  doc_uploader - Upload preview ready (submit button visible).
2026-08-22 13:40:22,221  [INFO    ]  doc_uploader - File uploaded successfully.
2026-08-22 13:40:22,221  [INFO    ]  doc_uploader - Pre-submit verification...
2026-08-22 13:40:42,380  [INFO    ]  doc_uploader - Clicking 'Submit to engine'...
2026-08-22 13:40:53,883  [INFO    ]  doc_uploader - Submitted to engine. Waiting for result...
2026-08-22 13:40:53,884  [INFO    ]  doc_uploader - Waiting for engine result (timeout=90s)...
2026-08-22 13:41:19,232  [INFO    ]  doc_uploader - Result appeared after 25s.
2026-08-22 13:41:20,386  [INFO    ]  doc_uploader - Screenshot saved: D:\ai_doc_automation\output\screenshots\20260822_134120_result_Document10_585_page_0.png.png
2026-08-22 13:41:20,386  [INFO    ]  result_parser - Reading verdict from Overview tab...
2026-08-22 13:41:57,155  [INFO    ]  result_parser - Verdict: SUCCESS (from verdict card)
2026-08-22 13:41:57,156  [INFO    ]  result_parser - Clicking Extraction tab...
2026-08-22 13:41:59,039  [INFO    ]  result_parser - On Extraction tab.
2026-08-22 13:41:59,048  [INFO    ]  result_parser - JS parse: 14 fields
2026-08-22 13:41:59,165  [INFO    ]  doc_uploader - Screenshot saved: D:\ai_doc_automation\output\screenshots\20260822_134159_extracted_Document10_585_page_0.png.png
2026-08-22 13:41:59,463  [INFO    ]  main - [OK] Document10_585_page_0.png: SUCCESS (84.1s)
2026-08-22 13:41:59,463  [INFO    ]  doc_uploader - Resetting form for next submission...
2026-08-22 13:42:01,342  [INFO    ]  doc_uploader - New submission clicked — form reset.
2026-08-22 13:42:01,366  [INFO    ]  doc_uploader - Upload form is ready for next document.
2026-08-22 13:42:01,366  [INFO    ]  main - 
[17/150] D:\ai_doc_automation\Test Data\10th Marksheet for Testing\Document10_586_page_0.png
2026-08-22 13:42:01,367  [INFO    ]  main - ============================================================
2026-08-22 13:42:01,367  [INFO    ]  main - Processing [17/150]: Document10_586_page_0.png  |  10th Marksheet  |  Attempt 1
2026-08-22 13:42:01,367  [INFO    ]  main - ============================================================
2026-08-22 13:42:01,682  [INFO    ]  doc_uploader - Selecting document type: '10th Marksheet'
2026-08-22 13:42:01,733  [INFO    ]  doc_uploader - Selected by visible text: '10th Marksheet'
2026-08-22 13:42:01,733  [INFO    ]  doc_uploader - Ensuring 'Plain extraction' is selected...
2026-08-22 13:42:07,168  [INFO    ]  doc_uploader - Clicked Plain extraction text element.
2026-08-22 13:42:07,169  [INFO    ]  doc_uploader - Uploading file: D:\ai_doc_automation\Test Data\10th Marksheet for Testing\Document10_586_page_0.png
2026-08-22 13:42:07,178  [INFO    ]  doc_uploader - File input found via JS querySelector.
2026-08-22 13:42:17,613  [INFO    ]  doc_uploader - Upload preview ready (submit button visible).
2026-08-22 13:42:27,706  [INFO    ]  doc_uploader - File uploaded successfully.
2026-08-22 13:42:27,706  [INFO    ]  doc_uploader - Pre-submit verification...
2026-08-22 13:42:47,954  [INFO    ]  doc_uploader - Clicking 'Submit to engine'...
2026-08-22 13:42:59,405  [INFO    ]  doc_uploader - Submitted to engine. Waiting for result...
2026-08-22 13:42:59,405  [INFO    ]  doc_uploader - Waiting for engine result (timeout=90s)...
2026-08-22 13:43:24,703  [INFO    ]  doc_uploader - Result appeared after 25s.
2026-08-22 13:43:25,800  [INFO    ]  doc_uploader - Screenshot saved: D:\ai_doc_automation\output\screenshots\20260822_134325_result_Document10_586_page_0.png.png
2026-08-22 13:43:25,801  [INFO    ]  result_parser - Reading verdict from Overview tab...
2026-08-22 13:44:02,538  [INFO    ]  result_parser - Verdict: SUCCESS (from verdict card)
2026-08-22 13:44:02,538  [INFO    ]  result_parser - Clicking Extraction tab...
2026-08-22 13:44:04,417  [INFO    ]  result_parser - On Extraction tab.
2026-08-22 13:44:04,424  [INFO    ]  result_parser - JS parse: 14 fields
2026-08-22 13:44:04,540  [INFO    ]  doc_uploader - Screenshot saved: D:\ai_doc_automation\output\screenshots\20260822_134404_extracted_Document10_586_page_0.png.png
2026-08-22 13:44:04,917  [INFO    ]  main - [OK] Document10_586_page_0.png: SUCCESS (84.0s)
2026-08-22 13:44:04,917  [INFO    ]  doc_uploader - Resetting form for next submission...
2026-08-22 13:44:06,804  [INFO    ]  doc_uploader - New submission clicked — form reset.
2026-08-22 13:44:06,835  [INFO    ]  doc_uploader - Upload form is ready for next document.
2026-08-22 13:44:06,836  [INFO    ]  main - 
[18/150] D:\ai_doc_automation\Test Data\10th Marksheet for Testing\Document10_587_page_0.png
2026-08-22 13:44:06,837  [INFO    ]  main - ============================================================
2026-08-22 13:44:06,837  [INFO    ]  main - Processing [18/150]: Document10_587_page_0.png  |  10th Marksheet  |  Attempt 1
2026-08-22 13:44:06,837  [INFO    ]  main - ============================================================
2026-08-22 13:44:07,188  [INFO    ]  doc_uploader - Selecting document type: '10th Marksheet'
2026-08-22 13:44:07,246  [INFO    ]  doc_uploader - Selected by visible text: '10th Marksheet'
2026-08-22 13:44:07,246  [INFO    ]  doc_uploader - Ensuring 'Plain extraction' is selected...
2026-08-22 13:44:12,668  [INFO    ]  doc_uploader - Clicked Plain extraction text element.
2026-08-22 13:44:12,671  [INFO    ]  doc_uploader - Uploading file: D:\ai_doc_automation\Test Data\10th Marksheet for Testing\Document10_587_page_0.png
2026-08-22 13:44:12,679  [INFO    ]  doc_uploader - File input found via JS querySelector.
2026-08-22 13:44:23,072  [INFO    ]  doc_uploader - Upload preview ready (submit button visible).
2026-08-22 13:44:33,149  [INFO    ]  doc_uploader - File uploaded successfully.
2026-08-22 13:44:33,149  [INFO    ]  doc_uploader - Pre-submit verification...
2026-08-22 13:44:53,589  [INFO    ]  doc_uploader - Clicking 'Submit to engine'...
2026-08-22 13:45:05,093  [INFO    ]  doc_uploader - Submitted to engine. Waiting for result...
2026-08-22 13:45:05,093  [INFO    ]  doc_uploader - Waiting for engine result (timeout=90s)...
2026-08-22 13:45:30,315  [INFO    ]  doc_uploader - Result appeared after 25s.
2026-08-22 13:45:31,477  [INFO    ]  doc_uploader - Screenshot saved: D:\ai_doc_automation\output\screenshots\20260822_134531_result_Document10_587_page_0.png.png
2026-08-22 13:45:31,481  [INFO    ]  result_parser - Reading verdict from Overview tab...
2026-08-22 13:46:08,086  [INFO    ]  result_parser - Verdict: SUCCESS (from verdict card)
2026-08-22 13:46:08,086  [INFO    ]  result_parser - Clicking Extraction tab...
2026-08-22 13:46:09,963  [INFO    ]  result_parser - On Extraction tab.
2026-08-22 13:46:09,969  [INFO    ]  result_parser - JS parse: 14 fields
2026-08-22 13:46:10,106  [INFO    ]  doc_uploader - Screenshot saved: D:\ai_doc_automation\output\screenshots\20260822_134609_extracted_Document10_587_page_0.png.png
2026-08-22 13:46:10,895  [INFO    ]  main - [OK] Document10_587_page_0.png: SUCCESS (84.1s)
2026-08-22 13:46:10,896  [INFO    ]  doc_uploader - Resetting form for next submission...
2026-08-22 13:46:12,785  [INFO    ]  doc_uploader - New submission clicked — form reset.
2026-08-22 13:46:12,809  [INFO    ]  doc_uploader - Upload form is ready for next document.
2026-08-22 13:46:12,810  [INFO    ]  main - 
[19/150] D:\ai_doc_automation\Test Data\10th Marksheet for Testing\Document10_588_page_0.png
2026-08-22 13:46:12,810  [INFO    ]  main - ============================================================
2026-08-22 13:46:12,811  [INFO    ]  main - Processing [19/150]: Document10_588_page_0.png  |  10th Marksheet  |  Attempt 1
2026-08-22 13:46:12,811  [INFO    ]  main - ============================================================
2026-08-22 13:46:13,116  [INFO    ]  doc_uploader - Selecting document type: '10th Marksheet'
2026-08-22 13:46:13,175  [INFO    ]  doc_uploader - Selected by visible text: '10th Marksheet'
2026-08-22 13:46:13,176  [INFO    ]  doc_uploader - Ensuring 'Plain extraction' is selected...
2026-08-22 13:46:18,595  [INFO    ]  doc_uploader - Clicked Plain extraction text element.
2026-08-22 13:46:18,596  [INFO    ]  doc_uploader - Uploading file: D:\ai_doc_automation\Test Data\10th Marksheet for Testing\Document10_588_page_0.png
2026-08-22 13:46:18,602  [INFO    ]  doc_uploader - File input found via JS querySelector.
2026-08-22 13:46:29,108  [INFO    ]  doc_uploader - Upload preview ready (submit button visible).
2026-08-22 13:46:39,224  [INFO    ]  doc_uploader - File uploaded successfully.
2026-08-22 13:46:39,224  [INFO    ]  doc_uploader - Pre-submit verification...
2026-08-22 13:46:59,455  [INFO    ]  doc_uploader - Clicking 'Submit to engine'...
2026-08-22 13:47:10,967  [INFO    ]  doc_uploader - Submitted to engine. Waiting for result...
2026-08-22 13:47:10,967  [INFO    ]  doc_uploader - Waiting for engine result (timeout=90s)...
2026-08-22 13:47:36,212  [INFO    ]  doc_uploader - Result appeared after 25s.
2026-08-22 13:47:37,314  [INFO    ]  doc_uploader - Screenshot saved: D:\ai_doc_automation\output\screenshots\20260822_134737_result_Document10_588_page_0.png.png
2026-08-22 13:47:37,314  [INFO    ]  result_parser - Reading verdict from Overview tab...
2026-08-22 13:48:14,018  [INFO    ]  result_parser - Verdict: SUCCESS (from verdict card)
2026-08-22 13:48:14,019  [INFO    ]  result_parser - Clicking Extraction tab...
2026-08-22 13:48:15,965  [INFO    ]  result_parser - On Extraction tab.
2026-08-22 13:48:15,973  [INFO    ]  result_parser - JS parse: 14 fields
2026-08-22 13:48:16,109  [INFO    ]  doc_uploader - Screenshot saved: D:\ai_doc_automation\output\screenshots\20260822_134815_extracted_Document10_588_page_0.png.png
2026-08-22 13:48:16,464  [INFO    ]  main - [OK] Document10_588_page_0.png: SUCCESS (84.1s)
2026-08-22 13:48:16,464  [INFO    ]  doc_uploader - Resetting form for next submission...
2026-08-22 13:48:18,353  [INFO    ]  doc_uploader - New submission clicked — form reset.
2026-08-22 13:48:18,407  [INFO    ]  doc_uploader - Upload form is ready for next document.
2026-08-22 13:48:18,408  [INFO    ]  main - 
[20/150] D:\ai_doc_automation\Test Data\10th Marksheet for Testing\Document10_589_page_0.png
2026-08-22 13:48:18,409  [INFO    ]  main - ============================================================
2026-08-22 13:48:18,410  [INFO    ]  main - Processing [20/150]: Document10_589_page_0.png  |  10th Marksheet  |  Attempt 1
2026-08-22 13:48:18,411  [INFO    ]  main - ============================================================
2026-08-22 13:48:19,098  [INFO    ]  doc_uploader - Pre-upload check: expecting REJECT for Document10_589_page_0.png — File size 5.19MB exceeds 5MB limit
2026-08-22 13:48:19,100  [INFO    ]  doc_uploader - Selecting document type: '10th Marksheet'
2026-08-22 13:48:19,180  [INFO    ]  doc_uploader - Selected by visible text: '10th Marksheet'
2026-08-22 13:48:19,181  [INFO    ]  doc_uploader - Ensuring 'Plain extraction' is selected...
2026-08-22 13:48:24,627  [INFO    ]  doc_uploader - Clicked Plain extraction text element.
2026-08-22 13:48:24,628  [INFO    ]  doc_uploader - Uploading file: D:\ai_doc_automation\Test Data\10th Marksheet for Testing\Document10_589_page_0.png
2026-08-22 13:48:24,636  [INFO    ]  doc_uploader - File input found via JS querySelector.
2026-08-22 13:48:35,067  [INFO    ]  doc_uploader - Upload preview ready (submit button visible).
2026-08-22 13:48:45,159  [INFO    ]  doc_uploader - File uploaded successfully.
2026-08-22 13:48:45,160  [INFO    ]  doc_uploader - Pre-submit verification...
2026-08-22 13:49:05,486  [INFO    ]  doc_uploader - Clicking 'Submit to engine'...
2026-08-22 13:49:08,816  [WARNING ]  doc_uploader - Upload error detected via XPath: Upload a JPEG, PNG, WebP, or PDF document up to 5 MB.
2026-08-22 13:49:08,817  [WARNING ]  main - File upload rejected for Document10_589_page_0.png: Upload a JPEG, PNG, WebP, or PDF document up to 5 MB.
2026-08-22 13:49:08,962  [INFO    ]  doc_uploader - Screenshot saved: D:\ai_doc_automation\output\screenshots\20260822_134908_upload_rejected_Document10_589_page_0.png.png
2026-08-22 13:49:09,309  [INFO    ]  main - [FAIL] Document10_589_page_0.png: FAILED (49.7s)
2026-08-22 13:49:09,309  [INFO    ]  doc_uploader - Resetting form for next submission...
2026-08-22 13:49:19,921  [INFO    ]  doc_uploader - Navigating to Verify Document page to reset form.
2026-08-22 13:49:19,921  [INFO    ]  doc_uploader - Navigating to 'Verify Document' page...
2026-08-22 13:49:21,797  [INFO    ]  doc_uploader - On Verify Document page.
2026-08-22 13:49:21,827  [INFO    ]  doc_uploader - Upload form is ready for next document.
2026-08-22 13:49:21,828  [INFO    ]  main - 
[21/150] D:\ai_doc_automation\Test Data\10th Marksheet for Testing\Document10_597_page_0.png
2026-08-22 13:49:21,828  [INFO    ]  main - ============================================================
2026-08-22 13:49:21,828  [INFO    ]  main - Processing [21/150]: Document10_597_page_0.png  |  10th Marksheet  |  Attempt 1
2026-08-22 13:49:21,829  [INFO    ]  main - ============================================================
2026-08-22 13:49:22,219  [INFO    ]  doc_uploader - Selecting document type: '10th Marksheet'
2026-08-22 13:49:22,403  [INFO    ]  doc_uploader - Selected by visible text: '10th Marksheet'
2026-08-22 13:49:22,404  [INFO    ]  doc_uploader - Ensuring 'Plain extraction' is selected...
2026-08-22 13:49:27,946  [INFO    ]  doc_uploader - Clicked Plain extraction text element.
2026-08-22 13:49:27,947  [INFO    ]  doc_uploader - Uploading file: D:\ai_doc_automation\Test Data\10th Marksheet for Testing\Document10_597_page_0.png
2026-08-22 13:49:27,960  [INFO    ]  doc_uploader - File input found via JS querySelector.
2026-08-22 13:49:38,373  [INFO    ]  doc_uploader - Upload preview ready (submit button visible).
2026-08-22 13:49:48,415  [INFO    ]  doc_uploader - File uploaded successfully.
2026-08-22 13:49:48,415  [INFO    ]  doc_uploader - Pre-submit verification...
2026-08-22 13:49:58,518  [WARNING ]  doc_uploader - Dropdown mismatch! Expected '10th Marksheet', found 'Aadhaar Card'. Re-selecting.
2026-08-22 13:49:58,518  [INFO    ]  doc_uploader - Selecting document type: '10th Marksheet'
2026-08-22 13:49:58,601  [INFO    ]  doc_uploader - Selected by visible text: '10th Marksheet'
2026-08-22 13:50:08,702  [INFO    ]  doc_uploader - Clicking 'Submit to engine'...
2026-08-22 13:50:20,153  [INFO    ]  doc_uploader - Submitted to engine. Waiting for result...
2026-08-22 13:50:20,153  [INFO    ]  doc_uploader - Waiting for engine result (timeout=90s)...
2026-08-22 13:50:45,259  [INFO    ]  doc_uploader - Result appeared after 25s.
2026-08-22 13:50:46,352  [INFO    ]  doc_uploader - Screenshot saved: D:\ai_doc_automation\output\screenshots\20260822_135046_result_Document10_597_page_0.png.png
2026-08-22 13:50:46,352  [INFO    ]  result_parser - Reading verdict from Overview tab...
2026-08-22 13:51:23,138  [INFO    ]  result_parser - Verdict: SUCCESS (from verdict card)
2026-08-22 13:51:23,138  [INFO    ]  result_parser - Clicking Extraction tab...
2026-08-22 13:51:25,020  [INFO    ]  result_parser - On Extraction tab.
2026-08-22 13:51:25,034  [INFO    ]  result_parser - JS parse: 14 fields
2026-08-22 13:51:25,185  [INFO    ]  doc_uploader - Screenshot saved: D:\ai_doc_automation\output\screenshots\20260822_135125_extracted_Document10_597_page_0.png.png
2026-08-22 13:51:25,939  [INFO    ]  main - [OK] Document10_597_page_0.png: SUCCESS (84.0s)
2026-08-22 13:51:25,939  [INFO    ]  doc_uploader - Resetting form for next submission...
2026-08-22 13:51:27,820  [INFO    ]  doc_uploader - New submission clicked — form reset.
2026-08-22 13:51:27,846  [INFO    ]  doc_uploader - Upload form is ready for next document.
2026-08-22 13:51:27,847  [INFO    ]  main - 
[22/150] D:\ai_doc_automation\Test Data\10th Marksheet for Testing\Document10_598_page_0.png
2026-08-22 13:51:27,848  [INFO    ]  main - ============================================================
2026-08-22 13:51:27,848  [INFO    ]  main - Processing [22/150]: Document10_598_page_0.png  |  10th Marksheet  |  Attempt 1
2026-08-22 13:51:27,849  [INFO    ]  main - ============================================================
2026-08-22 13:51:28,148  [INFO    ]  doc_uploader - Pre-upload check: expecting REJECT for Document10_598_page_0.png — File size 5.70MB exceeds 5MB limit
2026-08-22 13:51:28,149  [INFO    ]  doc_uploader - Selecting document type: '10th Marksheet'
2026-08-22 13:51:28,201  [INFO    ]  doc_uploader - Selected by visible text: '10th Marksheet'
2026-08-22 13:51:28,201  [INFO    ]  doc_uploader - Ensuring 'Plain extraction' is selected...
2026-08-22 13:51:33,613  [INFO    ]  doc_uploader - Clicked Plain extraction text element.
2026-08-22 13:51:33,615  [INFO    ]  doc_uploader - Uploading file: D:\ai_doc_automation\Test Data\10th Marksheet for Testing\Document10_598_page_0.png
2026-08-22 13:51:33,622  [INFO    ]  doc_uploader - File input found via JS querySelector.
2026-08-22 13:51:44,051  [INFO    ]  doc_uploader - Upload preview ready (submit button visible).
2026-08-22 13:51:54,133  [INFO    ]  doc_uploader - File uploaded successfully.
2026-08-22 13:51:54,133  [INFO    ]  doc_uploader - Pre-submit verification...
2026-08-22 13:52:14,361  [INFO    ]  doc_uploader - Clicking 'Submit to engine'...
2026-08-22 13:52:21,699  [WARNING ]  doc_uploader - Upload error detected via XPath: Upload a JPEG, PNG, WebP, or PDF document up to 5 MB.
2026-08-22 13:52:21,700  [WARNING ]  main - File upload rejected for Document10_598_page_0.png: Upload a JPEG, PNG, WebP, or PDF document up to 5 MB.
2026-08-22 13:52:21,853  [INFO    ]  doc_uploader - Screenshot saved: D:\ai_doc_automation\output\screenshots\20260822_135221_upload_rejected_Document10_598_page_0.png.png
2026-08-22 13:52:22,184  [INFO    ]  main - [FAIL] Document10_598_page_0.png: FAILED (53.6s)
2026-08-22 13:52:22,184  [INFO    ]  doc_uploader - Resetting form for next submission...
2026-08-22 13:52:32,782  [INFO    ]  doc_uploader - Navigating to Verify Document page to reset form.
2026-08-22 13:52:32,782  [INFO    ]  doc_uploader - Navigating to 'Verify Document' page...
2026-08-22 13:52:34,677  [INFO    ]  doc_uploader - On Verify Document page.
2026-08-22 13:52:34,702  [INFO    ]  doc_uploader - Upload form is ready for next document.
2026-08-22 13:52:34,703  [INFO    ]  main - 
[23/150] D:\ai_doc_automation\Test Data\10th Marksheet for Testing\Document10_599_page_0.png
2026-08-22 13:52:34,703  [INFO    ]  main - ============================================================
2026-08-22 13:52:34,703  [INFO    ]  main - Processing [23/150]: Document10_599_page_0.png  |  10th Marksheet  |  Attempt 1
2026-08-22 13:52:34,705  [INFO    ]  main - ============================================================
2026-08-22 13:52:34,980  [INFO    ]  doc_uploader - Selecting document type: '10th Marksheet'
2026-08-22 13:52:35,063  [INFO    ]  doc_uploader - Selected by visible text: '10th Marksheet'
2026-08-22 13:52:35,063  [INFO    ]  doc_uploader - Ensuring 'Plain extraction' is selected...
2026-08-22 13:52:40,476  [INFO    ]  doc_uploader - Clicked Plain extraction text element.
2026-08-22 13:52:40,477  [INFO    ]  doc_uploader - Uploading file: D:\ai_doc_automation\Test Data\10th Marksheet for Testing\Document10_599_page_0.png
2026-08-22 13:52:40,486  [INFO    ]  doc_uploader - File input found via JS querySelector.
2026-08-22 13:52:50,891  [INFO    ]  doc_uploader - Upload preview ready (submit button visible).
2026-08-22 13:53:00,956  [INFO    ]  doc_uploader - File uploaded successfully.
2026-08-22 13:53:00,957  [INFO    ]  doc_uploader - Pre-submit verification...
2026-08-22 13:53:11,149  [WARNING ]  doc_uploader - Dropdown mismatch! Expected '10th Marksheet', found 'Aadhaar Card'. Re-selecting.
2026-08-22 13:53:11,149  [INFO    ]  doc_uploader - Selecting document type: '10th Marksheet'
2026-08-22 13:53:11,234  [INFO    ]  doc_uploader - Selected by visible text: '10th Marksheet'
2026-08-22 13:53:21,269  [INFO    ]  doc_uploader - Clicking 'Submit to engine'...
2026-08-22 13:53:32,737  [INFO    ]  doc_uploader - Submitted to engine. Waiting for result...
2026-08-22 13:53:32,738  [INFO    ]  doc_uploader - Waiting for engine result (timeout=90s)...
2026-08-22 13:53:57,888  [INFO    ]  doc_uploader - Result appeared after 25s.
2026-08-22 13:53:59,049  [INFO    ]  doc_uploader - Screenshot saved: D:\ai_doc_automation\output\screenshots\20260822_135358_result_Document10_599_page_0.png.png
2026-08-22 13:53:59,049  [INFO    ]  result_parser - Reading verdict from Overview tab...
2026-08-22 13:54:35,720  [INFO    ]  result_parser - Verdict: SUCCESS (from verdict card)
2026-08-22 13:54:35,720  [INFO    ]  result_parser - Clicking Extraction tab...
2026-08-22 13:54:37,599  [INFO    ]  result_parser - On Extraction tab.
2026-08-22 13:54:37,605  [INFO    ]  result_parser - JS parse: 14 fields
2026-08-22 13:54:37,767  [INFO    ]  doc_uploader - Screenshot saved: D:\ai_doc_automation\output\screenshots\20260822_135437_extracted_Document10_599_page_0.png.png
2026-08-22 13:54:38,084  [INFO    ]  main - [OK] Document10_599_page_0.png: SUCCESS (83.9s)
2026-08-22 13:54:38,084  [INFO    ]  doc_uploader - Resetting form for next submission...
2026-08-22 13:54:39,958  [INFO    ]  doc_uploader - New submission clicked — form reset.
2026-08-22 13:54:39,987  [INFO    ]  doc_uploader - Upload form is ready for next document.
2026-08-22 13:54:39,988  [INFO    ]  main - 
[24/150] D:\ai_doc_automation\Test Data\10th Marksheet for Testing\Document10_600_page_0.png
2026-08-22 13:54:39,989  [INFO    ]  main - ============================================================
2026-08-22 13:54:39,989  [INFO    ]  main - Processing [24/150]: Document10_600_page_0.png  |  10th Marksheet  |  Attempt 1
2026-08-22 13:54:39,989  [INFO    ]  main - ============================================================
2026-08-22 13:54:40,339  [INFO    ]  doc_uploader - Selecting document type: '10th Marksheet'
2026-08-22 13:54:40,392  [INFO    ]  doc_uploader - Selected by visible text: '10th Marksheet'
2026-08-22 13:54:40,392  [INFO    ]  doc_uploader - Ensuring 'Plain extraction' is selected...
2026-08-22 13:54:45,836  [INFO    ]  doc_uploader - Clicked Plain extraction text element.
2026-08-22 13:54:45,837  [INFO    ]  doc_uploader - Uploading file: D:\ai_doc_automation\Test Data\10th Marksheet for Testing\Document10_600_page_0.png
2026-08-22 13:54:45,844  [INFO    ]  doc_uploader - File input found via JS querySelector.
2026-08-22 13:54:56,249  [INFO    ]  doc_uploader - Upload preview ready (submit button visible).
2026-08-22 13:55:06,277  [INFO    ]  doc_uploader - File uploaded successfully.
2026-08-22 13:55:06,278  [INFO    ]  doc_uploader - Pre-submit verification...
2026-08-22 13:55:26,433  [INFO    ]  doc_uploader - Clicking 'Submit to engine'...
2026-08-22 13:55:37,838  [INFO    ]  doc_uploader - Submitted to engine. Waiting for result...
2026-08-22 13:55:37,838  [INFO    ]  doc_uploader - Waiting for engine result (timeout=90s)...
2026-08-22 13:56:02,941  [INFO    ]  doc_uploader - Result appeared after 25s.
2026-08-22 13:56:04,133  [INFO    ]  doc_uploader - Screenshot saved: D:\ai_doc_automation\output\screenshots\20260822_135603_result_Document10_600_page_0.png.png
2026-08-22 13:56:04,133  [INFO    ]  result_parser - Reading verdict from Overview tab...
2026-08-22 13:56:40,725  [INFO    ]  result_parser - Verdict: SUCCESS (from verdict card)
2026-08-22 13:56:40,725  [INFO    ]  result_parser - Clicking Extraction tab...
2026-08-22 13:56:42,612  [INFO    ]  result_parser - On Extraction tab.
2026-08-22 13:56:42,619  [INFO    ]  result_parser - JS parse: 14 fields
2026-08-22 13:56:42,774  [INFO    ]  doc_uploader - Screenshot saved: D:\ai_doc_automation\output\screenshots\20260822_135642_extracted_Document10_600_page_0.png.png
2026-08-22 13:56:43,090  [INFO    ]  main - [OK] Document10_600_page_0.png: SUCCESS (83.6s)
2026-08-22 13:56:43,090  [INFO    ]  doc_uploader - Resetting form for next submission...
2026-08-22 13:56:44,981  [INFO    ]  doc_uploader - New submission clicked — form reset.
2026-08-22 13:56:45,046  [INFO    ]  doc_uploader - Upload form is ready for next document.
2026-08-22 13:56:45,048  [INFO    ]  main - 
[25/150] D:\ai_doc_automation\Test Data\10th Marksheet for Testing\Document10_601_page_0.png
2026-08-22 13:56:45,052  [INFO    ]  main - ============================================================
2026-08-22 13:56:45,053  [INFO    ]  main - Processing [25/150]: Document10_601_page_0.png  |  10th Marksheet  |  Attempt 1
2026-08-22 13:56:45,053  [INFO    ]  main - ============================================================
2026-08-22 13:56:45,447  [INFO    ]  doc_uploader - Selecting document type: '10th Marksheet'
2026-08-22 13:56:45,511  [INFO    ]  doc_uploader - Selected by visible text: '10th Marksheet'
2026-08-22 13:56:45,512  [INFO    ]  doc_uploader - Ensuring 'Plain extraction' is selected...
2026-08-22 13:56:50,942  [INFO    ]  doc_uploader - Clicked Plain extraction text element.
2026-08-22 13:56:50,942  [INFO    ]  doc_uploader - Uploading file: D:\ai_doc_automation\Test Data\10th Marksheet for Testing\Document10_601_page_0.png
2026-08-22 13:56:50,950  [INFO    ]  doc_uploader - File input found via JS querySelector.
2026-08-22 13:57:01,333  [INFO    ]  doc_uploader - Upload preview ready (submit button visible).
2026-08-22 13:57:11,423  [INFO    ]  doc_uploader - File uploaded successfully.
2026-08-22 13:57:11,423  [INFO    ]  doc_uploader - Pre-submit verification...
2026-08-22 13:57:31,702  [INFO    ]  doc_uploader - Clicking 'Submit to engine'...
2026-08-22 13:57:43,144  [INFO    ]  doc_uploader - Submitted to engine. Waiting for result...
2026-08-22 13:57:43,144  [INFO    ]  doc_uploader - Waiting for engine result (timeout=90s)...
2026-08-22 13:58:08,365  [INFO    ]  doc_uploader - Result appeared after 25s.
2026-08-22 13:58:09,521  [INFO    ]  doc_uploader - Screenshot saved: D:\ai_doc_automation\output\screenshots\20260822_135809_result_Document10_601_page_0.png.png
2026-08-22 13:58:09,536  [INFO    ]  result_parser - Reading verdict from Overview tab...
2026-08-22 13:58:46,120  [INFO    ]  result_parser - Verdict: SUCCESS (from verdict card)
2026-08-22 13:58:46,120  [INFO    ]  result_parser - Clicking Extraction tab...
2026-08-22 13:58:47,990  [INFO    ]  result_parser - On Extraction tab.
2026-08-22 13:58:47,997  [INFO    ]  result_parser - JS parse: 14 fields
2026-08-22 13:58:48,192  [INFO    ]  doc_uploader - Screenshot saved: D:\ai_doc_automation\output\screenshots\20260822_135847_extracted_Document10_601_page_0.png.png
2026-08-22 13:58:48,540  [INFO    ]  main - [OK] Document10_601_page_0.png: SUCCESS (83.9s)
2026-08-22 13:58:48,540  [INFO    ]  doc_uploader - Resetting form for next submission...
2026-08-22 13:58:50,480  [INFO    ]  doc_uploader - New submission clicked — form reset.
2026-08-22 13:58:50,493  [INFO    ]  doc_uploader - Upload form is ready for next document.
2026-08-22 13:58:50,493  [INFO    ]  main - 
[26/150] D:\ai_doc_automation\Test Data\10th Marksheet for Testing\Document10_609_page_0.png
2026-08-22 13:58:50,493  [INFO    ]  main - ============================================================
2026-08-22 13:58:50,493  [INFO    ]  main - Processing [26/150]: Document10_609_page_0.png  |  10th Marksheet  |  Attempt 1
2026-08-22 13:58:50,493  [INFO    ]  main - ============================================================
2026-08-22 13:58:50,760  [INFO    ]  doc_uploader - Selecting document type: '10th Marksheet'
2026-08-22 13:58:50,816  [INFO    ]  doc_uploader - Selected by visible text: '10th Marksheet'
2026-08-22 13:58:50,816  [INFO    ]  doc_uploader - Ensuring 'Plain extraction' is selected...
2026-08-22 13:58:56,255  [INFO    ]  doc_uploader - Clicked Plain extraction text element.
2026-08-22 13:58:56,255  [INFO    ]  doc_uploader - Uploading file: D:\ai_doc_automation\Test Data\10th Marksheet for Testing\Document10_609_page_0.png
2026-08-22 13:58:56,273  [INFO    ]  doc_uploader - File input found via JS querySelector.
2026-08-22 13:59:06,680  [INFO    ]  doc_uploader - Upload preview ready (submit button visible).
2026-08-22 13:59:16,786  [INFO    ]  doc_uploader - File uploaded successfully.
2026-08-22 13:59:16,786  [INFO    ]  doc_uploader - Pre-submit verification...
2026-08-22 13:59:36,923  [INFO    ]  doc_uploader - Clicking 'Submit to engine'...
2026-08-22 13:59:48,355  [INFO    ]  doc_uploader - Submitted to engine. Waiting for result...
2026-08-22 13:59:48,355  [INFO    ]  doc_uploader - Waiting for engine result (timeout=90s)...
2026-08-22 14:00:13,489  [INFO    ]  doc_uploader - Result appeared after 25s.
2026-08-22 14:00:14,656  [INFO    ]  doc_uploader - Screenshot saved: D:\ai_doc_automation\output\screenshots\20260822_140014_result_Document10_609_page_0.png.png
2026-08-22 14:00:14,656  [INFO    ]  result_parser - Reading verdict from Overview tab...
2026-08-22 14:00:51,348  [INFO    ]  result_parser - Verdict: SUCCESS (from verdict card)
2026-08-22 14:00:51,349  [INFO    ]  result_parser - Clicking Extraction tab...
2026-08-22 14:00:53,229  [INFO    ]  result_parser - On Extraction tab.
2026-08-22 14:00:53,236  [INFO    ]  result_parser - JS parse: 14 fields
2026-08-22 14:00:53,454  [INFO    ]  doc_uploader - Screenshot saved: D:\ai_doc_automation\output\screenshots\20260822_140053_extracted_Document10_609_page_0.png.png
2026-08-22 14:00:53,878  [INFO    ]  main - [OK] Document10_609_page_0.png: SUCCESS (83.7s)
2026-08-22 14:00:53,878  [INFO    ]  doc_uploader - Resetting form for next submission...
2026-08-22 14:00:55,771  [INFO    ]  doc_uploader - New submission clicked — form reset.
2026-08-22 14:00:55,806  [INFO    ]  doc_uploader - Upload form is ready for next document.
2026-08-22 14:00:55,807  [INFO    ]  main - 
[27/150] D:\ai_doc_automation\Test Data\10th Marksheet for Testing\Document10_610_page_0.png
2026-08-22 14:00:55,807  [INFO    ]  main - ============================================================
2026-08-22 14:00:55,808  [INFO    ]  main - Processing [27/150]: Document10_610_page_0.png  |  10th Marksheet  |  Attempt 1
2026-08-22 14:00:55,808  [INFO    ]  main - ============================================================
2026-08-22 14:00:56,171  [INFO    ]  doc_uploader - Selecting document type: '10th Marksheet'
2026-08-22 14:00:56,228  [INFO    ]  doc_uploader - Selected by visible text: '10th Marksheet'
2026-08-22 14:00:56,228  [INFO    ]  doc_uploader - Ensuring 'Plain extraction' is selected...
2026-08-22 14:01:01,698  [INFO    ]  doc_uploader - Clicked Plain extraction text element.
2026-08-22 14:01:01,699  [INFO    ]  doc_uploader - Uploading file: D:\ai_doc_automation\Test Data\10th Marksheet for Testing\Document10_610_page_0.png
2026-08-22 14:01:01,708  [INFO    ]  doc_uploader - File input found via JS querySelector.
2026-08-22 14:01:12,152  [INFO    ]  doc_uploader - Upload preview ready (submit button visible).
2026-08-22 14:01:22,229  [INFO    ]  doc_uploader - File uploaded successfully.
2026-08-22 14:01:22,229  [INFO    ]  doc_uploader - Pre-submit verification...
2026-08-22 14:01:42,400  [INFO    ]  doc_uploader - Clicking 'Submit to engine'...
2026-08-22 14:01:53,846  [INFO    ]  doc_uploader - Submitted to engine. Waiting for result...
2026-08-22 14:01:53,847  [INFO    ]  doc_uploader - Waiting for engine result (timeout=90s)...
2026-08-22 14:02:19,048  [INFO    ]  doc_uploader - Result appeared after 25s.
2026-08-22 14:02:20,176  [INFO    ]  doc_uploader - Screenshot saved: D:\ai_doc_automation\output\screenshots\20260822_140220_result_Document10_610_page_0.png.png
2026-08-22 14:02:20,176  [INFO    ]  result_parser - Reading verdict from Overview tab...
2026-08-22 14:02:56,736  [INFO    ]  result_parser - Verdict: SUCCESS (from verdict card)
2026-08-22 14:02:56,737  [INFO    ]  result_parser - Clicking Extraction tab...
2026-08-22 14:02:58,624  [INFO    ]  result_parser - On Extraction tab.
2026-08-22 14:02:58,630  [INFO    ]  result_parser - JS parse: 14 fields
2026-08-22 14:02:58,741  [INFO    ]  doc_uploader - Screenshot saved: D:\ai_doc_automation\output\screenshots\20260822_140258_extracted_Document10_610_page_0.png.png
2026-08-22 14:02:59,122  [INFO    ]  main - [OK] Document10_610_page_0.png: SUCCESS (83.9s)
2026-08-22 14:02:59,123  [INFO    ]  doc_uploader - Resetting form for next submission...
2026-08-22 14:03:00,996  [INFO    ]  doc_uploader - New submission clicked — form reset.
2026-08-22 14:03:01,023  [INFO    ]  doc_uploader - Upload form is ready for next document.
2026-08-22 14:03:01,024  [INFO    ]  main - 
[28/150] D:\ai_doc_automation\Test Data\10th Marksheet for Testing\Document10_611_page_0.png
2026-08-22 14:03:01,025  [INFO    ]  main - ============================================================
2026-08-22 14:03:01,025  [INFO    ]  main - Processing [28/150]: Document10_611_page_0.png  |  10th Marksheet  |  Attempt 1
2026-08-22 14:03:01,025  [INFO    ]  main - ============================================================
2026-08-22 14:03:01,365  [INFO    ]  doc_uploader - Selecting document type: '10th Marksheet'
2026-08-22 14:03:01,432  [INFO    ]  doc_uploader - Selected by visible text: '10th Marksheet'
2026-08-22 14:03:01,432  [INFO    ]  doc_uploader - Ensuring 'Plain extraction' is selected...
2026-08-22 14:03:06,843  [INFO    ]  doc_uploader - Clicked Plain extraction text element.
2026-08-22 14:03:06,844  [INFO    ]  doc_uploader - Uploading file: D:\ai_doc_automation\Test Data\10th Marksheet for Testing\Document10_611_page_0.png
2026-08-22 14:03:06,852  [INFO    ]  doc_uploader - File input found via JS querySelector.
2026-08-22 14:03:17,299  [INFO    ]  doc_uploader - Upload preview ready (submit button visible).
2026-08-22 14:03:27,395  [INFO    ]  doc_uploader - File uploaded successfully.
2026-08-22 14:03:27,395  [INFO    ]  doc_uploader - Pre-submit verification...
2026-08-22 14:03:47,565  [INFO    ]  doc_uploader - Clicking 'Submit to engine'...
2026-08-22 14:03:59,026  [INFO    ]  doc_uploader - Submitted to engine. Waiting for result...
2026-08-22 14:03:59,026  [INFO    ]  doc_uploader - Waiting for engine result (timeout=90s)...
2026-08-22 14:04:24,300  [INFO    ]  doc_uploader - Result appeared after 25s.
2026-08-22 14:04:25,435  [INFO    ]  doc_uploader - Screenshot saved: D:\ai_doc_automation\output\screenshots\20260822_140425_result_Document10_611_page_0.png.png
2026-08-22 14:04:25,435  [INFO    ]  result_parser - Reading verdict from Overview tab...
2026-08-22 14:05:02,127  [INFO    ]  result_parser - Verdict: SUCCESS (from verdict card)
2026-08-22 14:05:02,127  [INFO    ]  result_parser - Clicking Extraction tab...
2026-08-22 14:05:04,007  [INFO    ]  result_parser - On Extraction tab.
2026-08-22 14:05:04,007  [INFO    ]  result_parser - JS parse: 14 fields
2026-08-22 14:05:04,161  [INFO    ]  doc_uploader - Screenshot saved: D:\ai_doc_automation\output\screenshots\20260822_140504_extracted_Document10_611_page_0.png.png
2026-08-22 14:05:04,452  [INFO    ]  main - [OK] Document10_611_page_0.png: SUCCESS (83.9s)
2026-08-22 14:05:04,452  [INFO    ]  doc_uploader - Resetting form for next submission...
2026-08-22 14:05:06,337  [INFO    ]  doc_uploader - New submission clicked — form reset.
2026-08-22 14:05:06,351  [INFO    ]  doc_uploader - Upload form is ready for next document.
2026-08-22 14:05:06,351  [INFO    ]  main - 
[29/150] D:\ai_doc_automation\Test Data\10th Marksheet for Testing\Document10_612_page_0.png
2026-08-22 14:05:06,351  [INFO    ]  main - ============================================================
2026-08-22 14:05:06,351  [INFO    ]  main - Processing [29/150]: Document10_612_page_0.png  |  10th Marksheet  |  Attempt 1
2026-08-22 14:05:06,351  [INFO    ]  main - ============================================================
2026-08-22 14:05:06,651  [INFO    ]  doc_uploader - Selecting document type: '10th Marksheet'
2026-08-22 14:05:06,696  [INFO    ]  doc_uploader - Selected by visible text: '10th Marksheet'
2026-08-22 14:05:06,696  [INFO    ]  doc_uploader - Ensuring 'Plain extraction' is selected...
2026-08-22 14:05:12,114  [INFO    ]  doc_uploader - Clicked Plain extraction text element.
2026-08-22 14:05:12,115  [INFO    ]  doc_uploader - Uploading file: D:\ai_doc_automation\Test Data\10th Marksheet for Testing\Document10_612_page_0.png
2026-08-22 14:05:12,122  [INFO    ]  doc_uploader - File input found via JS querySelector.
2026-08-22 14:05:22,560  [INFO    ]  doc_uploader - Upload preview ready (submit button visible).
2026-08-22 14:05:32,610  [INFO    ]  doc_uploader - File uploaded successfully.
2026-08-22 14:05:32,610  [INFO    ]  doc_uploader - Pre-submit verification...
2026-08-22 14:05:52,869  [INFO    ]  doc_uploader - Clicking 'Submit to engine'...
2026-08-22 14:06:04,354  [INFO    ]  doc_uploader - Submitted to engine. Waiting for result...
2026-08-22 14:06:04,354  [INFO    ]  doc_uploader - Waiting for engine result (timeout=90s)...
2026-08-22 14:06:29,566  [INFO    ]  doc_uploader - Result appeared after 25s.
2026-08-22 14:06:30,689  [INFO    ]  doc_uploader - Screenshot saved: D:\ai_doc_automation\output\screenshots\20260822_140630_result_Document10_612_page_0.png.png
2026-08-22 14:06:30,689  [INFO    ]  result_parser - Reading verdict from Overview tab...
2026-08-22 14:07:07,401  [INFO    ]  result_parser - Verdict: SUCCESS (from verdict card)
2026-08-22 14:07:07,401  [INFO    ]  result_parser - Clicking Extraction tab...
2026-08-22 14:07:09,269  [INFO    ]  result_parser - On Extraction tab.
2026-08-22 14:07:09,276  [INFO    ]  result_parser - JS parse: 14 fields
2026-08-22 14:07:09,379  [INFO    ]  doc_uploader - Screenshot saved: D:\ai_doc_automation\output\screenshots\20260822_140709_extracted_Document10_612_page_0.png.png
2026-08-22 14:07:09,670  [INFO    ]  main - [OK] Document10_612_page_0.png: SUCCESS (83.9s)
2026-08-22 14:07:09,670  [INFO    ]  doc_uploader - Resetting form for next submission...
2026-08-22 14:07:11,563  [INFO    ]  doc_uploader - New submission clicked — form reset.
2026-08-22 14:07:11,579  [INFO    ]  doc_uploader - Upload form is ready for next document.
2026-08-22 14:07:11,579  [INFO    ]  main - 
[30/150] D:\ai_doc_automation\Test Data\10th Marksheet for Testing\Document10_613_page_0.png
2026-08-22 14:07:11,579  [INFO    ]  main - ============================================================
2026-08-22 14:07:11,579  [INFO    ]  main - Processing [30/150]: Document10_613_page_0.png  |  10th Marksheet  |  Attempt 1
2026-08-22 14:07:11,579  [INFO    ]  main - ============================================================
2026-08-22 14:07:11,859  [INFO    ]  doc_uploader - Selecting document type: '10th Marksheet'
2026-08-22 14:07:11,896  [INFO    ]  doc_uploader - Selected by visible text: '10th Marksheet'
2026-08-22 14:07:11,896  [INFO    ]  doc_uploader - Ensuring 'Plain extraction' is selected...
2026-08-22 14:07:17,275  [INFO    ]  doc_uploader - Clicked Plain extraction text element.
2026-08-22 14:07:17,275  [INFO    ]  doc_uploader - Uploading file: D:\ai_doc_automation\Test Data\10th Marksheet for Testing\Document10_613_page_0.png
2026-08-22 14:07:17,291  [INFO    ]  doc_uploader - File input found via JS querySelector.
2026-08-22 14:07:27,736  [INFO    ]  doc_uploader - Upload preview ready (submit button visible).
2026-08-22 14:07:37,788  [INFO    ]  doc_uploader - File uploaded successfully.
2026-08-22 14:07:37,788  [INFO    ]  doc_uploader - Pre-submit verification...
2026-08-22 14:07:58,086  [INFO    ]  doc_uploader - Clicking 'Submit to engine'...
2026-08-22 14:08:09,571  [INFO    ]  doc_uploader - Submitted to engine. Waiting for result...
2026-08-22 14:08:09,571  [INFO    ]  doc_uploader - Waiting for engine result (timeout=90s)...
2026-08-22 14:08:34,839  [INFO    ]  doc_uploader - Result appeared after 25s.
2026-08-22 14:08:35,949  [INFO    ]  doc_uploader - Screenshot saved: D:\ai_doc_automation\output\screenshots\20260822_140835_result_Document10_613_page_0.png.png
2026-08-22 14:08:35,949  [INFO    ]  result_parser - Reading verdict from Overview tab...
2026-08-22 14:09:12,547  [INFO    ]  result_parser - Verdict: SUCCESS (from verdict card)
2026-08-22 14:09:12,547  [INFO    ]  result_parser - Clicking Extraction tab...
2026-08-22 14:09:14,422  [INFO    ]  result_parser - On Extraction tab.
2026-08-22 14:09:14,426  [INFO    ]  result_parser - JS parse: 14 fields
2026-08-22 14:09:14,532  [INFO    ]  doc_uploader - Screenshot saved: D:\ai_doc_automation\output\screenshots\20260822_140914_extracted_Document10_613_page_0.png.png
2026-08-22 14:09:14,835  [INFO    ]  main - [OK] Document10_613_page_0.png: SUCCESS (84.0s)
2026-08-22 14:09:14,835  [INFO    ]  doc_uploader - Resetting form for next submission...
2026-08-22 14:09:16,707  [INFO    ]  doc_uploader - New submission clicked — form reset.
2026-08-22 14:09:16,728  [INFO    ]  doc_uploader - Upload form is ready for next document.
2026-08-22 14:09:16,728  [INFO    ]  main - 
[31/150] D:\ai_doc_automation\Test Data\12th Certificate for Testing\Document11_28_page_0.png
2026-08-22 14:09:16,728  [INFO    ]  main - ============================================================
2026-08-22 14:09:16,728  [INFO    ]  main - Processing [31/150]: Document11_28_page_0.png  |  12th Marksheet  |  Attempt 1
2026-08-22 14:09:16,728  [INFO    ]  main - ============================================================
2026-08-22 14:09:17,011  [INFO    ]  doc_uploader - Selecting document type: '12th Marksheet'
2026-08-22 14:09:17,095  [INFO    ]  doc_uploader - Selected by visible text: '12th Marksheet'
2026-08-22 14:09:17,095  [INFO    ]  doc_uploader - Ensuring 'Plain extraction' is selected...
2026-08-22 14:09:22,496  [INFO    ]  doc_uploader - Clicked Plain extraction text element.
2026-08-22 14:09:22,526  [INFO    ]  doc_uploader - Uploading file: D:\ai_doc_automation\Test Data\12th Certificate for Testing\Document11_28_page_0.png
2026-08-22 14:09:22,533  [INFO    ]  doc_uploader - File input found via JS querySelector.
2026-08-22 14:09:32,957  [INFO    ]  doc_uploader - Upload preview ready (submit button visible).
2026-08-22 14:09:43,038  [INFO    ]  doc_uploader - File uploaded successfully.
2026-08-22 14:09:43,038  [INFO    ]  doc_uploader - Pre-submit verification...
2026-08-22 14:10:03,232  [INFO    ]  doc_uploader - Clicking 'Submit to engine'...
2026-08-22 14:10:14,686  [INFO    ]  doc_uploader - Submitted to engine. Waiting for result...
2026-08-22 14:10:14,686  [INFO    ]  doc_uploader - Waiting for engine result (timeout=90s)...
2026-08-22 14:10:39,926  [INFO    ]  doc_uploader - Result appeared after 25s.
2026-08-22 14:10:41,032  [INFO    ]  doc_uploader - Screenshot saved: D:\ai_doc_automation\output\screenshots\20260822_141040_result_Document11_28_page_0.png.png
2026-08-22 14:10:41,032  [INFO    ]  result_parser - Reading verdict from Overview tab...
2026-08-22 14:11:17,773  [INFO    ]  result_parser - Verdict: SUCCESS (from verdict card)
2026-08-22 14:11:17,773  [INFO    ]  result_parser - Clicking Extraction tab...
2026-08-22 14:11:19,673  [INFO    ]  result_parser - On Extraction tab.
2026-08-22 14:11:19,673  [INFO    ]  result_parser - JS parse: 13 fields
2026-08-22 14:11:19,776  [INFO    ]  doc_uploader - Screenshot saved: D:\ai_doc_automation\output\screenshots\20260822_141119_extracted_Document11_28_page_0.png.png
2026-08-22 14:11:19,776  [INFO    ]  excel_writer - Created sheet: '12th Marksheet'  headers: ['Filename', 'Document Type', 'Expected Status', 'Actual Status', 'Final Output', 'Error Message', 'Board Name', 'Cgpa Secured', 'Father Name', 'Grade', 'Mother Name', 'Percentage', 'Result', 'Roll Number', 'School Name', 'Stream', 'Student Name', 'Total Marks Secured', 'Year Of Passing']
2026-08-22 14:11:20,087  [INFO    ]  main - [OK] Document11_28_page_0.png: SUCCESS (83.9s)
2026-08-22 14:11:20,087  [INFO    ]  doc_uploader - Resetting form for next submission...
2026-08-22 14:11:21,964  [INFO    ]  doc_uploader - New submission clicked — form reset.
2026-08-22 14:11:21,985  [INFO    ]  doc_uploader - Upload form is ready for next document.
2026-08-22 14:11:21,986  [INFO    ]  main - 
[32/150] D:\ai_doc_automation\Test Data\12th Certificate for Testing\Document11_29_page_0.png
2026-08-22 14:11:21,986  [INFO    ]  main - ============================================================
2026-08-22 14:11:21,986  [INFO    ]  main - Processing [32/150]: Document11_29_page_0.png  |  12th Marksheet  |  Attempt 1
2026-08-22 14:11:21,988  [INFO    ]  main - ============================================================
2026-08-22 14:11:22,293  [INFO    ]  doc_uploader - Selecting document type: '12th Marksheet'
2026-08-22 14:11:22,337  [INFO    ]  doc_uploader - Selected by visible text: '12th Marksheet'
2026-08-22 14:11:22,337  [INFO    ]  doc_uploader - Ensuring 'Plain extraction' is selected...
2026-08-22 14:11:27,744  [INFO    ]  doc_uploader - Clicked Plain extraction text element.
2026-08-22 14:11:27,745  [INFO    ]  doc_uploader - Uploading file: D:\ai_doc_automation\Test Data\12th Certificate for Testing\Document11_29_page_0.png
2026-08-22 14:11:27,751  [INFO    ]  doc_uploader - File input found via JS querySelector.
2026-08-22 14:11:38,198  [INFO    ]  doc_uploader - Upload preview ready (submit button visible).
2026-08-22 14:11:48,263  [INFO    ]  doc_uploader - File uploaded successfully.
2026-08-22 14:11:48,263  [INFO    ]  doc_uploader - Pre-submit verification...
2026-08-22 14:12:08,473  [INFO    ]  doc_uploader - Clicking 'Submit to engine'...
2026-08-22 14:12:19,969  [INFO    ]  doc_uploader - Submitted to engine. Waiting for result...
2026-08-22 14:12:19,969  [INFO    ]  doc_uploader - Waiting for engine result (timeout=90s)...
2026-08-22 14:12:45,163  [INFO    ]  doc_uploader - Result appeared after 25s.
2026-08-22 14:12:46,264  [INFO    ]  doc_uploader - Screenshot saved: D:\ai_doc_automation\output\screenshots\20260822_141246_result_Document11_29_page_0.png.png
2026-08-22 14:12:46,264  [INFO    ]  result_parser - Reading verdict from Overview tab...
2026-08-22 14:13:22,919  [INFO    ]  result_parser - Verdict: SUCCESS (from verdict card)
2026-08-22 14:13:22,919  [INFO    ]  result_parser - Clicking Extraction tab...
2026-08-22 14:13:24,803  [INFO    ]  result_parser - On Extraction tab.
2026-08-22 14:13:24,803  [INFO    ]  result_parser - JS parse: 13 fields
2026-08-22 14:13:24,909  [INFO    ]  doc_uploader - Screenshot saved: D:\ai_doc_automation\output\screenshots\20260822_141324_extracted_Document11_29_page_0.png.png
2026-08-22 14:13:25,250  [INFO    ]  main - [OK] Document11_29_page_0.png: SUCCESS (83.9s)
2026-08-22 14:13:25,250  [INFO    ]  doc_uploader - Resetting form for next submission...
2026-08-22 14:13:27,133  [INFO    ]  doc_uploader - New submission clicked — form reset.
2026-08-22 14:13:27,162  [INFO    ]  doc_uploader - Upload form is ready for next document.
2026-08-22 14:13:27,162  [INFO    ]  main - 
[33/150] D:\ai_doc_automation\Test Data\12th Certificate for Testing\Document11_2_page_0.png
2026-08-22 14:13:27,162  [INFO    ]  main - ============================================================
2026-08-22 14:13:27,162  [INFO    ]  main - Processing [33/150]: Document11_2_page_0.png  |  12th Marksheet  |  Attempt 1
2026-08-22 14:13:27,162  [INFO    ]  main - ============================================================
2026-08-22 14:13:27,552  [INFO    ]  doc_uploader - Selecting document type: '12th Marksheet'
2026-08-22 14:13:27,606  [INFO    ]  doc_uploader - Selected by visible text: '12th Marksheet'
2026-08-22 14:13:27,606  [INFO    ]  doc_uploader - Ensuring 'Plain extraction' is selected...
2026-08-22 14:13:33,011  [INFO    ]  doc_uploader - Clicked Plain extraction text element.
2026-08-22 14:13:33,012  [INFO    ]  doc_uploader - Uploading file: D:\ai_doc_automation\Test Data\12th Certificate for Testing\Document11_2_page_0.png
2026-08-22 14:13:33,019  [INFO    ]  doc_uploader - File input found via JS querySelector.
2026-08-22 14:13:43,469  [INFO    ]  doc_uploader - Upload preview ready (submit button visible).
2026-08-22 14:13:53,567  [INFO    ]  doc_uploader - File uploaded successfully.
2026-08-22 14:13:53,567  [INFO    ]  doc_uploader - Pre-submit verification...
2026-08-22 14:14:13,764  [INFO    ]  doc_uploader - Clicking 'Submit to engine'...
2026-08-22 14:14:25,217  [INFO    ]  doc_uploader - Submitted to engine. Waiting for result...
2026-08-22 14:14:25,217  [INFO    ]  doc_uploader - Waiting for engine result (timeout=90s)...
2026-08-22 14:14:50,397  [INFO    ]  doc_uploader - Result appeared after 25s.
2026-08-22 14:14:51,513  [INFO    ]  doc_uploader - Screenshot saved: D:\ai_doc_automation\output\screenshots\20260822_141451_result_Document11_2_page_0.png.png
2026-08-22 14:14:51,513  [INFO    ]  result_parser - Reading verdict from Overview tab...
2026-08-22 14:15:28,153  [INFO    ]  result_parser - Verdict: SUCCESS (from verdict card)
2026-08-22 14:15:28,153  [INFO    ]  result_parser - Clicking Extraction tab...
2026-08-22 14:15:30,031  [INFO    ]  result_parser - On Extraction tab.
2026-08-22 14:15:30,041  [INFO    ]  result_parser - JS parse: 13 fields
2026-08-22 14:15:30,165  [INFO    ]  doc_uploader - Screenshot saved: D:\ai_doc_automation\output\screenshots\20260822_141530_extracted_Document11_2_page_0.png.png
2026-08-22 14:15:30,488  [INFO    ]  main - [OK] Document11_2_page_0.png: SUCCESS (83.9s)
2026-08-22 14:15:30,488  [INFO    ]  doc_uploader - Resetting form for next submission...
2026-08-22 14:15:32,362  [INFO    ]  doc_uploader - New submission clicked — form reset.
2026-08-22 14:15:32,376  [INFO    ]  doc_uploader - Upload form is ready for next document.
2026-08-22 14:15:32,376  [INFO    ]  main - 
[34/150] D:\ai_doc_automation\Test Data\12th Certificate for Testing\Document11_30_page_0.png
2026-08-22 14:15:32,376  [INFO    ]  main - ============================================================
2026-08-22 14:15:32,376  [INFO    ]  main - Processing [34/150]: Document11_30_page_0.png  |  12th Marksheet  |  Attempt 1
2026-08-22 14:15:32,376  [INFO    ]  main - ============================================================
2026-08-22 14:15:32,655  [INFO    ]  doc_uploader - Selecting document type: '12th Marksheet'
2026-08-22 14:15:32,710  [INFO    ]  doc_uploader - Selected by visible text: '12th Marksheet'
2026-08-22 14:15:32,710  [INFO    ]  doc_uploader - Ensuring 'Plain extraction' is selected...
2026-08-22 14:15:38,159  [INFO    ]  doc_uploader - Clicked Plain extraction text element.
2026-08-22 14:15:38,160  [INFO    ]  doc_uploader - Uploading file: D:\ai_doc_automation\Test Data\12th Certificate for Testing\Document11_30_page_0.png
2026-08-22 14:15:38,167  [INFO    ]  doc_uploader - File input found via JS querySelector.
2026-08-22 14:15:48,584  [INFO    ]  doc_uploader - Upload preview ready (submit button visible).
2026-08-22 14:15:58,639  [INFO    ]  doc_uploader - File uploaded successfully.
2026-08-22 14:15:58,639  [INFO    ]  doc_uploader - Pre-submit verification...
2026-08-22 14:16:18,860  [INFO    ]  doc_uploader - Clicking 'Submit to engine'...
2026-08-22 14:16:30,366  [INFO    ]  doc_uploader - Submitted to engine. Waiting for result...
2026-08-22 14:16:30,366  [INFO    ]  doc_uploader - Waiting for engine result (timeout=90s)...
2026-08-22 14:16:55,639  [INFO    ]  doc_uploader - Result appeared after 25s.
2026-08-22 14:16:56,748  [INFO    ]  doc_uploader - Screenshot saved: D:\ai_doc_automation\output\screenshots\20260822_141656_result_Document11_30_page_0.png.png
2026-08-22 14:16:56,748  [INFO    ]  result_parser - Reading verdict from Overview tab...
2026-08-22 14:17:33,441  [INFO    ]  result_parser - Verdict: SUCCESS (from verdict card)
2026-08-22 14:17:33,441  [INFO    ]  result_parser - Clicking Extraction tab...
2026-08-22 14:17:35,322  [INFO    ]  result_parser - On Extraction tab.
2026-08-22 14:17:35,322  [INFO    ]  result_parser - JS parse: 13 fields
2026-08-22 14:17:35,472  [INFO    ]  doc_uploader - Screenshot saved: D:\ai_doc_automation\output\screenshots\20260822_141735_extracted_Document11_30_page_0.png.png
2026-08-22 14:17:35,788  [INFO    ]  main - [OK] Document11_30_page_0.png: SUCCESS (84.0s)
2026-08-22 14:17:35,788  [INFO    ]  doc_uploader - Resetting form for next submission...
2026-08-22 14:17:37,678  [INFO    ]  doc_uploader - New submission clicked — form reset.
2026-08-22 14:17:37,696  [INFO    ]  doc_uploader - Upload form is ready for next document.
2026-08-22 14:17:37,696  [INFO    ]  main - 
[35/150] D:\ai_doc_automation\Test Data\12th Certificate for Testing\Document11_31_page_0.png
2026-08-22 14:17:37,696  [INFO    ]  main - ============================================================
2026-08-22 14:17:37,696  [INFO    ]  main - Processing [35/150]: Document11_31_page_0.png  |  12th Marksheet  |  Attempt 1
2026-08-22 14:17:37,696  [INFO    ]  main - ============================================================
2026-08-22 14:17:37,954  [INFO    ]  doc_uploader - Selecting document type: '12th Marksheet'
2026-08-22 14:17:37,991  [INFO    ]  doc_uploader - Selected by visible text: '12th Marksheet'
2026-08-22 14:17:37,991  [INFO    ]  doc_uploader - Ensuring 'Plain extraction' is selected...
2026-08-22 14:17:43,414  [INFO    ]  doc_uploader - Clicked Plain extraction text element.
2026-08-22 14:17:43,457  [INFO    ]  doc_uploader - Uploading file: D:\ai_doc_automation\Test Data\12th Certificate for Testing\Document11_31_page_0.png
2026-08-22 14:17:43,464  [INFO    ]  doc_uploader - File input found via JS querySelector.
2026-08-22 14:17:53,851  [INFO    ]  doc_uploader - Upload preview ready (submit button visible).
2026-08-22 14:18:03,932  [INFO    ]  doc_uploader - File uploaded successfully.
2026-08-22 14:18:03,932  [INFO    ]  doc_uploader - Pre-submit verification...
2026-08-22 14:18:24,174  [INFO    ]  doc_uploader - Clicking 'Submit to engine'...
2026-08-22 14:18:35,593  [INFO    ]  doc_uploader - Submitted to engine. Waiting for result...
2026-08-22 14:18:35,593  [INFO    ]  doc_uploader - Waiting for engine result (timeout=90s)...
2026-08-22 14:19:00,814  [INFO    ]  doc_uploader - Result appeared after 25s.
2026-08-22 14:19:01,928  [INFO    ]  doc_uploader - Screenshot saved: D:\ai_doc_automation\output\screenshots\20260822_141901_result_Document11_31_page_0.png.png
2026-08-22 14:19:01,928  [INFO    ]  result_parser - Reading verdict from Overview tab...
2026-08-22 14:19:38,633  [INFO    ]  result_parser - Verdict: SUCCESS (from verdict card)
2026-08-22 14:19:38,633  [INFO    ]  result_parser - Clicking Extraction tab...
2026-08-22 14:19:40,513  [INFO    ]  result_parser - On Extraction tab.
2026-08-22 14:19:40,513  [INFO    ]  result_parser - JS parse: 13 fields
2026-08-22 14:19:40,639  [INFO    ]  doc_uploader - Screenshot saved: D:\ai_doc_automation\output\screenshots\20260822_141940_extracted_Document11_31_page_0.png.png
2026-08-22 14:19:40,966  [INFO    ]  main - [OK] Document11_31_page_0.png: SUCCESS (83.9s)
2026-08-22 14:19:40,966  [INFO    ]  doc_uploader - Resetting form for next submission...
2026-08-22 14:19:42,836  [INFO    ]  doc_uploader - New submission clicked — form reset.
2026-08-22 14:19:42,858  [INFO    ]  doc_uploader - Upload form is ready for next document.
2026-08-22 14:19:42,859  [INFO    ]  main - 
[36/150] D:\ai_doc_automation\Test Data\12th Certificate for Testing\Document11_32_page_0.png
2026-08-22 14:19:42,859  [INFO    ]  main - ============================================================
2026-08-22 14:19:42,860  [INFO    ]  main - Processing [36/150]: Document11_32_page_0.png  |  12th Marksheet  |  Attempt 1
2026-08-22 14:19:42,860  [INFO    ]  main - ============================================================
2026-08-22 14:19:43,138  [INFO    ]  doc_uploader - Selecting document type: '12th Marksheet'
2026-08-22 14:19:43,195  [INFO    ]  doc_uploader - Selected by visible text: '12th Marksheet'
2026-08-22 14:19:43,195  [INFO    ]  doc_uploader - Ensuring 'Plain extraction' is selected...
2026-08-22 14:19:48,607  [INFO    ]  doc_uploader - Clicked Plain extraction text element.
2026-08-22 14:19:48,608  [INFO    ]  doc_uploader - Uploading file: D:\ai_doc_automation\Test Data\12th Certificate for Testing\Document11_32_page_0.png
2026-08-22 14:19:48,616  [INFO    ]  doc_uploader - File input found via JS querySelector.
2026-08-22 14:19:59,078  [INFO    ]  doc_uploader - Upload preview ready (submit button visible).
2026-08-22 14:20:09,190  [INFO    ]  doc_uploader - File uploaded successfully.
2026-08-22 14:20:09,190  [INFO    ]  doc_uploader - Pre-submit verification...
2026-08-22 14:20:29,367  [INFO    ]  doc_uploader - Clicking 'Submit to engine'...
2026-08-22 14:20:40,831  [INFO    ]  doc_uploader - Submitted to engine. Waiting for result...
2026-08-22 14:20:40,831  [INFO    ]  doc_uploader - Waiting for engine result (timeout=90s)...
2026-08-22 14:21:06,098  [INFO    ]  doc_uploader - Result appeared after 25s.
2026-08-22 14:21:07,211  [INFO    ]  doc_uploader - Screenshot saved: D:\ai_doc_automation\output\screenshots\20260822_142107_result_Document11_32_page_0.png.png
2026-08-22 14:21:07,211  [INFO    ]  result_parser - Reading verdict from Overview tab...
2026-08-22 14:21:43,837  [INFO    ]  result_parser - Verdict: SUCCESS (from verdict card)
2026-08-22 14:21:43,837  [INFO    ]  result_parser - Clicking Extraction tab...
2026-08-22 14:21:45,707  [INFO    ]  result_parser - On Extraction tab.
2026-08-22 14:21:45,707  [INFO    ]  result_parser - JS parse: 13 fields
2026-08-22 14:21:45,813  [INFO    ]  doc_uploader - Screenshot saved: D:\ai_doc_automation\output\screenshots\20260822_142145_extracted_Document11_32_page_0.png.png
2026-08-22 14:21:46,143  [INFO    ]  main - [OK] Document11_32_page_0.png: SUCCESS (84.0s)
2026-08-22 14:21:46,143  [INFO    ]  doc_uploader - Resetting form for next submission...
2026-08-22 14:21:48,025  [INFO    ]  doc_uploader - New submission clicked — form reset.
2026-08-22 14:21:48,055  [INFO    ]  doc_uploader - Upload form is ready for next document.
2026-08-22 14:21:48,055  [INFO    ]  main - 
[37/150] D:\ai_doc_automation\Test Data\12th Certificate for Testing\Document11_33_page_0.png
2026-08-22 14:21:48,055  [INFO    ]  main - ============================================================
2026-08-22 14:21:48,055  [INFO    ]  main - Processing [37/150]: Document11_33_page_0.png  |  12th Marksheet  |  Attempt 1
2026-08-22 14:21:48,055  [INFO    ]  main - ============================================================
2026-08-22 14:21:48,339  [INFO    ]  doc_uploader - Pre-upload check: expecting REJECT for Document11_33_page_0.png — File size 5.47MB exceeds 5MB limit
2026-08-22 14:21:48,339  [INFO    ]  doc_uploader - Selecting document type: '12th Marksheet'
2026-08-22 14:21:48,393  [INFO    ]  doc_uploader - Selected by visible text: '12th Marksheet'
2026-08-22 14:21:48,393  [INFO    ]  doc_uploader - Ensuring 'Plain extraction' is selected...
2026-08-22 14:21:53,828  [INFO    ]  doc_uploader - Clicked Plain extraction text element.
2026-08-22 14:21:53,828  [INFO    ]  doc_uploader - Uploading file: D:\ai_doc_automation\Test Data\12th Certificate for Testing\Document11_33_page_0.png
2026-08-22 14:21:53,844  [INFO    ]  doc_uploader - File input found via JS querySelector.
2026-08-22 14:22:04,239  [INFO    ]  doc_uploader - Upload preview ready (submit button visible).
2026-08-22 14:22:14,303  [INFO    ]  doc_uploader - File uploaded successfully.
2026-08-22 14:22:14,303  [INFO    ]  doc_uploader - Pre-submit verification...
2026-08-22 14:22:34,473  [INFO    ]  doc_uploader - Clicking 'Submit to engine'...
2026-08-22 14:22:45,964  [INFO    ]  doc_uploader - Submitted to engine. Waiting for result...
2026-08-22 14:22:45,964  [INFO    ]  doc_uploader - Waiting for engine result (timeout=90s)...
2026-08-22 14:22:51,058  [WARNING ]  doc_uploader - Upload error detected via JS: Upload a JPEG, PNG, WebP, or PDF document up to 5 MB.
2026-08-22 14:22:51,058  [WARNING ]  doc_uploader - Upload rejection banner detected during wait: Upload a JPEG, PNG, WebP, or PDF document up to 5 MB.
2026-08-22 14:22:51,058  [WARNING ]  main - File upload rejected for Document11_33_page_0.png: Upload a JPEG, PNG, WebP, or PDF document up to 5 MB.
2026-08-22 14:22:51,196  [INFO    ]  doc_uploader - Screenshot saved: D:\ai_doc_automation\output\screenshots\20260822_142251_upload_rejected_Document11_33_page_0.png.png
2026-08-22 14:22:51,502  [INFO    ]  main - [FAIL] Document11_33_page_0.png: FAILED (62.7s)
2026-08-22 14:22:51,502  [INFO    ]  doc_uploader - Resetting form for next submission...
2026-08-22 14:23:02,100  [INFO    ]  doc_uploader - Navigating to Verify Document page to reset form.
2026-08-22 14:23:02,100  [INFO    ]  doc_uploader - Navigating to 'Verify Document' page...
2026-08-22 14:23:03,983  [INFO    ]  doc_uploader - On Verify Document page.
2026-08-22 14:23:03,997  [INFO    ]  doc_uploader - Upload form is ready for next document.
2026-08-22 14:23:03,997  [INFO    ]  main - 
[38/150] D:\ai_doc_automation\Test Data\12th Certificate for Testing\Document11_34_page_0.png
2026-08-22 14:23:03,997  [INFO    ]  main - ============================================================
2026-08-22 14:23:03,997  [INFO    ]  main - Processing [38/150]: Document11_34_page_0.png  |  12th Marksheet  |  Attempt 1
2026-08-22 14:23:03,997  [INFO    ]  main - ============================================================
2026-08-22 14:23:04,295  [INFO    ]  doc_uploader - Selecting document type: '12th Marksheet'
2026-08-22 14:23:04,370  [INFO    ]  doc_uploader - Selected by visible text: '12th Marksheet'
2026-08-22 14:23:04,371  [INFO    ]  doc_uploader - Ensuring 'Plain extraction' is selected...
2026-08-22 14:23:09,755  [INFO    ]  doc_uploader - Clicked Plain extraction text element.
2026-08-22 14:23:09,755  [INFO    ]  doc_uploader - Uploading file: D:\ai_doc_automation\Test Data\12th Certificate for Testing\Document11_34_page_0.png
2026-08-22 14:23:09,755  [INFO    ]  doc_uploader - File input found via JS querySelector.
2026-08-22 14:23:20,171  [INFO    ]  doc_uploader - Upload preview ready (submit button visible).
2026-08-22 14:23:30,219  [INFO    ]  doc_uploader - File uploaded successfully.
2026-08-22 14:23:30,219  [INFO    ]  doc_uploader - Pre-submit verification...
2026-08-22 14:23:40,348  [WARNING ]  doc_uploader - Dropdown mismatch! Expected '12th Marksheet', found 'Aadhaar Card'. Re-selecting.
2026-08-22 14:23:40,348  [INFO    ]  doc_uploader - Selecting document type: '12th Marksheet'
2026-08-22 14:23:40,417  [INFO    ]  doc_uploader - Selected by visible text: '12th Marksheet'
2026-08-22 14:23:50,471  [INFO    ]  doc_uploader - Clicking 'Submit to engine'...
2026-08-22 14:24:01,936  [INFO    ]  doc_uploader - Submitted to engine. Waiting for result...
2026-08-22 14:24:01,936  [INFO    ]  doc_uploader - Waiting for engine result (timeout=90s)...
2026-08-22 14:24:27,144  [INFO    ]  doc_uploader - Result appeared after 25s.
2026-08-22 14:24:28,248  [INFO    ]  doc_uploader - Screenshot saved: D:\ai_doc_automation\output\screenshots\20260822_142428_result_Document11_34_page_0.png.png
2026-08-22 14:24:28,248  [INFO    ]  result_parser - Reading verdict from Overview tab...
2026-08-22 14:25:04,869  [INFO    ]  result_parser - Verdict: SUCCESS (from verdict card)
2026-08-22 14:25:04,869  [INFO    ]  result_parser - Clicking Extraction tab...
2026-08-22 14:25:06,740  [INFO    ]  result_parser - On Extraction tab.
2026-08-22 14:25:06,740  [INFO    ]  result_parser - JS parse: 13 fields
2026-08-22 14:25:06,848  [INFO    ]  doc_uploader - Screenshot saved: D:\ai_doc_automation\output\screenshots\20260822_142506_extracted_Document11_34_page_0.png.png
2026-08-22 14:25:07,191  [INFO    ]  main - [OK] Document11_34_page_0.png: SUCCESS (83.9s)
2026-08-22 14:25:07,191  [INFO    ]  doc_uploader - Resetting form for next submission...
2026-08-22 14:25:09,069  [INFO    ]  doc_uploader - New submission clicked — form reset.
2026-08-22 14:25:09,094  [INFO    ]  doc_uploader - Upload form is ready for next document.
2026-08-22 14:25:09,094  [INFO    ]  main - 
[39/150] D:\ai_doc_automation\Test Data\12th Certificate for Testing\Document11_35_page_0.png
2026-08-22 14:25:09,094  [INFO    ]  main - ============================================================
2026-08-22 14:25:09,094  [INFO    ]  main - Processing [39/150]: Document11_35_page_0.png  |  12th Marksheet  |  Attempt 1
2026-08-22 14:25:09,094  [INFO    ]  main - ============================================================
2026-08-22 14:25:09,356  [INFO    ]  doc_uploader - Selecting document type: '12th Marksheet'
2026-08-22 14:25:09,410  [INFO    ]  doc_uploader - Selected by visible text: '12th Marksheet'
2026-08-22 14:25:09,410  [INFO    ]  doc_uploader - Ensuring 'Plain extraction' is selected...
2026-08-22 14:25:14,821  [INFO    ]  doc_uploader - Clicked Plain extraction text element.
2026-08-22 14:25:14,821  [INFO    ]  doc_uploader - Uploading file: D:\ai_doc_automation\Test Data\12th Certificate for Testing\Document11_35_page_0.png
2026-08-22 14:25:14,821  [INFO    ]  doc_uploader - File input found via JS querySelector.
2026-08-22 14:25:25,223  [INFO    ]  doc_uploader - Upload preview ready (submit button visible).
2026-08-22 14:25:35,301  [INFO    ]  doc_uploader - File uploaded successfully.
2026-08-22 14:25:35,301  [INFO    ]  doc_uploader - Pre-submit verification...
2026-08-22 14:25:55,511  [INFO    ]  doc_uploader - Clicking 'Submit to engine'...
2026-08-22 14:26:07,003  [INFO    ]  doc_uploader - Submitted to engine. Waiting for result...
2026-08-22 14:26:07,003  [INFO    ]  doc_uploader - Waiting for engine result (timeout=90s)...
2026-08-22 14:26:32,163  [INFO    ]  doc_uploader - Result appeared after 25s.
2026-08-22 14:26:33,266  [INFO    ]  doc_uploader - Screenshot saved: D:\ai_doc_automation\output\screenshots\20260822_142633_result_Document11_35_page_0.png.png
2026-08-22 14:26:33,266  [INFO    ]  result_parser - Reading verdict from Overview tab...
2026-08-22 14:27:09,901  [INFO    ]  result_parser - Verdict: SUCCESS (from verdict card)
2026-08-22 14:27:09,901  [INFO    ]  result_parser - Clicking Extraction tab...
2026-08-22 14:27:11,772  [INFO    ]  result_parser - On Extraction tab.
2026-08-22 14:27:11,772  [INFO    ]  result_parser - JS parse: 13 fields
2026-08-22 14:27:11,876  [INFO    ]  doc_uploader - Screenshot saved: D:\ai_doc_automation\output\screenshots\20260822_142711_extracted_Document11_35_page_0.png.png
2026-08-22 14:27:12,214  [INFO    ]  main - [OK] Document11_35_page_0.png: SUCCESS (83.8s)
2026-08-22 14:27:12,214  [INFO    ]  doc_uploader - Resetting form for next submission...
2026-08-22 14:27:14,096  [INFO    ]  doc_uploader - New submission clicked — form reset.
2026-08-22 14:27:14,109  [INFO    ]  doc_uploader - Upload form is ready for next document.
2026-08-22 14:27:14,120  [INFO    ]  main - 
[40/150] D:\ai_doc_automation\Test Data\12th Certificate for Testing\Document11_36_page_0.png
2026-08-22 14:27:14,120  [INFO    ]  main - ============================================================
2026-08-22 14:27:14,120  [INFO    ]  main - Processing [40/150]: Document11_36_page_0.png  |  12th Marksheet  |  Attempt 1
2026-08-22 14:27:14,120  [INFO    ]  main - ============================================================
2026-08-22 14:27:14,389  [INFO    ]  doc_uploader - Selecting document type: '12th Marksheet'
2026-08-22 14:27:14,438  [INFO    ]  doc_uploader - Selected by visible text: '12th Marksheet'
2026-08-22 14:27:14,438  [INFO    ]  doc_uploader - Ensuring 'Plain extraction' is selected...
2026-08-22 14:27:19,870  [INFO    ]  doc_uploader - Clicked Plain extraction text element.
2026-08-22 14:27:19,870  [INFO    ]  doc_uploader - Uploading file: D:\ai_doc_automation\Test Data\12th Certificate for Testing\Document11_36_page_0.png
2026-08-22 14:27:19,870  [INFO    ]  doc_uploader - File input found via JS querySelector.
2026-08-22 14:27:30,302  [INFO    ]  doc_uploader - Upload preview ready (submit button visible).
2026-08-22 14:27:40,368  [INFO    ]  doc_uploader - File uploaded successfully.
2026-08-22 14:27:40,368  [INFO    ]  doc_uploader - Pre-submit verification...
2026-08-22 14:28:00,651  [INFO    ]  doc_uploader - Clicking 'Submit to engine'...
2026-08-22 14:28:12,102  [INFO    ]  doc_uploader - Submitted to engine. Waiting for result...
2026-08-22 14:28:12,102  [INFO    ]  doc_uploader - Waiting for engine result (timeout=90s)...
2026-08-22 14:28:37,356  [INFO    ]  doc_uploader - Result appeared after 25s.
2026-08-22 14:28:38,463  [INFO    ]  doc_uploader - Screenshot saved: D:\ai_doc_automation\output\screenshots\20260822_142838_result_Document11_36_page_0.png.png
2026-08-22 14:28:38,463  [INFO    ]  result_parser - Reading verdict from Overview tab...
2026-08-22 14:29:15,097  [INFO    ]  result_parser - Verdict: SUCCESS (from verdict card)
2026-08-22 14:29:15,097  [INFO    ]  result_parser - Clicking Extraction tab...
2026-08-22 14:29:16,969  [INFO    ]  result_parser - On Extraction tab.
2026-08-22 14:29:16,975  [INFO    ]  result_parser - JS parse: 13 fields
2026-08-22 14:29:17,087  [INFO    ]  doc_uploader - Screenshot saved: D:\ai_doc_automation\output\screenshots\20260822_142916_extracted_Document11_36_page_0.png.png
2026-08-22 14:29:17,398  [INFO    ]  main - [OK] Document11_36_page_0.png: SUCCESS (84.0s)
2026-08-22 14:29:17,413  [INFO    ]  doc_uploader - Resetting form for next submission...
2026-08-22 14:29:19,280  [INFO    ]  doc_uploader - New submission clicked — form reset.
2026-08-22 14:29:19,304  [INFO    ]  doc_uploader - Upload form is ready for next document.
2026-08-22 14:29:19,306  [INFO    ]  main - 
[41/150] D:\ai_doc_automation\Test Data\12th Certificate for Testing\Document11_37_page_0.png
2026-08-22 14:29:19,306  [INFO    ]  main - ============================================================
2026-08-22 14:29:19,306  [INFO    ]  main - Processing [41/150]: Document11_37_page_0.png  |  12th Marksheet  |  Attempt 1
2026-08-22 14:29:19,306  [INFO    ]  main - ============================================================
2026-08-22 14:29:19,555  [INFO    ]  doc_uploader - Selecting document type: '12th Marksheet'
2026-08-22 14:29:19,592  [INFO    ]  doc_uploader - Selected by visible text: '12th Marksheet'
2026-08-22 14:29:19,592  [INFO    ]  doc_uploader - Ensuring 'Plain extraction' is selected...
2026-08-22 14:29:25,008  [INFO    ]  doc_uploader - Clicked Plain extraction text element.
2026-08-22 14:29:25,008  [INFO    ]  doc_uploader - Uploading file: D:\ai_doc_automation\Test Data\12th Certificate for Testing\Document11_37_page_0.png
2026-08-22 14:29:25,016  [INFO    ]  doc_uploader - File input found via JS querySelector.
2026-08-22 14:29:35,416  [INFO    ]  doc_uploader - Upload preview ready (submit button visible).
2026-08-22 14:29:45,498  [INFO    ]  doc_uploader - File uploaded successfully.
2026-08-22 14:29:45,498  [INFO    ]  doc_uploader - Pre-submit verification...
2026-08-22 14:30:05,660  [INFO    ]  doc_uploader - Clicking 'Submit to engine'...
2026-08-22 14:30:17,156  [INFO    ]  doc_uploader - Submitted to engine. Waiting for result...
2026-08-22 14:30:17,156  [INFO    ]  doc_uploader - Waiting for engine result (timeout=90s)...
2026-08-22 14:30:42,455  [INFO    ]  doc_uploader - Result appeared after 25s.
2026-08-22 14:30:43,562  [INFO    ]  doc_uploader - Screenshot saved: D:\ai_doc_automation\output\screenshots\20260822_143043_result_Document11_37_page_0.png.png
2026-08-22 14:30:43,562  [INFO    ]  result_parser - Reading verdict from Overview tab...
2026-08-22 14:31:20,208  [INFO    ]  result_parser - Verdict: SUCCESS (from verdict card)
2026-08-22 14:31:20,208  [INFO    ]  result_parser - Clicking Extraction tab...
2026-08-22 14:31:22,083  [INFO    ]  result_parser - On Extraction tab.
2026-08-22 14:31:22,090  [INFO    ]  result_parser - JS parse: 13 fields
2026-08-22 14:31:22,208  [INFO    ]  doc_uploader - Screenshot saved: D:\ai_doc_automation\output\screenshots\20260822_143122_extracted_Document11_37_page_0.png.png
2026-08-22 14:31:22,512  [INFO    ]  main - [OK] Document11_37_page_0.png: SUCCESS (83.9s)
2026-08-22 14:31:22,512  [INFO    ]  doc_uploader - Resetting form for next submission...
2026-08-22 14:31:24,400  [INFO    ]  doc_uploader - New submission clicked — form reset.
2026-08-22 14:31:24,414  [INFO    ]  doc_uploader - Upload form is ready for next document.
2026-08-22 14:31:24,414  [INFO    ]  main - 
[42/150] D:\ai_doc_automation\Test Data\12th Certificate for Testing\Document11_38_page_0.png
2026-08-22 14:31:24,414  [INFO    ]  main - ============================================================
2026-08-22 14:31:24,424  [INFO    ]  main - Processing [42/150]: Document11_38_page_0.png  |  12th Marksheet  |  Attempt 1
2026-08-22 14:31:24,424  [INFO    ]  main - ============================================================
2026-08-22 14:31:24,673  [INFO    ]  doc_uploader - Selecting document type: '12th Marksheet'
2026-08-22 14:31:24,723  [INFO    ]  doc_uploader - Selected by visible text: '12th Marksheet'
2026-08-22 14:31:24,724  [INFO    ]  doc_uploader - Ensuring 'Plain extraction' is selected...
2026-08-22 14:31:30,161  [INFO    ]  doc_uploader - Clicked Plain extraction text element.
2026-08-22 14:31:30,161  [INFO    ]  doc_uploader - Uploading file: D:\ai_doc_automation\Test Data\12th Certificate for Testing\Document11_38_page_0.png
2026-08-22 14:31:30,161  [INFO    ]  doc_uploader - File input found via JS querySelector.
2026-08-22 14:31:40,571  [INFO    ]  doc_uploader - Upload preview ready (submit button visible).
2026-08-22 14:31:50,580  [INFO    ]  doc_uploader - File uploaded successfully.
2026-08-22 14:31:50,580  [INFO    ]  doc_uploader - Pre-submit verification...
2026-08-22 14:32:10,816  [INFO    ]  doc_uploader - Clicking 'Submit to engine'...
2026-08-22 14:32:22,255  [INFO    ]  doc_uploader - Submitted to engine. Waiting for result...
2026-08-22 14:32:22,255  [INFO    ]  doc_uploader - Waiting for engine result (timeout=90s)...
2026-08-22 14:32:47,442  [INFO    ]  doc_uploader - Result appeared after 25s.
2026-08-22 14:32:48,545  [INFO    ]  doc_uploader - Screenshot saved: D:\ai_doc_automation\output\screenshots\20260822_143248_result_Document11_38_page_0.png.png
2026-08-22 14:32:48,545  [INFO    ]  result_parser - Reading verdict from Overview tab...
2026-08-22 14:33:25,148  [INFO    ]  result_parser - Verdict: SUCCESS (from verdict card)
2026-08-22 14:33:25,163  [INFO    ]  result_parser - Clicking Extraction tab...
2026-08-22 14:33:27,033  [INFO    ]  result_parser - On Extraction tab.
2026-08-22 14:33:27,036  [INFO    ]  result_parser - JS parse: 13 fields
2026-08-22 14:33:27,155  [INFO    ]  doc_uploader - Screenshot saved: D:\ai_doc_automation\output\screenshots\20260822_143327_extracted_Document11_38_page_0.png.png
2026-08-22 14:33:27,480  [INFO    ]  main - [OK] Document11_38_page_0.png: SUCCESS (83.8s)
2026-08-22 14:33:27,480  [INFO    ]  doc_uploader - Resetting form for next submission...
2026-08-22 14:33:29,361  [INFO    ]  doc_uploader - New submission clicked — form reset.
2026-08-22 14:33:29,384  [INFO    ]  doc_uploader - Upload form is ready for next document.
2026-08-22 14:33:29,384  [INFO    ]  main - 
[43/150] D:\ai_doc_automation\Test Data\12th Certificate for Testing\Document11_39_page_0.png
2026-08-22 14:33:29,385  [INFO    ]  main - ============================================================
2026-08-22 14:33:29,385  [INFO    ]  main - Processing [43/150]: Document11_39_page_0.png  |  12th Marksheet  |  Attempt 1
2026-08-22 14:33:29,385  [INFO    ]  main - ============================================================
2026-08-22 14:33:29,686  [INFO    ]  doc_uploader - Selecting document type: '12th Marksheet'
2026-08-22 14:33:29,727  [INFO    ]  doc_uploader - Selected by visible text: '12th Marksheet'
2026-08-22 14:33:29,729  [INFO    ]  doc_uploader - Ensuring 'Plain extraction' is selected...
2026-08-22 14:33:35,165  [INFO    ]  doc_uploader - Clicked Plain extraction text element.
2026-08-22 14:33:35,165  [INFO    ]  doc_uploader - Uploading file: D:\ai_doc_automation\Test Data\12th Certificate for Testing\Document11_39_page_0.png
2026-08-22 14:33:35,173  [INFO    ]  doc_uploader - File input found via JS querySelector.
2026-08-22 14:33:45,582  [INFO    ]  doc_uploader - Upload preview ready (submit button visible).
2026-08-22 14:33:55,662  [INFO    ]  doc_uploader - File uploaded successfully.
2026-08-22 14:33:55,662  [INFO    ]  doc_uploader - Pre-submit verification...
2026-08-22 14:34:15,824  [INFO    ]  doc_uploader - Clicking 'Submit to engine'...
2026-08-22 14:34:27,314  [INFO    ]  doc_uploader - Submitted to engine. Waiting for result...
2026-08-22 14:34:27,314  [INFO    ]  doc_uploader - Waiting for engine result (timeout=90s)...
2026-08-22 14:34:52,500  [INFO    ]  doc_uploader - Result appeared after 25s.
2026-08-22 14:34:53,608  [INFO    ]  doc_uploader - Screenshot saved: D:\ai_doc_automation\output\screenshots\20260822_143453_result_Document11_39_page_0.png.png
2026-08-22 14:34:53,608  [INFO    ]  result_parser - Reading verdict from Overview tab...
2026-08-22 14:35:30,214  [INFO    ]  result_parser - Verdict: SUCCESS (from verdict card)
2026-08-22 14:35:30,230  [INFO    ]  result_parser - Clicking Extraction tab...
2026-08-22 14:35:32,100  [INFO    ]  result_parser - On Extraction tab.
2026-08-22 14:35:32,104  [INFO    ]  result_parser - JS parse: 13 fields
2026-08-22 14:35:32,205  [INFO    ]  doc_uploader - Screenshot saved: D:\ai_doc_automation\output\screenshots\20260822_143532_extracted_Document11_39_page_0.png.png
2026-08-22 14:35:32,528  [INFO    ]  main - [OK] Document11_39_page_0.png: SUCCESS (83.8s)
2026-08-22 14:35:32,528  [INFO    ]  doc_uploader - Resetting form for next submission...
2026-08-22 14:35:34,400  [INFO    ]  doc_uploader - New submission clicked — form reset.
2026-08-22 14:35:34,423  [INFO    ]  doc_uploader - Upload form is ready for next document.
2026-08-22 14:35:34,423  [INFO    ]  main - 
[44/150] D:\ai_doc_automation\Test Data\12th Certificate for Testing\Document11_3_page_0.png
2026-08-22 14:35:34,423  [INFO    ]  main - ============================================================
2026-08-22 14:35:34,423  [INFO    ]  main - Processing [44/150]: Document11_3_page_0.png  |  12th Marksheet  |  Attempt 1
2026-08-22 14:35:34,423  [INFO    ]  main - ============================================================
2026-08-22 14:35:34,692  [INFO    ]  doc_uploader - Selecting document type: '12th Marksheet'
2026-08-22 14:35:34,746  [INFO    ]  doc_uploader - Selected by visible text: '12th Marksheet'
2026-08-22 14:35:34,746  [INFO    ]  doc_uploader - Ensuring 'Plain extraction' is selected...
2026-08-22 14:35:40,155  [INFO    ]  doc_uploader - Clicked Plain extraction text element.
2026-08-22 14:35:40,155  [INFO    ]  doc_uploader - Uploading file: D:\ai_doc_automation\Test Data\12th Certificate for Testing\Document11_3_page_0.png
2026-08-22 14:35:40,155  [INFO    ]  doc_uploader - File input found via JS querySelector.
2026-08-22 14:35:50,600  [INFO    ]  doc_uploader - Upload preview ready (submit button visible).
2026-08-22 14:36:00,697  [INFO    ]  doc_uploader - File uploaded successfully.
2026-08-22 14:36:00,697  [INFO    ]  doc_uploader - Pre-submit verification...
2026-08-22 14:36:20,845  [INFO    ]  doc_uploader - Clicking 'Submit to engine'...
2026-08-22 14:36:32,298  [INFO    ]  doc_uploader - Submitted to engine. Waiting for result...
2026-08-22 14:36:32,298  [INFO    ]  doc_uploader - Waiting for engine result (timeout=90s)...
2026-08-22 14:36:57,470  [INFO    ]  doc_uploader - Result appeared after 25s.
2026-08-22 14:36:58,577  [INFO    ]  doc_uploader - Screenshot saved: D:\ai_doc_automation\output\screenshots\20260822_143658_result_Document11_3_page_0.png.png
2026-08-22 14:36:58,577  [INFO    ]  result_parser - Reading verdict from Overview tab...
2026-08-22 14:37:35,217  [INFO    ]  result_parser - Verdict: SUCCESS (from verdict card)
2026-08-22 14:37:35,217  [INFO    ]  result_parser - Clicking Extraction tab...
2026-08-22 14:37:37,099  [INFO    ]  result_parser - On Extraction tab.
2026-08-22 14:37:37,106  [INFO    ]  result_parser - JS parse: 13 fields
2026-08-22 14:37:37,227  [INFO    ]  doc_uploader - Screenshot saved: D:\ai_doc_automation\output\screenshots\20260822_143737_extracted_Document11_3_page_0.png.png
2026-08-22 14:37:37,544  [INFO    ]  main - [OK] Document11_3_page_0.png: SUCCESS (83.8s)
2026-08-22 14:37:37,544  [INFO    ]  doc_uploader - Resetting form for next submission...
2026-08-22 14:37:39,417  [INFO    ]  doc_uploader - New submission clicked — form reset.
2026-08-22 14:37:39,438  [INFO    ]  doc_uploader - Upload form is ready for next document.
2026-08-22 14:37:39,439  [INFO    ]  main - 
[45/150] D:\ai_doc_automation\Test Data\12th Certificate for Testing\Document11_40_page_0.png
2026-08-22 14:37:39,439  [INFO    ]  main - ============================================================
2026-08-22 14:37:39,439  [INFO    ]  main - Processing [45/150]: Document11_40_page_0.png  |  12th Marksheet  |  Attempt 1
2026-08-22 14:37:39,439  [INFO    ]  main - ============================================================
2026-08-22 14:37:39,701  [INFO    ]  doc_uploader - Selecting document type: '12th Marksheet'
2026-08-22 14:37:39,739  [INFO    ]  doc_uploader - Selected by visible text: '12th Marksheet'
2026-08-22 14:37:39,739  [INFO    ]  doc_uploader - Ensuring 'Plain extraction' is selected...
2026-08-22 14:37:45,141  [INFO    ]  doc_uploader - Clicked Plain extraction text element.
2026-08-22 14:37:45,141  [INFO    ]  doc_uploader - Uploading file: D:\ai_doc_automation\Test Data\12th Certificate for Testing\Document11_40_page_0.png
2026-08-22 14:37:45,148  [INFO    ]  doc_uploader - File input found via JS querySelector.
2026-08-22 14:37:55,542  [INFO    ]  doc_uploader - Upload preview ready (submit button visible).
2026-08-22 14:38:05,654  [INFO    ]  doc_uploader - File uploaded successfully.
2026-08-22 14:38:05,654  [INFO    ]  doc_uploader - Pre-submit verification...
2026-08-22 14:38:25,849  [INFO    ]  doc_uploader - Clicking 'Submit to engine'...
2026-08-22 14:38:37,280  [INFO    ]  doc_uploader - Submitted to engine. Waiting for result...
2026-08-22 14:38:37,280  [INFO    ]  doc_uploader - Waiting for engine result (timeout=90s)...
2026-08-22 14:38:37,900  [INFO    ]  doc_uploader - Result appeared after 0s.
2026-08-22 14:38:39,012  [INFO    ]  doc_uploader - Screenshot saved: D:\ai_doc_automation\output\screenshots\20260822_143838_result_Document11_40_page_0.png.png
2026-08-22 14:38:39,012  [INFO    ]  result_parser - Reading verdict from Overview tab...
2026-08-22 14:39:15,709  [INFO    ]  result_parser - Verdict: SUCCESS (from verdict card)
2026-08-22 14:39:15,709  [INFO    ]  result_parser - Clicking Extraction tab...
2026-08-22 14:39:17,595  [INFO    ]  result_parser - On Extraction tab.
2026-08-22 14:39:17,601  [INFO    ]  result_parser - JS parse: 13 fields
2026-08-22 14:39:18,005  [INFO    ]  doc_uploader - Screenshot saved: D:\ai_doc_automation\output\screenshots\20260822_143917_extracted_Document11_40_page_0.png.png
2026-08-22 14:39:18,346  [INFO    ]  main - [OK] Document11_40_page_0.png: SUCCESS (59.2s)
2026-08-22 14:39:18,346  [INFO    ]  doc_uploader - Resetting form for next submission...
2026-08-22 14:39:20,241  [INFO    ]  doc_uploader - New submission clicked — form reset.
2026-08-22 14:39:20,258  [INFO    ]  doc_uploader - Upload form is ready for next document.
2026-08-22 14:39:20,258  [INFO    ]  main - 
[46/150] D:\ai_doc_automation\Test Data\12th Certificate for Testing\Document11_41_page_0.png
2026-08-22 14:39:20,258  [INFO    ]  main - ============================================================
2026-08-22 14:39:20,258  [INFO    ]  main - Processing [46/150]: Document11_41_page_0.png  |  12th Marksheet  |  Attempt 1
2026-08-22 14:39:20,258  [INFO    ]  main - ============================================================
2026-08-22 14:39:20,531  [INFO    ]  doc_uploader - Selecting document type: '12th Marksheet'
2026-08-22 14:39:20,573  [INFO    ]  doc_uploader - Selected by visible text: '12th Marksheet'
2026-08-22 14:39:20,573  [INFO    ]  doc_uploader - Ensuring 'Plain extraction' is selected...
2026-08-22 14:39:26,012  [INFO    ]  doc_uploader - Clicked Plain extraction text element.
2026-08-22 14:39:26,012  [INFO    ]  doc_uploader - Uploading file: D:\ai_doc_automation\Test Data\12th Certificate for Testing\Document11_41_page_0.png
2026-08-22 14:39:26,017  [INFO    ]  doc_uploader - File input found via JS querySelector.
2026-08-22 14:39:36,409  [INFO    ]  doc_uploader - Upload preview ready (submit button visible).
2026-08-22 14:39:46,442  [INFO    ]  doc_uploader - File uploaded successfully.
2026-08-22 14:39:46,442  [INFO    ]  doc_uploader - Pre-submit verification...
2026-08-22 14:40:06,628  [INFO    ]  doc_uploader - Clicking 'Submit to engine'...
2026-08-22 14:40:18,066  [INFO    ]  doc_uploader - Submitted to engine. Waiting for result...
2026-08-22 14:40:18,066  [INFO    ]  doc_uploader - Waiting for engine result (timeout=90s)...
2026-08-22 14:40:43,288  [INFO    ]  doc_uploader - Result appeared after 25s.
2026-08-22 14:40:44,395  [INFO    ]  doc_uploader - Screenshot saved: D:\ai_doc_automation\output\screenshots\20260822_144044_result_Document11_41_page_0.png.png
2026-08-22 14:40:44,395  [INFO    ]  result_parser - Reading verdict from Overview tab...
2026-08-22 14:41:21,113  [INFO    ]  result_parser - Verdict: SUCCESS (from verdict card)
2026-08-22 14:41:21,115  [INFO    ]  result_parser - Clicking Extraction tab...
2026-08-22 14:41:23,002  [INFO    ]  result_parser - On Extraction tab.
2026-08-22 14:41:23,006  [INFO    ]  result_parser - JS parse: 13 fields
2026-08-22 14:41:23,123  [INFO    ]  doc_uploader - Screenshot saved: D:\ai_doc_automation\output\screenshots\20260822_144123_extracted_Document11_41_page_0.png.png
2026-08-22 14:41:23,464  [INFO    ]  main - [OK] Document11_41_page_0.png: SUCCESS (83.8s)
2026-08-22 14:41:23,464  [INFO    ]  doc_uploader - Resetting form for next submission...
2026-08-22 14:41:25,334  [INFO    ]  doc_uploader - New submission clicked — form reset.
2026-08-22 14:41:25,353  [INFO    ]  doc_uploader - Upload form is ready for next document.
2026-08-22 14:41:25,356  [INFO    ]  main - 
[47/150] D:\ai_doc_automation\Test Data\12th Certificate for Testing\Document11_42_page_0.png
2026-08-22 14:41:25,357  [INFO    ]  main - ============================================================
2026-08-22 14:41:25,357  [INFO    ]  main - Processing [47/150]: Document11_42_page_0.png  |  12th Marksheet  |  Attempt 1
2026-08-22 14:41:25,357  [INFO    ]  main - ============================================================
2026-08-22 14:41:25,608  [INFO    ]  doc_uploader - Selecting document type: '12th Marksheet'
2026-08-22 14:41:25,656  [INFO    ]  doc_uploader - Selected by visible text: '12th Marksheet'
2026-08-22 14:41:25,656  [INFO    ]  doc_uploader - Ensuring 'Plain extraction' is selected...
2026-08-22 14:41:31,066  [INFO    ]  doc_uploader - Clicked Plain extraction text element.
2026-08-22 14:41:31,066  [INFO    ]  doc_uploader - Uploading file: D:\ai_doc_automation\Test Data\12th Certificate for Testing\Document11_42_page_0.png
2026-08-22 14:41:31,070  [INFO    ]  doc_uploader - File input found via JS querySelector.
2026-08-22 14:41:41,482  [INFO    ]  doc_uploader - Upload preview ready (submit button visible).
2026-08-22 14:41:51,549  [INFO    ]  doc_uploader - File uploaded successfully.
2026-08-22 14:41:51,549  [INFO    ]  doc_uploader - Pre-submit verification...
2026-08-22 14:42:11,814  [INFO    ]  doc_uploader - Clicking 'Submit to engine'...
2026-08-22 14:42:23,293  [INFO    ]  doc_uploader - Submitted to engine. Waiting for result...
2026-08-22 14:42:23,293  [INFO    ]  doc_uploader - Waiting for engine result (timeout=90s)...
2026-08-22 14:42:48,441  [INFO    ]  doc_uploader - Result appeared after 25s.
2026-08-22 14:42:49,543  [INFO    ]  doc_uploader - Screenshot saved: D:\ai_doc_automation\output\screenshots\20260822_144249_result_Document11_42_page_0.png.png
2026-08-22 14:42:49,543  [INFO    ]  result_parser - Reading verdict from Overview tab...
2026-08-22 14:43:26,167  [INFO    ]  result_parser - Verdict: SUCCESS (from verdict card)
2026-08-22 14:43:26,167  [INFO    ]  result_parser - Clicking Extraction tab...
2026-08-22 14:43:28,042  [INFO    ]  result_parser - On Extraction tab.
2026-08-22 14:43:28,050  [INFO    ]  result_parser - JS parse: 13 fields
2026-08-22 14:43:28,173  [INFO    ]  doc_uploader - Screenshot saved: D:\ai_doc_automation\output\screenshots\20260822_144328_extracted_Document11_42_page_0.png.png
2026-08-22 14:43:28,486  [INFO    ]  main - [OK] Document11_42_page_0.png: SUCCESS (83.8s)
2026-08-22 14:43:28,486  [INFO    ]  doc_uploader - Resetting form for next submission...
2026-08-22 14:43:30,354  [INFO    ]  doc_uploader - New submission clicked — form reset.
2026-08-22 14:43:30,372  [INFO    ]  doc_uploader - Upload form is ready for next document.
2026-08-22 14:43:30,372  [INFO    ]  main - 
[48/150] D:\ai_doc_automation\Test Data\12th Certificate for Testing\Document11_43_page_0.png
2026-08-22 14:43:30,372  [INFO    ]  main - ============================================================
2026-08-22 14:43:30,372  [INFO    ]  main - Processing [48/150]: Document11_43_page_0.png  |  12th Marksheet  |  Attempt 1
2026-08-22 14:43:30,372  [INFO    ]  main - ============================================================
2026-08-22 14:43:30,685  [INFO    ]  doc_uploader - Selecting document type: '12th Marksheet'
2026-08-22 14:43:30,736  [INFO    ]  doc_uploader - Selected by visible text: '12th Marksheet'
2026-08-22 14:43:30,736  [INFO    ]  doc_uploader - Ensuring 'Plain extraction' is selected...
2026-08-22 14:43:36,149  [INFO    ]  doc_uploader - Clicked Plain extraction text element.
2026-08-22 14:43:36,171  [INFO    ]  doc_uploader - Uploading file: D:\ai_doc_automation\Test Data\12th Certificate for Testing\Document11_43_page_0.png
2026-08-22 14:43:36,190  [INFO    ]  doc_uploader - File input found via JS querySelector.
2026-08-22 14:43:46,627  [INFO    ]  doc_uploader - Upload preview ready (submit button visible).
2026-08-22 14:43:56,725  [INFO    ]  doc_uploader - File uploaded successfully.
2026-08-22 14:43:56,725  [INFO    ]  doc_uploader - Pre-submit verification...
2026-08-22 14:44:16,934  [INFO    ]  doc_uploader - Clicking 'Submit to engine'...
2026-08-22 14:44:28,397  [INFO    ]  doc_uploader - Submitted to engine. Waiting for result...
2026-08-22 14:44:28,397  [INFO    ]  doc_uploader - Waiting for engine result (timeout=90s)...
2026-08-22 14:44:53,570  [INFO    ]  doc_uploader - Result appeared after 25s.
2026-08-22 14:44:54,676  [INFO    ]  doc_uploader - Screenshot saved: D:\ai_doc_automation\output\screenshots\20260822_144454_result_Document11_43_page_0.png.png
2026-08-22 14:44:54,676  [INFO    ]  result_parser - Reading verdict from Overview tab...
2026-08-22 14:45:31,309  [INFO    ]  result_parser - Verdict: SUCCESS (from verdict card)
2026-08-22 14:45:31,309  [INFO    ]  result_parser - Clicking Extraction tab...
2026-08-22 14:45:33,186  [INFO    ]  result_parser - On Extraction tab.
2026-08-22 14:45:33,186  [INFO    ]  result_parser - JS parse: 13 fields
2026-08-22 14:45:33,288  [INFO    ]  doc_uploader - Screenshot saved: D:\ai_doc_automation\output\screenshots\20260822_144533_extracted_Document11_43_page_0.png.png
2026-08-22 14:45:34,104  [INFO    ]  main - [OK] Document11_43_page_0.png: SUCCESS (83.9s)
2026-08-22 14:45:34,106  [INFO    ]  doc_uploader - Resetting form for next submission...
2026-08-22 14:45:35,976  [INFO    ]  doc_uploader - New submission clicked — form reset.
2026-08-22 14:45:36,001  [INFO    ]  doc_uploader - Upload form is ready for next document.
2026-08-22 14:45:36,002  [INFO    ]  main - 
[49/150] D:\ai_doc_automation\Test Data\12th Certificate for Testing\Document11_44_page_0.png
2026-08-22 14:45:36,002  [INFO    ]  main - ============================================================
2026-08-22 14:45:36,002  [INFO    ]  main - Processing [49/150]: Document11_44_page_0.png  |  12th Marksheet  |  Attempt 1
2026-08-22 14:45:36,003  [INFO    ]  main - ============================================================
2026-08-22 14:45:36,299  [INFO    ]  doc_uploader - Selecting document type: '12th Marksheet'
2026-08-22 14:45:36,354  [INFO    ]  doc_uploader - Selected by visible text: '12th Marksheet'
2026-08-22 14:45:36,355  [INFO    ]  doc_uploader - Ensuring 'Plain extraction' is selected...
2026-08-22 14:45:41,745  [INFO    ]  doc_uploader - Clicked Plain extraction text element.
2026-08-22 14:45:41,745  [INFO    ]  doc_uploader - Uploading file: D:\ai_doc_automation\Test Data\12th Certificate for Testing\Document11_44_page_0.png
2026-08-22 14:45:41,751  [INFO    ]  doc_uploader - File input found via JS querySelector.
2026-08-22 14:45:52,164  [INFO    ]  doc_uploader - Upload preview ready (submit button visible).
2026-08-22 14:46:02,229  [INFO    ]  doc_uploader - File uploaded successfully.
2026-08-22 14:46:02,229  [INFO    ]  doc_uploader - Pre-submit verification...
2026-08-22 14:46:22,455  [INFO    ]  doc_uploader - Clicking 'Submit to engine'...
2026-08-22 14:46:33,897  [INFO    ]  doc_uploader - Submitted to engine. Waiting for result...
2026-08-22 14:46:33,897  [INFO    ]  doc_uploader - Waiting for engine result (timeout=90s)...
2026-08-22 14:46:59,122  [INFO    ]  doc_uploader - Result appeared after 25s.
2026-08-22 14:47:00,241  [INFO    ]  doc_uploader - Screenshot saved: D:\ai_doc_automation\output\screenshots\20260822_144700_result_Document11_44_page_0.png.png
2026-08-22 14:47:00,241  [INFO    ]  result_parser - Reading verdict from Overview tab...
2026-08-22 14:47:36,863  [INFO    ]  result_parser - Verdict: SUCCESS (from verdict card)
2026-08-22 14:47:36,863  [INFO    ]  result_parser - Clicking Extraction tab...
2026-08-22 14:47:38,741  [INFO    ]  result_parser - On Extraction tab.
2026-08-22 14:47:38,751  [INFO    ]  result_parser - JS parse: 13 fields
2026-08-22 14:47:38,869  [INFO    ]  doc_uploader - Screenshot saved: D:\ai_doc_automation\output\screenshots\20260822_144738_extracted_Document11_44_page_0.png.png
2026-08-22 14:47:39,224  [INFO    ]  main - [OK] Document11_44_page_0.png: SUCCESS (83.8s)
2026-08-22 14:47:39,224  [INFO    ]  doc_uploader - Resetting form for next submission...
2026-08-22 14:47:41,111  [INFO    ]  doc_uploader - New submission clicked — form reset.
2026-08-22 14:47:41,136  [INFO    ]  doc_uploader - Upload form is ready for next document.
2026-08-22 14:47:41,137  [INFO    ]  main - 
[50/150] D:\ai_doc_automation\Test Data\12th Certificate for Testing\Document11_45_page_0.png
2026-08-22 14:47:41,137  [INFO    ]  main - ============================================================
2026-08-22 14:47:41,137  [INFO    ]  main - Processing [50/150]: Document11_45_page_0.png  |  12th Marksheet  |  Attempt 1
2026-08-22 14:47:41,137  [INFO    ]  main - ============================================================
2026-08-22 14:47:41,415  [INFO    ]  doc_uploader - Selecting document type: '12th Marksheet'
2026-08-22 14:47:41,459  [INFO    ]  doc_uploader - Selected by visible text: '12th Marksheet'
2026-08-22 14:47:41,459  [INFO    ]  doc_uploader - Ensuring 'Plain extraction' is selected...
2026-08-22 14:47:46,872  [INFO    ]  doc_uploader - Clicked Plain extraction text element.
2026-08-22 14:47:46,872  [INFO    ]  doc_uploader - Uploading file: D:\ai_doc_automation\Test Data\12th Certificate for Testing\Document11_45_page_0.png
2026-08-22 14:47:46,879  [INFO    ]  doc_uploader - File input found via JS querySelector.
2026-08-22 14:47:57,341  [INFO    ]  doc_uploader - Upload preview ready (submit button visible).
2026-08-22 14:48:07,407  [INFO    ]  doc_uploader - File uploaded successfully.
2026-08-22 14:48:07,407  [INFO    ]  doc_uploader - Pre-submit verification...
2026-08-22 14:48:27,580  [INFO    ]  doc_uploader - Clicking 'Submit to engine'...
2026-08-22 14:48:39,035  [INFO    ]  doc_uploader - Submitted to engine. Waiting for result...
2026-08-22 14:48:39,035  [INFO    ]  doc_uploader - Waiting for engine result (timeout=90s)...
2026-08-22 14:49:04,253  [INFO    ]  doc_uploader - Result appeared after 25s.
2026-08-22 14:49:05,357  [INFO    ]  doc_uploader - Screenshot saved: D:\ai_doc_automation\output\screenshots\20260822_144905_result_Document11_45_page_0.png.png
2026-08-22 14:49:05,357  [INFO    ]  result_parser - Reading verdict from Overview tab...
2026-08-22 14:49:42,071  [INFO    ]  result_parser - Verdict: SUCCESS (from verdict card)
2026-08-22 14:49:42,071  [INFO    ]  result_parser - Clicking Extraction tab...
2026-08-22 14:49:43,957  [INFO    ]  result_parser - On Extraction tab.
2026-08-22 14:49:43,957  [INFO    ]  result_parser - JS parse: 13 fields
2026-08-22 14:49:44,070  [INFO    ]  doc_uploader - Screenshot saved: D:\ai_doc_automation\output\screenshots\20260822_144943_extracted_Document11_45_page_0.png.png
2026-08-22 14:49:44,864  [INFO    ]  main - [OK] Document11_45_page_0.png: SUCCESS (83.9s)
2026-08-22 14:49:44,864  [INFO    ]  doc_uploader - Resetting form for next submission...
2026-08-22 14:49:46,745  [INFO    ]  doc_uploader - New submission clicked — form reset.
2026-08-22 14:49:46,770  [INFO    ]  doc_uploader - Upload form is ready for next document.
2026-08-22 14:49:46,770  [INFO    ]  main - 
[51/150] D:\ai_doc_automation\Test Data\12th Certificate for Testing\Document11_46_page_0.png
2026-08-22 14:49:46,770  [INFO    ]  main - ============================================================
2026-08-22 14:49:46,770  [INFO    ]  main - Processing [51/150]: Document11_46_page_0.png  |  12th Marksheet  |  Attempt 1
2026-08-22 14:49:46,770  [INFO    ]  main - ============================================================
2026-08-22 14:49:47,031  [INFO    ]  doc_uploader - Selecting document type: '12th Marksheet'
2026-08-22 14:49:47,080  [INFO    ]  doc_uploader - Selected by visible text: '12th Marksheet'
2026-08-22 14:49:47,080  [INFO    ]  doc_uploader - Ensuring 'Plain extraction' is selected...
2026-08-22 14:49:52,495  [INFO    ]  doc_uploader - Clicked Plain extraction text element.
2026-08-22 14:49:52,495  [INFO    ]  doc_uploader - Uploading file: D:\ai_doc_automation\Test Data\12th Certificate for Testing\Document11_46_page_0.png
2026-08-22 14:49:52,500  [INFO    ]  doc_uploader - File input found via JS querySelector.
2026-08-22 14:50:02,911  [INFO    ]  doc_uploader - Upload preview ready (submit button visible).
2026-08-22 14:50:12,990  [INFO    ]  doc_uploader - File uploaded successfully.
2026-08-22 14:50:12,990  [INFO    ]  doc_uploader - Pre-submit verification...
2026-08-22 14:50:33,227  [INFO    ]  doc_uploader - Clicking 'Submit to engine'...
2026-08-22 14:50:44,678  [INFO    ]  doc_uploader - Submitted to engine. Waiting for result...
2026-08-22 14:50:44,678  [INFO    ]  doc_uploader - Waiting for engine result (timeout=90s)...
2026-08-22 14:51:09,918  [INFO    ]  doc_uploader - Result appeared after 25s.
2026-08-22 14:51:11,024  [INFO    ]  doc_uploader - Screenshot saved: D:\ai_doc_automation\output\screenshots\20260822_145110_result_Document11_46_page_0.png.png
2026-08-22 14:51:11,024  [INFO    ]  result_parser - Reading verdict from Overview tab...
2026-08-22 14:51:47,639  [INFO    ]  result_parser - Verdict: SUCCESS (from verdict card)
2026-08-22 14:51:47,639  [INFO    ]  result_parser - Clicking Extraction tab...
2026-08-22 14:51:49,504  [INFO    ]  result_parser - On Extraction tab.
2026-08-22 14:51:49,514  [INFO    ]  result_parser - JS parse: 13 fields
2026-08-22 14:51:49,639  [INFO    ]  doc_uploader - Screenshot saved: D:\ai_doc_automation\output\screenshots\20260822_145149_extracted_Document11_46_page_0.png.png
2026-08-22 14:51:49,956  [INFO    ]  main - [OK] Document11_46_page_0.png: SUCCESS (83.9s)
2026-08-22 14:51:49,956  [INFO    ]  doc_uploader - Resetting form for next submission...
2026-08-22 14:51:51,827  [INFO    ]  doc_uploader - New submission clicked — form reset.
2026-08-22 14:51:51,846  [INFO    ]  doc_uploader - Upload form is ready for next document.
2026-08-22 14:51:51,846  [INFO    ]  main - 
[52/150] D:\ai_doc_automation\Test Data\12th Certificate for Testing\Document11_47_page_0.png
2026-08-22 14:51:51,846  [INFO    ]  main - ============================================================
2026-08-22 14:51:51,846  [INFO    ]  main - Processing [52/150]: Document11_47_page_0.png  |  12th Marksheet  |  Attempt 1
2026-08-22 14:51:51,846  [INFO    ]  main - ============================================================
2026-08-22 14:51:52,158  [INFO    ]  doc_uploader - Selecting document type: '12th Marksheet'
2026-08-22 14:51:52,208  [INFO    ]  doc_uploader - Selected by visible text: '12th Marksheet'
2026-08-22 14:51:52,208  [INFO    ]  doc_uploader - Ensuring 'Plain extraction' is selected...
2026-08-22 14:51:57,608  [INFO    ]  doc_uploader - Clicked Plain extraction text element.
2026-08-22 14:51:57,608  [INFO    ]  doc_uploader - Uploading file: D:\ai_doc_automation\Test Data\12th Certificate for Testing\Document11_47_page_0.png
2026-08-22 14:51:57,624  [INFO    ]  doc_uploader - File input found via JS querySelector.
2026-08-22 14:52:08,065  [INFO    ]  doc_uploader - Upload preview ready (submit button visible).
2026-08-22 14:52:18,127  [INFO    ]  doc_uploader - File uploaded successfully.
2026-08-22 14:52:18,128  [INFO    ]  doc_uploader - Pre-submit verification...
2026-08-22 14:52:38,280  [INFO    ]  doc_uploader - Clicking 'Submit to engine'...
2026-08-22 14:52:49,760  [INFO    ]  doc_uploader - Submitted to engine. Waiting for result...
2026-08-22 14:52:49,760  [INFO    ]  doc_uploader - Waiting for engine result (timeout=90s)...
2026-08-22 14:53:15,041  [INFO    ]  doc_uploader - Result appeared after 25s.
2026-08-22 14:53:16,171  [INFO    ]  doc_uploader - Screenshot saved: D:\ai_doc_automation\output\screenshots\20260822_145316_result_Document11_47_page_0.png.png
2026-08-22 14:53:16,171  [INFO    ]  result_parser - Reading verdict from Overview tab...
2026-08-22 14:53:36,432  [INFO    ]  result_parser - Pipeline failure reason captured: VERIFAI — Document Intelligence — Dashboard — Verify Document — Plain Extraction — Golden Record — Document Linking — Transactions — API Playground — Settings — About — Collapse menu — AI DOCUMENT VERIFICATION ENGINE — Plain extraction — Backend online — AE — TRANSACTION COMPLETE — Pipeline failure result — TXN-20260822-4820008795 — Copy ID — New submission — PIPELINE FAILURE — Processing could not be completed — Decryption failed: fernet_key not present in Kafka payload — Overview — Raw JSON — OVERALL VERDICT — FAILED — SUCCESS — DOCUMENT TYPE — Unknown documentProcessing time not returned — QR CODE RESULTS — No QR code detected. QR presence is optional and does not indicate document validity.
2026-08-22 14:53:36,432  [INFO    ]  result_parser - Verdict: FAILED (Pipeline Failure banner detected: VERIFAI — Document Intelligence — Dashboard — Verify Document — Plain Extraction — Golden Record — Document Linking — Transactions — API Playground — Settings — About — Collapse menu — AI DOCUMENT VERIFICATION ENGINE — Plain extraction — Backend online — AE — TRANSACTION COMPLETE — Pipeline failure result — TXN-20260822-4820008795 — Copy ID — New submission — PIPELINE FAILURE — Processing could not be completed — Decryption failed: fernet_key not present in Kafka payload — Overview — Raw JSON — )
2026-08-22 14:53:36,432  [INFO    ]  result_parser - Skipping extraction (status=FAILED).
2026-08-22 14:53:36,776  [INFO    ]  main - [FAIL] Document11_47_page_0.png: FAILED (83.9s)
2026-08-22 14:53:36,776  [INFO    ]  doc_uploader - Resetting form for next submission...
2026-08-22 14:53:38,664  [INFO    ]  doc_uploader - New submission clicked — form reset.
2026-08-22 14:53:38,686  [INFO    ]  doc_uploader - Upload form is ready for next document.
2026-08-22 14:53:38,686  [INFO    ]  main - 
[53/150] D:\ai_doc_automation\Test Data\12th Certificate for Testing\Document11_48_page_0.png
2026-08-22 14:53:38,686  [INFO    ]  main - ============================================================
2026-08-22 14:53:38,686  [INFO    ]  main - Processing [53/150]: Document11_48_page_0.png  |  12th Marksheet  |  Attempt 1
2026-08-22 14:53:38,686  [INFO    ]  main - ============================================================
2026-08-22 14:53:38,947  [INFO    ]  doc_uploader - Selecting document type: '12th Marksheet'
2026-08-22 14:53:38,993  [INFO    ]  doc_uploader - Selected by visible text: '12th Marksheet'
2026-08-22 14:53:38,994  [INFO    ]  doc_uploader - Ensuring 'Plain extraction' is selected...
2026-08-22 14:53:44,363  [INFO    ]  doc_uploader - Clicked Plain extraction text element.
2026-08-22 14:53:44,363  [INFO    ]  doc_uploader - Uploading file: D:\ai_doc_automation\Test Data\12th Certificate for Testing\Document11_48_page_0.png
2026-08-22 14:53:44,379  [INFO    ]  doc_uploader - File input found via JS querySelector.
2026-08-22 14:53:54,806  [INFO    ]  doc_uploader - Upload preview ready (submit button visible).
2026-08-22 14:54:04,940  [INFO    ]  doc_uploader - File uploaded successfully.
2026-08-22 14:54:04,940  [INFO    ]  doc_uploader - Pre-submit verification...
2026-08-22 14:54:25,114  [INFO    ]  doc_uploader - Clicking 'Submit to engine'...
2026-08-22 14:54:36,628  [INFO    ]  doc_uploader - Submitted to engine. Waiting for result...
2026-08-22 14:54:36,628  [INFO    ]  doc_uploader - Waiting for engine result (timeout=90s)...
2026-08-22 14:55:01,845  [INFO    ]  doc_uploader - Result appeared after 25s.
2026-08-22 14:55:02,941  [INFO    ]  doc_uploader - Screenshot saved: D:\ai_doc_automation\output\screenshots\20260822_145502_result_Document11_48_page_0.png.png
2026-08-22 14:55:02,941  [INFO    ]  result_parser - Reading verdict from Overview tab...
2026-08-22 14:55:39,567  [INFO    ]  result_parser - Verdict: SUCCESS (from verdict card)
2026-08-22 14:55:39,567  [INFO    ]  result_parser - Clicking Extraction tab...
2026-08-22 14:55:41,442  [INFO    ]  result_parser - On Extraction tab.
2026-08-22 14:55:41,442  [INFO    ]  result_parser - JS parse: 13 fields
2026-08-22 14:55:42,001  [INFO    ]  doc_uploader - Screenshot saved: D:\ai_doc_automation\output\screenshots\20260822_145541_extracted_Document11_48_page_0.png.png
2026-08-22 14:55:42,327  [INFO    ]  main - [OK] Document11_48_page_0.png: SUCCESS (83.9s)
2026-08-22 14:55:42,327  [INFO    ]  doc_uploader - Resetting form for next submission...
2026-08-22 14:55:44,208  [INFO    ]  doc_uploader - New submission clicked — form reset.
2026-08-22 14:55:44,222  [INFO    ]  doc_uploader - Upload form is ready for next document.
2026-08-22 14:55:44,222  [INFO    ]  main - 
[54/150] D:\ai_doc_automation\Test Data\12th Certificate for Testing\Document11_49_page_0.png
2026-08-22 14:55:44,222  [INFO    ]  main - ============================================================
2026-08-22 14:55:44,222  [INFO    ]  main - Processing [54/150]: Document11_49_page_0.png  |  12th Marksheet  |  Attempt 1
2026-08-22 14:55:44,222  [INFO    ]  main - ============================================================
2026-08-22 14:55:44,497  [INFO    ]  doc_uploader - Selecting document type: '12th Marksheet'
2026-08-22 14:55:44,555  [INFO    ]  doc_uploader - Selected by visible text: '12th Marksheet'
2026-08-22 14:55:44,555  [INFO    ]  doc_uploader - Ensuring 'Plain extraction' is selected...
2026-08-22 14:55:49,974  [INFO    ]  doc_uploader - Clicked Plain extraction text element.
2026-08-22 14:55:50,017  [INFO    ]  doc_uploader - Uploading file: D:\ai_doc_automation\Test Data\12th Certificate for Testing\Document11_49_page_0.png
2026-08-22 14:55:50,024  [INFO    ]  doc_uploader - File input found via JS querySelector.
2026-08-22 14:56:00,421  [INFO    ]  doc_uploader - Upload preview ready (submit button visible).
2026-08-22 14:56:10,502  [INFO    ]  doc_uploader - File uploaded successfully.
2026-08-22 14:56:10,502  [INFO    ]  doc_uploader - Pre-submit verification...
2026-08-22 14:56:30,729  [INFO    ]  doc_uploader - Clicking 'Submit to engine'...
2026-08-22 14:56:42,244  [INFO    ]  doc_uploader - Submitted to engine. Waiting for result...
2026-08-22 14:56:42,244  [INFO    ]  doc_uploader - Waiting for engine result (timeout=90s)...
2026-08-22 14:57:07,437  [INFO    ]  doc_uploader - Result appeared after 25s.
2026-08-22 14:57:08,597  [INFO    ]  doc_uploader - Screenshot saved: D:\ai_doc_automation\output\screenshots\20260822_145708_result_Document11_49_page_0.png.png
2026-08-22 14:57:08,597  [INFO    ]  result_parser - Reading verdict from Overview tab...
2026-08-22 14:57:45,188  [INFO    ]  result_parser - Verdict: SUCCESS (from verdict card)
2026-08-22 14:57:45,188  [INFO    ]  result_parser - Clicking Extraction tab...
2026-08-22 14:57:47,072  [INFO    ]  result_parser - On Extraction tab.
2026-08-22 14:57:47,072  [INFO    ]  result_parser - JS parse: 13 fields
2026-08-22 14:57:47,200  [INFO    ]  doc_uploader - Screenshot saved: D:\ai_doc_automation\output\screenshots\20260822_145747_extracted_Document11_49_page_0.png.png
2026-08-22 14:57:47,523  [INFO    ]  main - [OK] Document11_49_page_0.png: SUCCESS (83.9s)
2026-08-22 14:57:47,523  [INFO    ]  doc_uploader - Resetting form for next submission...
2026-08-22 14:57:49,396  [INFO    ]  doc_uploader - New submission clicked — form reset.
2026-08-22 14:57:49,423  [INFO    ]  doc_uploader - Upload form is ready for next document.
2026-08-22 14:57:49,423  [INFO    ]  main - 
[55/150] D:\ai_doc_automation\Test Data\12th Certificate for Testing\Document11_4_page_0.png
2026-08-22 14:57:49,424  [INFO    ]  main - ============================================================
2026-08-22 14:57:49,424  [INFO    ]  main - Processing [55/150]: Document11_4_page_0.png  |  12th Marksheet  |  Attempt 1
2026-08-22 14:57:49,424  [INFO    ]  main - ============================================================
2026-08-22 14:57:49,697  [INFO    ]  doc_uploader - Selecting document type: '12th Marksheet'
2026-08-22 14:57:49,737  [INFO    ]  doc_uploader - Selected by visible text: '12th Marksheet'
2026-08-22 14:57:49,737  [INFO    ]  doc_uploader - Ensuring 'Plain extraction' is selected...
2026-08-22 14:57:55,169  [INFO    ]  doc_uploader - Clicked Plain extraction text element.
2026-08-22 14:57:55,170  [INFO    ]  doc_uploader - Uploading file: D:\ai_doc_automation\Test Data\12th Certificate for Testing\Document11_4_page_0.png
2026-08-22 14:57:55,177  [INFO    ]  doc_uploader - File input found via JS querySelector.
2026-08-22 14:58:05,599  [INFO    ]  doc_uploader - Upload preview ready (submit button visible).
2026-08-22 14:58:15,648  [INFO    ]  doc_uploader - File uploaded successfully.
2026-08-22 14:58:15,648  [INFO    ]  doc_uploader - Pre-submit verification...
2026-08-22 14:58:35,890  [INFO    ]  doc_uploader - Clicking 'Submit to engine'...
2026-08-22 14:58:47,342  [INFO    ]  doc_uploader - Submitted to engine. Waiting for result...
2026-08-22 14:58:47,342  [INFO    ]  doc_uploader - Waiting for engine result (timeout=90s)...
2026-08-22 14:59:12,584  [INFO    ]  doc_uploader - Result appeared after 25s.
2026-08-22 14:59:13,689  [INFO    ]  doc_uploader - Screenshot saved: D:\ai_doc_automation\output\screenshots\20260822_145913_result_Document11_4_page_0.png.png
2026-08-22 14:59:13,689  [INFO    ]  result_parser - Reading verdict from Overview tab...
2026-08-22 14:59:50,291  [INFO    ]  result_parser - Verdict: SUCCESS (from verdict card)
2026-08-22 14:59:50,291  [INFO    ]  result_parser - Clicking Extraction tab...
2026-08-22 14:59:52,159  [INFO    ]  result_parser - On Extraction tab.
2026-08-22 14:59:52,159  [INFO    ]  result_parser - JS parse: 13 fields
2026-08-22 14:59:52,266  [INFO    ]  doc_uploader - Screenshot saved: D:\ai_doc_automation\output\screenshots\20260822_145952_extracted_Document11_4_page_0.png.png
2026-08-22 14:59:52,588  [INFO    ]  main - [OK] Document11_4_page_0.png: SUCCESS (83.9s)
2026-08-22 14:59:52,588  [INFO    ]  doc_uploader - Resetting form for next submission...
2026-08-22 14:59:54,467  [INFO    ]  doc_uploader - New submission clicked — form reset.
2026-08-22 14:59:54,489  [INFO    ]  doc_uploader - Upload form is ready for next document.
2026-08-22 14:59:54,489  [INFO    ]  main - 
[56/150] D:\ai_doc_automation\Test Data\12th Certificate for Testing\Document11_50_page_0.png
2026-08-22 14:59:54,489  [INFO    ]  main - ============================================================
2026-08-22 14:59:54,489  [INFO    ]  main - Processing [56/150]: Document11_50_page_0.png  |  12th Marksheet  |  Attempt 1
2026-08-22 14:59:54,489  [INFO    ]  main - ============================================================
2026-08-22 14:59:54,764  [INFO    ]  doc_uploader - Pre-upload check: expecting REJECT for Document11_50_page_0.png — File size 6.14MB exceeds 5MB limit
2026-08-22 14:59:54,764  [INFO    ]  doc_uploader - Selecting document type: '12th Marksheet'
2026-08-22 14:59:54,839  [INFO    ]  doc_uploader - Selected by visible text: '12th Marksheet'
2026-08-22 14:59:54,839  [INFO    ]  doc_uploader - Ensuring 'Plain extraction' is selected...
2026-08-22 15:00:00,242  [INFO    ]  doc_uploader - Clicked Plain extraction text element.
2026-08-22 15:00:00,242  [INFO    ]  doc_uploader - Uploading file: D:\ai_doc_automation\Test Data\12th Certificate for Testing\Document11_50_page_0.png
2026-08-22 15:00:00,249  [INFO    ]  doc_uploader - File input found via JS querySelector.
2026-08-22 15:00:10,649  [INFO    ]  doc_uploader - Upload preview ready (submit button visible).
2026-08-22 15:00:20,763  [INFO    ]  doc_uploader - File uploaded successfully.
2026-08-22 15:00:20,763  [INFO    ]  doc_uploader - Pre-submit verification...
2026-08-22 15:00:41,005  [INFO    ]  doc_uploader - Clicking 'Submit to engine'...
2026-08-22 15:00:48,360  [WARNING ]  doc_uploader - Upload error detected via XPath: Upload a JPEG, PNG, WebP, or PDF document up to 5 MB.
2026-08-22 15:00:48,360  [WARNING ]  main - File upload rejected for Document11_50_page_0.png: Upload a JPEG, PNG, WebP, or PDF document up to 5 MB.
2026-08-22 15:00:48,474  [INFO    ]  doc_uploader - Screenshot saved: D:\ai_doc_automation\output\screenshots\20260822_150048_upload_rejected_Document11_50_page_0.png.png
2026-08-22 15:00:48,797  [INFO    ]  main - [FAIL] Document11_50_page_0.png: FAILED (53.6s)
2026-08-22 15:00:48,797  [INFO    ]  doc_uploader - Resetting form for next submission...
2026-08-22 15:00:59,382  [INFO    ]  doc_uploader - Navigating to Verify Document page to reset form.
2026-08-22 15:00:59,382  [INFO    ]  doc_uploader - Navigating to 'Verify Document' page...
2026-08-22 15:01:01,261  [INFO    ]  doc_uploader - On Verify Document page.
2026-08-22 15:01:01,282  [INFO    ]  doc_uploader - Upload form is ready for next document.
2026-08-22 15:01:01,283  [INFO    ]  main - 
[57/150] D:\ai_doc_automation\Test Data\12th Certificate for Testing\Document11_5_page_0.png
2026-08-22 15:01:01,283  [INFO    ]  main - ============================================================
2026-08-22 15:01:01,284  [INFO    ]  main - Processing [57/150]: Document11_5_page_0.png  |  12th Marksheet  |  Attempt 1
2026-08-22 15:01:01,284  [INFO    ]  main - ============================================================
2026-08-22 15:01:01,552  [INFO    ]  doc_uploader - Selecting document type: '12th Marksheet'
2026-08-22 15:01:01,625  [INFO    ]  doc_uploader - Selected by visible text: '12th Marksheet'
2026-08-22 15:01:01,625  [INFO    ]  doc_uploader - Ensuring 'Plain extraction' is selected...
2026-08-22 15:01:07,071  [INFO    ]  doc_uploader - Clicked Plain extraction text element.
2026-08-22 15:01:07,073  [INFO    ]  doc_uploader - Uploading file: D:\ai_doc_automation\Test Data\12th Certificate for Testing\Document11_5_page_0.png
2026-08-22 15:01:07,078  [INFO    ]  doc_uploader - File input found via JS querySelector.
2026-08-22 15:01:17,518  [INFO    ]  doc_uploader - Upload preview ready (submit button visible).
2026-08-22 15:01:27,617  [INFO    ]  doc_uploader - File uploaded successfully.
2026-08-22 15:01:27,617  [INFO    ]  doc_uploader - Pre-submit verification...
2026-08-22 15:01:37,797  [WARNING ]  doc_uploader - Dropdown mismatch! Expected '12th Marksheet', found 'Aadhaar Card'. Re-selecting.
2026-08-22 15:01:37,797  [INFO    ]  doc_uploader - Selecting document type: '12th Marksheet'
2026-08-22 15:01:37,860  [INFO    ]  doc_uploader - Selected by visible text: '12th Marksheet'
2026-08-22 15:01:47,931  [INFO    ]  doc_uploader - Clicking 'Submit to engine'...
2026-08-22 15:01:59,366  [INFO    ]  doc_uploader - Submitted to engine. Waiting for result...
2026-08-22 15:01:59,366  [INFO    ]  doc_uploader - Waiting for engine result (timeout=90s)...
2026-08-22 15:02:24,638  [INFO    ]  doc_uploader - Result appeared after 25s.
2026-08-22 15:02:25,745  [INFO    ]  doc_uploader - Screenshot saved: D:\ai_doc_automation\output\screenshots\20260822_150225_result_Document11_5_page_0.png.png
2026-08-22 15:02:25,745  [INFO    ]  result_parser - Reading verdict from Overview tab...
2026-08-22 15:02:46,008  [INFO    ]  result_parser - Pipeline failure reason captured: VERIFAI — Document Intelligence — Dashboard — Verify Document — Plain Extraction — Golden Record — Document Linking — Transactions — API Playground — Settings — About — Collapse menu — AI DOCUMENT VERIFICATION ENGINE — Plain extraction — Backend online — AE — TRANSACTION COMPLETE — Pipeline failure result — TXN-20260822-4543002454 — Copy ID — New submission — PIPELINE FAILURE — Processing could not be completed — Decryption failed: fernet_key not present in Kafka payload — Overview — Raw JSON — OVERALL VERDICT — FAILED — SUCCESS — DOCUMENT TYPE — Unknown documentProcessing time not returned — QR CODE RESULTS — No QR code detected. QR presence is optional and does not indicate document validity.
2026-08-22 15:02:46,008  [INFO    ]  result_parser - Verdict: FAILED (Pipeline Failure banner detected: VERIFAI — Document Intelligence — Dashboard — Verify Document — Plain Extraction — Golden Record — Document Linking — Transactions — API Playground — Settings — About — Collapse menu — AI DOCUMENT VERIFICATION ENGINE — Plain extraction — Backend online — AE — TRANSACTION COMPLETE — Pipeline failure result — TXN-20260822-4543002454 — Copy ID — New submission — PIPELINE FAILURE — Processing could not be completed — Decryption failed: fernet_key not present in Kafka payload — Overview — Raw JSON — )
2026-08-22 15:02:46,008  [INFO    ]  result_parser - Skipping extraction (status=FAILED).
2026-08-22 15:02:46,382  [INFO    ]  main - [FAIL] Document11_5_page_0.png: FAILED (84.1s)
2026-08-22 15:02:46,382  [INFO    ]  doc_uploader - Resetting form for next submission...
2026-08-22 15:02:48,274  [INFO    ]  doc_uploader - New submission clicked — form reset.
2026-08-22 15:02:48,296  [INFO    ]  doc_uploader - Upload form is ready for next document.
2026-08-22 15:02:48,296  [INFO    ]  main - 
[58/150] D:\ai_doc_automation\Test Data\12th Certificate for Testing\Document11_6_page_0.png
2026-08-22 15:02:48,296  [INFO    ]  main - ============================================================
2026-08-22 15:02:48,296  [INFO    ]  main - Processing [58/150]: Document11_6_page_0.png  |  12th Marksheet  |  Attempt 1
2026-08-22 15:02:48,298  [INFO    ]  main - ============================================================
2026-08-22 15:02:48,555  [INFO    ]  doc_uploader - Selecting document type: '12th Marksheet'
2026-08-22 15:02:48,617  [INFO    ]  doc_uploader - Selected by visible text: '12th Marksheet'
2026-08-22 15:02:48,617  [INFO    ]  doc_uploader - Ensuring 'Plain extraction' is selected...
2026-08-22 15:02:54,031  [INFO    ]  doc_uploader - Clicked Plain extraction text element.
2026-08-22 15:02:54,031  [INFO    ]  doc_uploader - Uploading file: D:\ai_doc_automation\Test Data\12th Certificate for Testing\Document11_6_page_0.png
2026-08-22 15:02:54,039  [INFO    ]  doc_uploader - File input found via JS querySelector.
2026-08-22 15:03:04,444  [INFO    ]  doc_uploader - Upload preview ready (submit button visible).
2026-08-22 15:03:14,509  [INFO    ]  doc_uploader - File uploaded successfully.
2026-08-22 15:03:14,509  [INFO    ]  doc_uploader - Pre-submit verification...
2026-08-22 15:03:34,736  [INFO    ]  doc_uploader - Clicking 'Submit to engine'...
2026-08-22 15:03:46,168  [INFO    ]  doc_uploader - Submitted to engine. Waiting for result...
2026-08-22 15:03:46,168  [INFO    ]  doc_uploader - Waiting for engine result (timeout=90s)...
2026-08-22 15:04:11,408  [INFO    ]  doc_uploader - Result appeared after 25s.
2026-08-22 15:04:12,513  [INFO    ]  doc_uploader - Screenshot saved: D:\ai_doc_automation\output\screenshots\20260822_150412_result_Document11_6_page_0.png.png
2026-08-22 15:04:12,513  [INFO    ]  result_parser - Reading verdict from Overview tab...
2026-08-22 15:04:49,157  [INFO    ]  result_parser - Verdict: SUCCESS (from verdict card)
2026-08-22 15:04:49,157  [INFO    ]  result_parser - Clicking Extraction tab...
2026-08-22 15:04:51,046  [INFO    ]  result_parser - On Extraction tab.
2026-08-22 15:04:51,046  [INFO    ]  result_parser - JS parse: 13 fields
2026-08-22 15:04:51,173  [INFO    ]  doc_uploader - Screenshot saved: D:\ai_doc_automation\output\screenshots\20260822_150451_extracted_Document11_6_page_0.png.png
2026-08-22 15:04:51,511  [INFO    ]  main - [OK] Document11_6_page_0.png: SUCCESS (83.9s)
2026-08-22 15:04:51,511  [INFO    ]  doc_uploader - Resetting form for next submission...
2026-08-22 15:04:53,382  [INFO    ]  doc_uploader - New submission clicked — form reset.
2026-08-22 15:04:53,395  [INFO    ]  doc_uploader - Upload form is ready for next document.
2026-08-22 15:04:53,395  [INFO    ]  main - 
[59/150] D:\ai_doc_automation\Test Data\12th Certificate for Testing\Document11_7_page_0.png
2026-08-22 15:04:53,395  [INFO    ]  main - ============================================================
2026-08-22 15:04:53,395  [INFO    ]  main - Processing [59/150]: Document11_7_page_0.png  |  12th Marksheet  |  Attempt 1
2026-08-22 15:04:53,395  [INFO    ]  main - ============================================================
2026-08-22 15:04:53,653  [INFO    ]  doc_uploader - Selecting document type: '12th Marksheet'
2026-08-22 15:04:53,708  [INFO    ]  doc_uploader - Selected by visible text: '12th Marksheet'
2026-08-22 15:04:53,708  [INFO    ]  doc_uploader - Ensuring 'Plain extraction' is selected...
2026-08-22 15:04:59,098  [INFO    ]  doc_uploader - Clicked Plain extraction text element.
2026-08-22 15:04:59,098  [INFO    ]  doc_uploader - Uploading file: D:\ai_doc_automation\Test Data\12th Certificate for Testing\Document11_7_page_0.png
2026-08-22 15:04:59,098  [INFO    ]  doc_uploader - File input found via JS querySelector.
2026-08-22 15:05:09,558  [INFO    ]  doc_uploader - Upload preview ready (submit button visible).
2026-08-22 15:05:19,654  [INFO    ]  doc_uploader - File uploaded successfully.
2026-08-22 15:05:19,654  [INFO    ]  doc_uploader - Pre-submit verification...
2026-08-22 15:05:39,850  [INFO    ]  doc_uploader - Clicking 'Submit to engine'...
2026-08-22 15:05:51,301  [INFO    ]  doc_uploader - Submitted to engine. Waiting for result...
2026-08-22 15:05:51,301  [INFO    ]  doc_uploader - Waiting for engine result (timeout=90s)...
2026-08-22 15:06:16,507  [INFO    ]  doc_uploader - Result appeared after 25s.
2026-08-22 15:06:17,612  [INFO    ]  doc_uploader - Screenshot saved: D:\ai_doc_automation\output\screenshots\20260822_150617_result_Document11_7_page_0.png.png
2026-08-22 15:06:17,612  [INFO    ]  result_parser - Reading verdict from Overview tab...
2026-08-22 15:06:54,336  [INFO    ]  result_parser - Verdict: SUCCESS (from verdict card)
2026-08-22 15:06:54,336  [INFO    ]  result_parser - Clicking Extraction tab...
2026-08-22 15:06:56,213  [INFO    ]  result_parser - On Extraction tab.
2026-08-22 15:06:56,213  [INFO    ]  result_parser - JS parse: 13 fields
2026-08-22 15:06:56,359  [INFO    ]  doc_uploader - Screenshot saved: D:\ai_doc_automation\output\screenshots\20260822_150656_extracted_Document11_7_page_0.png.png
2026-08-22 15:06:56,694  [INFO    ]  main - [OK] Document11_7_page_0.png: SUCCESS (83.9s)
2026-08-22 15:06:56,694  [INFO    ]  doc_uploader - Resetting form for next submission...
2026-08-22 15:06:58,583  [INFO    ]  doc_uploader - New submission clicked — form reset.
2026-08-22 15:06:58,612  [INFO    ]  doc_uploader - Upload form is ready for next document.
2026-08-22 15:06:58,612  [INFO    ]  main - 
[60/150] D:\ai_doc_automation\Test Data\12th Certificate for Testing\Document11_8_page_0.png
2026-08-22 15:06:58,613  [INFO    ]  main - ============================================================
2026-08-22 15:06:58,613  [INFO    ]  main - Processing [60/150]: Document11_8_page_0.png  |  12th Marksheet  |  Attempt 1
2026-08-22 15:06:58,613  [INFO    ]  main - ============================================================
2026-08-22 15:06:58,894  [INFO    ]  doc_uploader - Selecting document type: '12th Marksheet'
2026-08-22 15:06:58,938  [INFO    ]  doc_uploader - Selected by visible text: '12th Marksheet'
2026-08-22 15:06:58,940  [INFO    ]  doc_uploader - Ensuring 'Plain extraction' is selected...
2026-08-22 15:07:04,365  [INFO    ]  doc_uploader - Clicked Plain extraction text element.
2026-08-22 15:07:04,365  [INFO    ]  doc_uploader - Uploading file: D:\ai_doc_automation\Test Data\12th Certificate for Testing\Document11_8_page_0.png
2026-08-22 15:07:04,384  [INFO    ]  doc_uploader - File input found via JS querySelector.
2026-08-22 15:07:14,822  [INFO    ]  doc_uploader - Upload preview ready (submit button visible).
2026-08-22 15:07:24,872  [INFO    ]  doc_uploader - File uploaded successfully.
2026-08-22 15:07:24,872  [INFO    ]  doc_uploader - Pre-submit verification...
2026-08-22 15:07:45,050  [INFO    ]  doc_uploader - Clicking 'Submit to engine'...
2026-08-22 15:07:56,548  [INFO    ]  doc_uploader - Submitted to engine. Waiting for result...
2026-08-22 15:07:56,548  [INFO    ]  doc_uploader - Waiting for engine result (timeout=90s)...
2026-08-22 15:08:21,770  [INFO    ]  doc_uploader - Result appeared after 25s.
2026-08-22 15:08:22,931  [INFO    ]  doc_uploader - Screenshot saved: D:\ai_doc_automation\output\screenshots\20260822_150822_result_Document11_8_page_0.png.png
2026-08-22 15:08:22,932  [INFO    ]  result_parser - Reading verdict from Overview tab...
2026-08-22 15:08:59,600  [INFO    ]  result_parser - Verdict: SUCCESS (from verdict card)
2026-08-22 15:08:59,600  [INFO    ]  result_parser - Clicking Extraction tab...
2026-08-22 15:09:01,481  [INFO    ]  result_parser - On Extraction tab.
2026-08-22 15:09:01,487  [INFO    ]  result_parser - JS parse: 13 fields
2026-08-22 15:09:01,599  [INFO    ]  doc_uploader - Screenshot saved: D:\ai_doc_automation\output\screenshots\20260822_150901_extracted_Document11_8_page_0.png.png
2026-08-22 15:09:01,602  [ERROR   ]  main - Top-level exception processing document: [Errno 13] Permission denied: 'D:\\ai_doc_automation\\output\\ai_doc_results_20260822_130959.xlsx'
2026-08-22 15:09:01,602  [INFO    ]  doc_uploader - Resetting form for next submission...
2026-08-22 15:09:03,480  [INFO    ]  doc_uploader - New submission clicked — form reset.
2026-08-22 15:09:03,507  [INFO    ]  doc_uploader - Upload form is ready for next document.
2026-08-22 15:09:03,509  [INFO    ]  main - 
[61/150] D:\ai_doc_automation\Test Data\Income Certificate for Testing\IncomeCertificate_29_page_0.png
2026-08-22 15:09:03,509  [INFO    ]  main - ============================================================
2026-08-22 15:09:03,509  [INFO    ]  main - Processing [61/150]: IncomeCertificate_29_page_0.png  |  Income Certificate  |  Attempt 1
2026-08-22 15:09:03,509  [INFO    ]  main - ============================================================
2026-08-22 15:09:03,808  [INFO    ]  doc_uploader - Selecting document type: 'Income Certificate'
2026-08-22 15:09:03,900  [INFO    ]  doc_uploader - Selected by visible text: 'Income Certificate'
2026-08-22 15:09:03,900  [INFO    ]  doc_uploader - Ensuring 'Plain extraction' is selected...
2026-08-22 15:09:09,332  [INFO    ]  doc_uploader - Clicked Plain extraction text element.
2026-08-22 15:09:09,357  [INFO    ]  doc_uploader - Uploading file: D:\ai_doc_automation\Test Data\Income Certificate for Testing\IncomeCertificate_29_page_0.png
2026-08-22 15:09:09,365  [INFO    ]  doc_uploader - File input found via JS querySelector.
2026-08-22 15:09:19,846  [INFO    ]  doc_uploader - Upload preview ready (submit button visible).
2026-08-22 15:09:29,908  [INFO    ]  doc_uploader - File uploaded successfully.
2026-08-22 15:09:29,910  [INFO    ]  doc_uploader - Pre-submit verification...
2026-08-22 15:09:50,173  [INFO    ]  doc_uploader - Clicking 'Submit to engine'...
2026-08-22 15:10:01,666  [INFO    ]  doc_uploader - Submitted to engine. Waiting for result...
2026-08-22 15:10:01,666  [INFO    ]  doc_uploader - Waiting for engine result (timeout=90s)...
2026-08-22 15:10:01,748  [INFO    ]  doc_uploader - Result appeared after 0s.
2026-08-22 15:10:02,846  [INFO    ]  doc_uploader - Screenshot saved: D:\ai_doc_automation\output\screenshots\20260822_151002_result_IncomeCertificate_29_page_0.png.png
2026-08-22 15:10:02,846  [INFO    ]  result_parser - Reading verdict from Overview tab...
2026-08-22 15:10:39,528  [INFO    ]  result_parser - Verdict: SUCCESS (from verdict card)
2026-08-22 15:10:39,529  [INFO    ]  result_parser - Clicking Extraction tab...
2026-08-22 15:10:41,405  [INFO    ]  result_parser - On Extraction tab.
2026-08-22 15:10:41,412  [INFO    ]  result_parser - JS parse: 7 fields
2026-08-22 15:10:41,517  [INFO    ]  doc_uploader - Screenshot saved: D:\ai_doc_automation\output\screenshots\20260822_151041_extracted_IncomeCertificate_29_page_0.png.png
2026-08-22 15:10:41,517  [INFO    ]  excel_writer - Created sheet: 'Income Certificate'  headers: ['Filename', 'Document Type', 'Expected Status', 'Actual Status', 'Final Output', 'Error Message', 'Address', 'Annual Income', 'Applicant Name', 'Certificate Number', 'Father Name', 'Issue Date', 'Issuing Authority']
2026-08-22 15:10:41,526  [ERROR   ]  main - Top-level exception processing document: [Errno 13] Permission denied: 'D:\\ai_doc_automation\\output\\ai_doc_results_20260822_130959.xlsx'
2026-08-22 15:10:41,526  [INFO    ]  doc_uploader - Resetting form for next submission...
2026-08-22 15:10:43,413  [INFO    ]  doc_uploader - New submission clicked — form reset.
2026-08-22 15:10:43,437  [INFO    ]  doc_uploader - Upload form is ready for next document.
2026-08-22 15:10:43,438  [INFO    ]  main - 
[62/150] D:\ai_doc_automation\Test Data\Income Certificate for Testing\IncomeCertificate_2_page_0.png
2026-08-22 15:10:43,438  [INFO    ]  main - ============================================================
2026-08-22 15:10:43,438  [INFO    ]  main - Processing [62/150]: IncomeCertificate_2_page_0.png  |  Income Certificate  |  Attempt 1
2026-08-22 15:10:43,438  [INFO    ]  main - ============================================================
2026-08-22 15:10:43,830  [INFO    ]  doc_uploader - Selecting document type: 'Income Certificate'
2026-08-22 15:10:43,875  [INFO    ]  doc_uploader - Selected by visible text: 'Income Certificate'
2026-08-22 15:10:43,876  [INFO    ]  doc_uploader - Ensuring 'Plain extraction' is selected...
2026-08-22 15:10:49,342  [INFO    ]  doc_uploader - Clicked Plain extraction text element.
2026-08-22 15:10:49,379  [INFO    ]  doc_uploader - Uploading file: D:\ai_doc_automation\Test Data\Income Certificate for Testing\IncomeCertificate_2_page_0.png
2026-08-22 15:10:49,383  [INFO    ]  doc_uploader - File input found via JS querySelector.
2026-08-22 15:11:00,163  [INFO    ]  doc_uploader - Upload preview ready (submit button visible).
2026-08-22 15:11:10,201  [INFO    ]  doc_uploader - File uploaded successfully.
2026-08-22 15:11:10,201  [INFO    ]  doc_uploader - Pre-submit verification...
2026-08-22 15:11:30,446  [INFO    ]  doc_uploader - Clicking 'Submit to engine'...
2026-08-22 15:11:41,846  [INFO    ]  doc_uploader - Submitted to engine. Waiting for result...
2026-08-22 15:11:41,846  [INFO    ]  doc_uploader - Waiting for engine result (timeout=90s)...
2026-08-22 15:11:41,988  [INFO    ]  doc_uploader - Result appeared after 0s.
2026-08-22 15:11:43,098  [INFO    ]  doc_uploader - Screenshot saved: D:\ai_doc_automation\output\screenshots\20260822_151142_result_IncomeCertificate_2_page_0.png.png
2026-08-22 15:11:43,098  [INFO    ]  result_parser - Reading verdict from Overview tab...
2026-08-22 15:12:19,744  [INFO    ]  result_parser - Verdict: SUCCESS (from verdict card)
2026-08-22 15:12:19,744  [INFO    ]  result_parser - Clicking Extraction tab...
2026-08-22 15:12:21,619  [INFO    ]  result_parser - On Extraction tab.
2026-08-22 15:12:21,625  [INFO    ]  result_parser - JS parse: 7 fields
2026-08-22 15:12:21,731  [INFO    ]  doc_uploader - Screenshot saved: D:\ai_doc_automation\output\screenshots\20260822_151221_extracted_IncomeCertificate_2_page_0.png.png
2026-08-22 15:12:21,734  [ERROR   ]  main - Top-level exception processing document: [Errno 13] Permission denied: 'D:\\ai_doc_automation\\output\\ai_doc_results_20260822_130959.xlsx'
2026-08-22 15:12:21,734  [INFO    ]  doc_uploader - Resetting form for next submission...
2026-08-22 15:12:23,612  [INFO    ]  doc_uploader - New submission clicked — form reset.
2026-08-22 15:12:23,641  [INFO    ]  doc_uploader - Upload form is ready for next document.
2026-08-22 15:12:23,642  [INFO    ]  main - 
[63/150] D:\ai_doc_automation\Test Data\Income Certificate for Testing\IncomeCertificate_30_page_0.png
2026-08-22 15:12:23,642  [INFO    ]  main - ============================================================
2026-08-22 15:12:23,642  [INFO    ]  main - Processing [63/150]: IncomeCertificate_30_page_0.png  |  Income Certificate  |  Attempt 1
2026-08-22 15:12:23,643  [INFO    ]  main - ============================================================
2026-08-22 15:12:23,947  [INFO    ]  doc_uploader - Selecting document type: 'Income Certificate'
2026-08-22 15:12:23,986  [INFO    ]  doc_uploader - Selected by visible text: 'Income Certificate'
2026-08-22 15:12:23,987  [INFO    ]  doc_uploader - Ensuring 'Plain extraction' is selected...
2026-08-22 15:12:29,394  [INFO    ]  doc_uploader - Clicked Plain extraction text element.
2026-08-22 15:12:29,396  [INFO    ]  doc_uploader - Uploading file: D:\ai_doc_automation\Test Data\Income Certificate for Testing\IncomeCertificate_30_page_0.png
2026-08-22 15:12:29,403  [INFO    ]  doc_uploader - File input found via JS querySelector.
2026-08-22 15:12:39,865  [INFO    ]  doc_uploader - Upload preview ready (submit button visible).
2026-08-22 15:12:49,954  [INFO    ]  doc_uploader - File uploaded successfully.
2026-08-22 15:12:49,954  [INFO    ]  doc_uploader - Pre-submit verification...
2026-08-22 15:13:10,222  [INFO    ]  doc_uploader - Clicking 'Submit to engine'...
2026-08-22 15:13:21,703  [INFO    ]  doc_uploader - Submitted to engine. Waiting for result...
2026-08-22 15:13:21,703  [INFO    ]  doc_uploader - Waiting for engine result (timeout=90s)...
2026-08-22 15:13:23,538  [INFO    ]  doc_uploader - Result appeared after 0s.
2026-08-22 15:13:24,657  [INFO    ]  doc_uploader - Screenshot saved: D:\ai_doc_automation\output\screenshots\20260822_151324_result_IncomeCertificate_30_page_0.png.png
2026-08-22 15:13:24,657  [INFO    ]  result_parser - Reading verdict from Overview tab...
2026-08-22 15:14:01,335  [INFO    ]  result_parser - Verdict: SUCCESS (from verdict card)
2026-08-22 15:14:01,336  [INFO    ]  result_parser - Clicking Extraction tab...
2026-08-22 15:14:03,196  [INFO    ]  result_parser - On Extraction tab.
2026-08-22 15:14:03,202  [INFO    ]  result_parser - JS parse: 7 fields
2026-08-22 15:14:03,307  [INFO    ]  doc_uploader - Screenshot saved: D:\ai_doc_automation\output\screenshots\20260822_151403_extracted_IncomeCertificate_30_page_0.png.png
2026-08-22 15:14:03,309  [ERROR   ]  main - Top-level exception processing document: [Errno 13] Permission denied: 'D:\\ai_doc_automation\\output\\ai_doc_results_20260822_130959.xlsx'
2026-08-22 15:14:03,309  [INFO    ]  doc_uploader - Resetting form for next submission...
2026-08-22 15:14:05,175  [INFO    ]  doc_uploader - New submission clicked — form reset.
2026-08-22 15:14:05,203  [INFO    ]  doc_uploader - Upload form is ready for next document.
2026-08-22 15:14:05,204  [INFO    ]  main - 
[64/150] D:\ai_doc_automation\Test Data\Income Certificate for Testing\IncomeCertificate_31_page_0.png
2026-08-22 15:14:05,204  [INFO    ]  main - ============================================================
2026-08-22 15:14:05,204  [INFO    ]  main - Processing [64/150]: IncomeCertificate_31_page_0.png  |  Income Certificate  |  Attempt 1
2026-08-22 15:14:05,204  [INFO    ]  main - ============================================================
2026-08-22 15:14:05,501  [INFO    ]  doc_uploader - Selecting document type: 'Income Certificate'
2026-08-22 15:14:05,545  [INFO    ]  doc_uploader - Selected by visible text: 'Income Certificate'
2026-08-22 15:14:05,546  [INFO    ]  doc_uploader - Ensuring 'Plain extraction' is selected...
2026-08-22 15:14:10,950  [INFO    ]  doc_uploader - Clicked Plain extraction text element.
2026-08-22 15:14:10,951  [INFO    ]  doc_uploader - Uploading file: D:\ai_doc_automation\Test Data\Income Certificate for Testing\IncomeCertificate_31_page_0.png
2026-08-22 15:14:10,959  [INFO    ]  doc_uploader - File input found via JS querySelector.
2026-08-22 15:14:21,407  [INFO    ]  doc_uploader - Upload preview ready (submit button visible).
2026-08-22 15:14:31,496  [INFO    ]  doc_uploader - File uploaded successfully.
2026-08-22 15:14:31,496  [INFO    ]  doc_uploader - Pre-submit verification...
2026-08-22 15:14:51,750  [INFO    ]  doc_uploader - Clicking 'Submit to engine'...
2026-08-22 15:15:03,224  [INFO    ]  doc_uploader - Submitted to engine. Waiting for result...
2026-08-22 15:15:03,225  [INFO    ]  doc_uploader - Waiting for engine result (timeout=90s)...
2026-08-22 15:15:03,247  [INFO    ]  doc_uploader - Result appeared after 0s.
2026-08-22 15:15:04,343  [INFO    ]  doc_uploader - Screenshot saved: D:\ai_doc_automation\output\screenshots\20260822_151504_result_IncomeCertificate_31_page_0.png.png
2026-08-22 15:15:04,343  [INFO    ]  result_parser - Reading verdict from Overview tab...
2026-08-22 15:15:40,992  [INFO    ]  result_parser - Verdict: SUCCESS (from verdict card)
2026-08-22 15:15:40,993  [INFO    ]  result_parser - Clicking Extraction tab...
2026-08-22 15:15:42,859  [INFO    ]  result_parser - On Extraction tab.
2026-08-22 15:15:42,865  [INFO    ]  result_parser - JS parse: 7 fields
2026-08-22 15:15:42,986  [INFO    ]  doc_uploader - Screenshot saved: D:\ai_doc_automation\output\screenshots\20260822_151542_extracted_IncomeCertificate_31_page_0.png.png
2026-08-22 15:15:42,989  [ERROR   ]  main - Top-level exception processing document: [Errno 13] Permission denied: 'D:\\ai_doc_automation\\output\\ai_doc_results_20260822_130959.xlsx'
2026-08-22 15:15:42,989  [INFO    ]  doc_uploader - Resetting form for next submission...
2026-08-22 15:15:44,857  [INFO    ]  doc_uploader - New submission clicked — form reset.
2026-08-22 15:15:44,881  [INFO    ]  doc_uploader - Upload form is ready for next document.
2026-08-22 15:15:44,882  [INFO    ]  main - 
[65/150] D:\ai_doc_automation\Test Data\Income Certificate for Testing\IncomeCertificate_32_page_0.png
2026-08-22 15:15:44,883  [INFO    ]  main - ============================================================
2026-08-22 15:15:44,883  [INFO    ]  main - Processing [65/150]: IncomeCertificate_32_page_0.png  |  Income Certificate  |  Attempt 1
2026-08-22 15:15:44,883  [INFO    ]  main - ============================================================
2026-08-22 15:15:45,224  [INFO    ]  doc_uploader - Selecting document type: 'Income Certificate'
2026-08-22 15:15:45,270  [INFO    ]  doc_uploader - Selected by visible text: 'Income Certificate'
2026-08-22 15:15:45,270  [INFO    ]  doc_uploader - Ensuring 'Plain extraction' is selected...
2026-08-22 15:15:50,689  [INFO    ]  doc_uploader - Clicked Plain extraction text element.
2026-08-22 15:15:50,691  [INFO    ]  doc_uploader - Uploading file: D:\ai_doc_automation\Test Data\Income Certificate for Testing\IncomeCertificate_32_page_0.png
2026-08-22 15:15:50,697  [INFO    ]  doc_uploader - File input found via JS querySelector.
2026-08-22 15:16:01,132  [INFO    ]  doc_uploader - Upload preview ready (submit button visible).
2026-08-22 15:16:11,202  [INFO    ]  doc_uploader - File uploaded successfully.
2026-08-22 15:16:11,202  [INFO    ]  doc_uploader - Pre-submit verification...
2026-08-22 15:16:31,431  [INFO    ]  doc_uploader - Clicking 'Submit to engine'...
2026-08-22 15:16:42,961  [INFO    ]  doc_uploader - Submitted to engine. Waiting for result...
2026-08-22 15:16:42,961  [INFO    ]  doc_uploader - Waiting for engine result (timeout=90s)...
2026-08-22 15:16:45,478  [INFO    ]  doc_uploader - Result appeared after 0s.
2026-08-22 15:16:46,629  [INFO    ]  doc_uploader - Screenshot saved: D:\ai_doc_automation\output\screenshots\20260822_151646_result_IncomeCertificate_32_page_0.png.png
2026-08-22 15:16:46,630  [INFO    ]  result_parser - Reading verdict from Overview tab...
2026-08-22 15:17:23,270  [INFO    ]  result_parser - Verdict: SUCCESS (from verdict card)
2026-08-22 15:17:23,271  [INFO    ]  result_parser - Clicking Extraction tab...
2026-08-22 15:17:25,137  [INFO    ]  result_parser - On Extraction tab.
2026-08-22 15:17:25,143  [INFO    ]  result_parser - JS parse: 7 fields
2026-08-22 15:17:25,259  [INFO    ]  doc_uploader - Screenshot saved: D:\ai_doc_automation\output\screenshots\20260822_151725_extracted_IncomeCertificate_32_page_0.png.png
2026-08-22 15:17:25,262  [ERROR   ]  main - Top-level exception processing document: [Errno 13] Permission denied: 'D:\\ai_doc_automation\\output\\ai_doc_results_20260822_130959.xlsx'
2026-08-22 15:17:25,262  [INFO    ]  doc_uploader - Resetting form for next submission...
2026-08-22 15:17:27,132  [INFO    ]  doc_uploader - New submission clicked — form reset.
2026-08-22 15:17:27,161  [INFO    ]  doc_uploader - Upload form is ready for next document.
2026-08-22 15:17:27,162  [INFO    ]  main - 
[66/150] D:\ai_doc_automation\Test Data\Income Certificate for Testing\IncomeCertificate_33_page_0.png
2026-08-22 15:17:27,162  [INFO    ]  main - ============================================================
2026-08-22 15:17:27,162  [INFO    ]  main - Processing [66/150]: IncomeCertificate_33_page_0.png  |  Income Certificate  |  Attempt 1
2026-08-22 15:17:27,162  [INFO    ]  main - ============================================================
2026-08-22 15:17:27,544  [INFO    ]  doc_uploader - Selecting document type: 'Income Certificate'
2026-08-22 15:17:27,595  [INFO    ]  doc_uploader - Selected by visible text: 'Income Certificate'
2026-08-22 15:17:27,595  [INFO    ]  doc_uploader - Ensuring 'Plain extraction' is selected...
2026-08-22 15:17:33,032  [INFO    ]  doc_uploader - Clicked Plain extraction text element.
2026-08-22 15:17:33,035  [INFO    ]  doc_uploader - Uploading file: D:\ai_doc_automation\Test Data\Income Certificate for Testing\IncomeCertificate_33_page_0.png
2026-08-22 15:17:33,045  [INFO    ]  doc_uploader - File input found via JS querySelector.
2026-08-22 15:17:43,496  [INFO    ]  doc_uploader - Upload preview ready (submit button visible).
2026-08-22 15:17:53,592  [INFO    ]  doc_uploader - File uploaded successfully.
2026-08-22 15:17:53,592  [INFO    ]  doc_uploader - Pre-submit verification...
2026-08-22 15:18:13,867  [INFO    ]  doc_uploader - Clicking 'Submit to engine'...
2026-08-22 15:18:25,354  [INFO    ]  doc_uploader - Submitted to engine. Waiting for result...
2026-08-22 15:18:25,355  [INFO    ]  doc_uploader - Waiting for engine result (timeout=90s)...
2026-08-22 15:18:25,752  [INFO    ]  doc_uploader - Result appeared after 0s.
2026-08-22 15:18:26,854  [INFO    ]  doc_uploader - Screenshot saved: D:\ai_doc_automation\output\screenshots\20260822_151826_result_IncomeCertificate_33_page_0.png.png
2026-08-22 15:18:26,854  [INFO    ]  result_parser - Reading verdict from Overview tab...
2026-08-22 15:19:03,560  [INFO    ]  result_parser - Verdict: SUCCESS (from verdict card)
2026-08-22 15:19:03,561  [INFO    ]  result_parser - Clicking Extraction tab...
2026-08-22 15:19:05,426  [INFO    ]  result_parser - On Extraction tab.
2026-08-22 15:19:05,431  [INFO    ]  result_parser - JS parse: 7 fields
2026-08-22 15:19:05,535  [INFO    ]  doc_uploader - Screenshot saved: D:\ai_doc_automation\output\screenshots\20260822_151905_extracted_IncomeCertificate_33_page_0.png.png
2026-08-22 15:19:05,539  [ERROR   ]  main - Top-level exception processing document: [Errno 13] Permission denied: 'D:\\ai_doc_automation\\output\\ai_doc_results_20260822_130959.xlsx'
2026-08-22 15:19:05,539  [INFO    ]  doc_uploader - Resetting form for next submission...
2026-08-22 15:19:07,412  [INFO    ]  doc_uploader - New submission clicked — form reset.
2026-08-22 15:19:07,437  [INFO    ]  doc_uploader - Upload form is ready for next document.
2026-08-22 15:19:07,438  [INFO    ]  main - 
[67/150] D:\ai_doc_automation\Test Data\Income Certificate for Testing\IncomeCertificate_34_page_0.png
2026-08-22 15:19:07,439  [INFO    ]  main - ============================================================
2026-08-22 15:19:07,439  [INFO    ]  main - Processing [67/150]: IncomeCertificate_34_page_0.png  |  Income Certificate  |  Attempt 1
2026-08-22 15:19:07,439  [INFO    ]  main - ============================================================
2026-08-22 15:19:07,752  [INFO    ]  doc_uploader - Selecting document type: 'Income Certificate'
2026-08-22 15:19:07,800  [INFO    ]  doc_uploader - Selected by visible text: 'Income Certificate'
2026-08-22 15:19:07,800  [INFO    ]  doc_uploader - Ensuring 'Plain extraction' is selected...
2026-08-22 15:19:13,248  [INFO    ]  doc_uploader - Clicked Plain extraction text element.
2026-08-22 15:19:13,249  [INFO    ]  doc_uploader - Uploading file: D:\ai_doc_automation\Test Data\Income Certificate for Testing\IncomeCertificate_34_page_0.png
2026-08-22 15:19:13,258  [INFO    ]  doc_uploader - File input found via JS querySelector.
2026-08-22 15:19:23,684  [INFO    ]  doc_uploader - Upload preview ready (submit button visible).
2026-08-22 15:19:33,778  [INFO    ]  doc_uploader - File uploaded successfully.
2026-08-22 15:19:33,778  [INFO    ]  doc_uploader - Pre-submit verification...
2026-08-22 15:19:54,095  [INFO    ]  doc_uploader - Clicking 'Submit to engine'...
2026-08-22 15:20:05,582  [INFO    ]  doc_uploader - Submitted to engine. Waiting for result...
2026-08-22 15:20:05,583  [INFO    ]  doc_uploader - Waiting for engine result (timeout=90s)...
2026-08-22 15:20:05,965  [INFO    ]  doc_uploader - Result appeared after 0s.
2026-08-22 15:20:07,078  [INFO    ]  doc_uploader - Screenshot saved: D:\ai_doc_automation\output\screenshots\20260822_152006_result_IncomeCertificate_34_page_0.png.png
2026-08-22 15:20:07,079  [INFO    ]  result_parser - Reading verdict from Overview tab...
2026-08-22 15:20:43,735  [INFO    ]  result_parser - Verdict: SUCCESS (from verdict card)
2026-08-22 15:20:43,735  [INFO    ]  result_parser - Clicking Extraction tab...
2026-08-22 15:20:45,606  [INFO    ]  result_parser - On Extraction tab.
2026-08-22 15:20:45,606  [INFO    ]  result_parser - JS parse: 7 fields
2026-08-22 15:20:45,707  [INFO    ]  doc_uploader - Screenshot saved: D:\ai_doc_automation\output\screenshots\20260822_152045_extracted_IncomeCertificate_34_page_0.png.png
2026-08-22 15:20:45,707  [ERROR   ]  main - Top-level exception processing document: [Errno 13] Permission denied: 'D:\\ai_doc_automation\\output\\ai_doc_results_20260822_130959.xlsx'
2026-08-22 15:20:45,707  [INFO    ]  doc_uploader - Resetting form for next submission...
2026-08-22 15:20:47,597  [INFO    ]  doc_uploader - New submission clicked — form reset.
2026-08-22 15:20:47,612  [INFO    ]  doc_uploader - Upload form is ready for next document.
2026-08-22 15:20:47,612  [INFO    ]  main - 
[68/150] D:\ai_doc_automation\Test Data\Income Certificate for Testing\IncomeCertificate_35_page_0.png
2026-08-22 15:20:47,612  [INFO    ]  main - ============================================================
2026-08-22 15:20:47,612  [INFO    ]  main - Processing [68/150]: IncomeCertificate_35_page_0.png  |  Income Certificate  |  Attempt 1
2026-08-22 15:20:47,612  [INFO    ]  main - ============================================================
2026-08-22 15:20:47,904  [INFO    ]  doc_uploader - Selecting document type: 'Income Certificate'
2026-08-22 15:20:47,943  [INFO    ]  doc_uploader - Selected by visible text: 'Income Certificate'
2026-08-22 15:20:47,943  [INFO    ]  doc_uploader - Ensuring 'Plain extraction' is selected...
2026-08-22 15:20:53,349  [INFO    ]  doc_uploader - Clicked Plain extraction text element.
2026-08-22 15:20:53,349  [INFO    ]  doc_uploader - Uploading file: D:\ai_doc_automation\Test Data\Income Certificate for Testing\IncomeCertificate_35_page_0.png
2026-08-22 15:20:53,357  [INFO    ]  doc_uploader - File input found via JS querySelector.
2026-08-22 15:21:03,831  [INFO    ]  doc_uploader - Upload preview ready (submit button visible).
2026-08-22 15:21:13,913  [INFO    ]  doc_uploader - File uploaded successfully.
2026-08-22 15:21:13,913  [INFO    ]  doc_uploader - Pre-submit verification...
2026-08-22 15:21:34,094  [INFO    ]  doc_uploader - Clicking 'Submit to engine'...
2026-08-22 15:21:45,599  [INFO    ]  doc_uploader - Submitted to engine. Waiting for result...
2026-08-22 15:21:45,599  [INFO    ]  doc_uploader - Waiting for engine result (timeout=90s)...
2026-08-22 15:21:49,932  [INFO    ]  doc_uploader - Result appeared after 0s.
2026-08-22 15:21:51,048  [INFO    ]  doc_uploader - Screenshot saved: D:\ai_doc_automation\output\screenshots\20260822_152150_result_IncomeCertificate_35_page_0.png.png
2026-08-22 15:21:51,048  [INFO    ]  result_parser - Reading verdict from Overview tab...
2026-08-22 15:22:27,743  [INFO    ]  result_parser - Verdict: SUCCESS (from verdict card)
2026-08-22 15:22:27,743  [INFO    ]  result_parser - Clicking Extraction tab...
2026-08-22 15:22:29,621  [INFO    ]  result_parser - On Extraction tab.
2026-08-22 15:22:29,623  [INFO    ]  result_parser - JS parse: 7 fields
2026-08-22 15:22:29,738  [INFO    ]  doc_uploader - Screenshot saved: D:\ai_doc_automation\output\screenshots\20260822_152229_extracted_IncomeCertificate_35_page_0.png.png
2026-08-22 15:22:29,741  [ERROR   ]  main - Top-level exception processing document: [Errno 13] Permission denied: 'D:\\ai_doc_automation\\output\\ai_doc_results_20260822_130959.xlsx'
2026-08-22 15:22:29,741  [INFO    ]  doc_uploader - Resetting form for next submission...
2026-08-22 15:22:31,622  [INFO    ]  doc_uploader - New submission clicked — form reset.
2026-08-22 15:22:31,647  [INFO    ]  doc_uploader - Upload form is ready for next document.
2026-08-22 15:22:31,647  [INFO    ]  main - 
[69/150] D:\ai_doc_automation\Test Data\Income Certificate for Testing\IncomeCertificate_36_page_0.png
2026-08-22 15:22:31,648  [INFO    ]  main - ============================================================
2026-08-22 15:22:31,648  [INFO    ]  main - Processing [69/150]: IncomeCertificate_36_page_0.png  |  Income Certificate  |  Attempt 1
2026-08-22 15:22:31,648  [INFO    ]  main - ============================================================
2026-08-22 15:22:31,920  [INFO    ]  doc_uploader - Selecting document type: 'Income Certificate'
2026-08-22 15:22:31,962  [INFO    ]  doc_uploader - Selected by visible text: 'Income Certificate'
2026-08-22 15:22:31,962  [INFO    ]  doc_uploader - Ensuring 'Plain extraction' is selected...
2026-08-22 15:22:37,397  [INFO    ]  doc_uploader - Clicked Plain extraction text element.
2026-08-22 15:22:37,397  [INFO    ]  doc_uploader - Uploading file: D:\ai_doc_automation\Test Data\Income Certificate for Testing\IncomeCertificate_36_page_0.png
2026-08-22 15:22:37,413  [INFO    ]  doc_uploader - File input found via JS querySelector.
2026-08-22 15:22:47,796  [INFO    ]  doc_uploader - Upload preview ready (submit button visible).
2026-08-22 15:22:57,894  [INFO    ]  doc_uploader - File uploaded successfully.
2026-08-22 15:22:57,894  [INFO    ]  doc_uploader - Pre-submit verification...
2026-08-22 15:23:18,200  [INFO    ]  doc_uploader - Clicking 'Submit to engine'...
2026-08-22 15:23:29,684  [INFO    ]  doc_uploader - Submitted to engine. Waiting for result...
2026-08-22 15:23:29,684  [INFO    ]  doc_uploader - Waiting for engine result (timeout=90s)...
2026-08-22 15:23:31,233  [INFO    ]  doc_uploader - Result appeared after 0s.
2026-08-22 15:23:32,333  [INFO    ]  doc_uploader - Screenshot saved: D:\ai_doc_automation\output\screenshots\20260822_152332_result_IncomeCertificate_36_page_0.png.png
2026-08-22 15:23:32,333  [INFO    ]  result_parser - Reading verdict from Overview tab...
2026-08-22 15:24:09,012  [INFO    ]  result_parser - Verdict: SUCCESS (from verdict card)
2026-08-22 15:24:09,012  [INFO    ]  result_parser - Clicking Extraction tab...
2026-08-22 15:24:10,887  [INFO    ]  result_parser - On Extraction tab.
2026-08-22 15:24:10,890  [INFO    ]  result_parser - JS parse: 7 fields
2026-08-22 15:24:10,995  [INFO    ]  doc_uploader - Screenshot saved: D:\ai_doc_automation\output\screenshots\20260822_152410_extracted_IncomeCertificate_36_page_0.png.png
2026-08-22 15:24:10,995  [ERROR   ]  main - Top-level exception processing document: [Errno 13] Permission denied: 'D:\\ai_doc_automation\\output\\ai_doc_results_20260822_130959.xlsx'
2026-08-22 15:24:10,995  [INFO    ]  doc_uploader - Resetting form for next submission...
2026-08-22 15:24:12,868  [INFO    ]  doc_uploader - New submission clicked — form reset.
2026-08-22 15:24:12,894  [INFO    ]  doc_uploader - Upload form is ready for next document.
2026-08-22 15:24:12,894  [INFO    ]  main - 
[70/150] D:\ai_doc_automation\Test Data\Income Certificate for Testing\IncomeCertificate_37_page_0.png
2026-08-22 15:24:12,895  [INFO    ]  main - ============================================================
2026-08-22 15:24:12,895  [INFO    ]  main - Processing [70/150]: IncomeCertificate_37_page_0.png  |  Income Certificate  |  Attempt 1
2026-08-22 15:24:12,897  [INFO    ]  main - ============================================================
2026-08-22 15:24:13,221  [INFO    ]  doc_uploader - Selecting document type: 'Income Certificate'
2026-08-22 15:24:13,265  [INFO    ]  doc_uploader - Selected by visible text: 'Income Certificate'
2026-08-22 15:24:13,265  [INFO    ]  doc_uploader - Ensuring 'Plain extraction' is selected...
2026-08-22 15:24:18,698  [INFO    ]  doc_uploader - Clicked Plain extraction text element.
2026-08-22 15:24:18,698  [INFO    ]  doc_uploader - Uploading file: D:\ai_doc_automation\Test Data\Income Certificate for Testing\IncomeCertificate_37_page_0.png
2026-08-22 15:24:18,698  [INFO    ]  doc_uploader - File input found via JS querySelector.
2026-08-22 15:24:29,173  [INFO    ]  doc_uploader - Upload preview ready (submit button visible).
2026-08-22 15:24:39,254  [INFO    ]  doc_uploader - File uploaded successfully.
2026-08-22 15:24:39,254  [INFO    ]  doc_uploader - Pre-submit verification...
2026-08-22 15:24:59,439  [INFO    ]  doc_uploader - Clicking 'Submit to engine'...
2026-08-22 15:25:10,953  [INFO    ]  doc_uploader - Submitted to engine. Waiting for result...
2026-08-22 15:25:10,953  [INFO    ]  doc_uploader - Waiting for engine result (timeout=90s)...
2026-08-22 15:25:14,094  [INFO    ]  doc_uploader - Result appeared after 0s.
2026-08-22 15:25:15,207  [INFO    ]  doc_uploader - Screenshot saved: D:\ai_doc_automation\output\screenshots\20260822_152515_result_IncomeCertificate_37_page_0.png.png
2026-08-22 15:25:15,207  [INFO    ]  result_parser - Reading verdict from Overview tab...
2026-08-22 15:25:51,876  [INFO    ]  result_parser - Verdict: SUCCESS (from verdict card)
2026-08-22 15:25:51,876  [INFO    ]  result_parser - Clicking Extraction tab...
2026-08-22 15:25:53,756  [INFO    ]  result_parser - On Extraction tab.
2026-08-22 15:25:53,756  [INFO    ]  result_parser - JS parse: 7 fields
2026-08-22 15:25:53,873  [INFO    ]  doc_uploader - Screenshot saved: D:\ai_doc_automation\output\screenshots\20260822_152553_extracted_IncomeCertificate_37_page_0.png.png
2026-08-22 15:25:53,873  [ERROR   ]  main - Top-level exception processing document: [Errno 13] Permission denied: 'D:\\ai_doc_automation\\output\\ai_doc_results_20260822_130959.xlsx'
2026-08-22 15:25:53,873  [INFO    ]  doc_uploader - Resetting form for next submission...
2026-08-22 15:25:55,741  [INFO    ]  doc_uploader - New submission clicked — form reset.
2026-08-22 15:25:55,766  [INFO    ]  doc_uploader - Upload form is ready for next document.
2026-08-22 15:25:55,766  [INFO    ]  main - 
[71/150] D:\ai_doc_automation\Test Data\Income Certificate for Testing\IncomeCertificate_38_page_0.png
2026-08-22 15:25:55,767  [INFO    ]  main - ============================================================
2026-08-22 15:25:55,767  [INFO    ]  main - Processing [71/150]: IncomeCertificate_38_page_0.png  |  Income Certificate  |  Attempt 1
2026-08-22 15:25:55,767  [INFO    ]  main - ============================================================
2026-08-22 15:25:56,043  [INFO    ]  doc_uploader - Selecting document type: 'Income Certificate'
2026-08-22 15:25:56,094  [INFO    ]  doc_uploader - Selected by visible text: 'Income Certificate'
2026-08-22 15:25:56,095  [INFO    ]  doc_uploader - Ensuring 'Plain extraction' is selected...
2026-08-22 15:26:01,526  [INFO    ]  doc_uploader - Clicked Plain extraction text element.
2026-08-22 15:26:01,526  [INFO    ]  doc_uploader - Uploading file: D:\ai_doc_automation\Test Data\Income Certificate for Testing\IncomeCertificate_38_page_0.png
2026-08-22 15:26:01,531  [INFO    ]  doc_uploader - File input found via JS querySelector.
2026-08-22 15:26:12,010  [INFO    ]  doc_uploader - Upload preview ready (submit button visible).
2026-08-22 15:26:22,078  [INFO    ]  doc_uploader - File uploaded successfully.
2026-08-22 15:26:22,078  [INFO    ]  doc_uploader - Pre-submit verification...
2026-08-22 15:26:42,389  [INFO    ]  doc_uploader - Clicking 'Submit to engine'...
2026-08-22 15:26:53,823  [INFO    ]  doc_uploader - Submitted to engine. Waiting for result...
2026-08-22 15:26:53,823  [INFO    ]  doc_uploader - Waiting for engine result (timeout=90s)...
2026-08-22 15:26:58,615  [INFO    ]  doc_uploader - Result appeared after 0s.
2026-08-22 15:26:59,705  [INFO    ]  doc_uploader - Screenshot saved: D:\ai_doc_automation\output\screenshots\20260822_152659_result_IncomeCertificate_38_page_0.png.png
2026-08-22 15:26:59,705  [INFO    ]  result_parser - Reading verdict from Overview tab...
2026-08-22 15:27:36,342  [INFO    ]  result_parser - Verdict: SUCCESS (from verdict card)
2026-08-22 15:27:36,342  [INFO    ]  result_parser - Clicking Extraction tab...
2026-08-22 15:27:38,223  [INFO    ]  result_parser - On Extraction tab.
2026-08-22 15:27:38,224  [INFO    ]  result_parser - JS parse: 7 fields
2026-08-22 15:27:38,337  [INFO    ]  doc_uploader - Screenshot saved: D:\ai_doc_automation\output\screenshots\20260822_152738_extracted_IncomeCertificate_38_page_0.png.png
2026-08-22 15:27:38,339  [ERROR   ]  main - Top-level exception processing document: [Errno 13] Permission denied: 'D:\\ai_doc_automation\\output\\ai_doc_results_20260822_130959.xlsx'
2026-08-22 15:27:38,339  [INFO    ]  doc_uploader - Resetting form for next submission...
2026-08-22 15:27:40,216  [INFO    ]  doc_uploader - New submission clicked — form reset.
2026-08-22 15:27:40,237  [INFO    ]  doc_uploader - Upload form is ready for next document.
2026-08-22 15:27:40,237  [INFO    ]  main - 
[72/150] D:\ai_doc_automation\Test Data\Income Certificate for Testing\IncomeCertificate_39_page_0.png
2026-08-22 15:27:40,237  [INFO    ]  main - ============================================================
2026-08-22 15:27:40,237  [INFO    ]  main - Processing [72/150]: IncomeCertificate_39_page_0.png  |  Income Certificate  |  Attempt 1
2026-08-22 15:27:40,237  [INFO    ]  main - ============================================================
2026-08-22 15:27:40,544  [INFO    ]  doc_uploader - Selecting document type: 'Income Certificate'
2026-08-22 15:27:40,585  [INFO    ]  doc_uploader - Selected by visible text: 'Income Certificate'
2026-08-22 15:27:40,585  [INFO    ]  doc_uploader - Ensuring 'Plain extraction' is selected...
2026-08-22 15:27:46,017  [INFO    ]  doc_uploader - Clicked Plain extraction text element.
2026-08-22 15:27:46,017  [INFO    ]  doc_uploader - Uploading file: D:\ai_doc_automation\Test Data\Income Certificate for Testing\IncomeCertificate_39_page_0.png
2026-08-22 15:27:46,017  [INFO    ]  doc_uploader - File input found via JS querySelector.
2026-08-22 15:27:56,476  [INFO    ]  doc_uploader - Upload preview ready (submit button visible).
2026-08-22 15:28:06,499  [INFO    ]  doc_uploader - File uploaded successfully.
2026-08-22 15:28:06,499  [INFO    ]  doc_uploader - Pre-submit verification...
2026-08-22 15:28:26,776  [INFO    ]  doc_uploader - Clicking 'Submit to engine'...
2026-08-22 15:28:38,229  [INFO    ]  doc_uploader - Submitted to engine. Waiting for result...
2026-08-22 15:28:38,229  [INFO    ]  doc_uploader - Waiting for engine result (timeout=90s)...
2026-08-22 15:28:39,172  [INFO    ]  doc_uploader - Result appeared after 0s.
2026-08-22 15:28:40,320  [INFO    ]  doc_uploader - Screenshot saved: D:\ai_doc_automation\output\screenshots\20260822_152840_result_IncomeCertificate_39_page_0.png.png
2026-08-22 15:28:40,320  [INFO    ]  result_parser - Reading verdict from Overview tab...
2026-08-22 15:29:16,906  [INFO    ]  result_parser - Verdict: SUCCESS (from verdict card)
2026-08-22 15:29:16,906  [INFO    ]  result_parser - Clicking Extraction tab...
2026-08-22 15:29:18,798  [INFO    ]  result_parser - On Extraction tab.
2026-08-22 15:29:18,798  [INFO    ]  result_parser - JS parse: 7 fields
2026-08-22 15:29:18,902  [INFO    ]  doc_uploader - Screenshot saved: D:\ai_doc_automation\output\screenshots\20260822_152918_extracted_IncomeCertificate_39_page_0.png.png
2026-08-22 15:29:18,902  [ERROR   ]  main - Top-level exception processing document: [Errno 13] Permission denied: 'D:\\ai_doc_automation\\output\\ai_doc_results_20260822_130959.xlsx'
2026-08-22 15:29:18,902  [INFO    ]  doc_uploader - Resetting form for next submission...
2026-08-22 15:29:20,781  [INFO    ]  doc_uploader - New submission clicked — form reset.
2026-08-22 15:29:20,808  [INFO    ]  doc_uploader - Upload form is ready for next document.
2026-08-22 15:29:20,808  [INFO    ]  main - 
[73/150] D:\ai_doc_automation\Test Data\Income Certificate for Testing\IncomeCertificate_3_page_0.png
2026-08-22 15:29:20,808  [INFO    ]  main - ============================================================
2026-08-22 15:29:20,808  [INFO    ]  main - Processing [73/150]: IncomeCertificate_3_page_0.png  |  Income Certificate  |  Attempt 1
2026-08-22 15:29:20,808  [INFO    ]  main - ============================================================
2026-08-22 15:29:21,114  [INFO    ]  doc_uploader - Selecting document type: 'Income Certificate'
2026-08-22 15:29:21,174  [INFO    ]  doc_uploader - Selected by visible text: 'Income Certificate'
2026-08-22 15:29:21,174  [INFO    ]  doc_uploader - Ensuring 'Plain extraction' is selected...
2026-08-22 15:29:26,592  [INFO    ]  doc_uploader - Clicked Plain extraction text element.
2026-08-22 15:29:26,592  [INFO    ]  doc_uploader - Uploading file: D:\ai_doc_automation\Test Data\Income Certificate for Testing\IncomeCertificate_3_page_0.png
2026-08-22 15:29:26,606  [INFO    ]  doc_uploader - File input found via JS querySelector.
2026-08-22 15:29:37,017  [INFO    ]  doc_uploader - Upload preview ready (submit button visible).
2026-08-22 15:29:47,073  [INFO    ]  doc_uploader - File uploaded successfully.
2026-08-22 15:29:47,073  [INFO    ]  doc_uploader - Pre-submit verification...
2026-08-22 15:30:07,340  [INFO    ]  doc_uploader - Clicking 'Submit to engine'...
2026-08-22 15:30:18,777  [INFO    ]  doc_uploader - Submitted to engine. Waiting for result...
2026-08-22 15:30:18,777  [INFO    ]  doc_uploader - Waiting for engine result (timeout=90s)...
2026-08-22 15:30:20,655  [INFO    ]  doc_uploader - Result appeared after 0s.
2026-08-22 15:30:21,779  [INFO    ]  doc_uploader - Screenshot saved: D:\ai_doc_automation\output\screenshots\20260822_153021_result_IncomeCertificate_3_page_0.png.png
2026-08-22 15:30:21,780  [INFO    ]  result_parser - Reading verdict from Overview tab...
2026-08-22 15:30:58,350  [INFO    ]  result_parser - Verdict: SUCCESS (from verdict card)
2026-08-22 15:30:58,350  [INFO    ]  result_parser - Clicking Extraction tab...
2026-08-22 15:31:00,223  [INFO    ]  result_parser - On Extraction tab.
2026-08-22 15:31:00,223  [INFO    ]  result_parser - JS parse: 7 fields
2026-08-22 15:31:00,354  [INFO    ]  doc_uploader - Screenshot saved: D:\ai_doc_automation\output\screenshots\20260822_153100_extracted_IncomeCertificate_3_page_0.png.png
2026-08-22 15:31:00,370  [ERROR   ]  main - Top-level exception processing document: [Errno 13] Permission denied: 'D:\\ai_doc_automation\\output\\ai_doc_results_20260822_130959.xlsx'
2026-08-22 15:31:00,370  [INFO    ]  doc_uploader - Resetting form for next submission...
2026-08-22 15:31:02,244  [INFO    ]  doc_uploader - New submission clicked — form reset.
2026-08-22 15:31:02,270  [INFO    ]  doc_uploader - Upload form is ready for next document.
2026-08-22 15:31:02,271  [INFO    ]  main - 
[74/150] D:\ai_doc_automation\Test Data\Income Certificate for Testing\IncomeCertificate_40_page_0.png
2026-08-22 15:31:02,271  [INFO    ]  main - ============================================================
2026-08-22 15:31:02,271  [INFO    ]  main - Processing [74/150]: IncomeCertificate_40_page_0.png  |  Income Certificate  |  Attempt 1
2026-08-22 15:31:02,271  [INFO    ]  main - ============================================================
2026-08-22 15:31:02,553  [INFO    ]  doc_uploader - Selecting document type: 'Income Certificate'
2026-08-22 15:31:02,610  [INFO    ]  doc_uploader - Selected by visible text: 'Income Certificate'
2026-08-22 15:31:02,610  [INFO    ]  doc_uploader - Ensuring 'Plain extraction' is selected...
2026-08-22 15:31:08,023  [INFO    ]  doc_uploader - Clicked Plain extraction text element.
2026-08-22 15:31:08,053  [INFO    ]  doc_uploader - Uploading file: D:\ai_doc_automation\Test Data\Income Certificate for Testing\IncomeCertificate_40_page_0.png
2026-08-22 15:31:08,054  [INFO    ]  doc_uploader - File input found via JS querySelector.
2026-08-22 15:31:18,533  [INFO    ]  doc_uploader - Upload preview ready (submit button visible).
2026-08-22 15:31:28,583  [INFO    ]  doc_uploader - File uploaded successfully.
2026-08-22 15:31:28,583  [INFO    ]  doc_uploader - Pre-submit verification...
2026-08-22 15:31:48,873  [INFO    ]  doc_uploader - Clicking 'Submit to engine'...
2026-08-22 15:32:00,345  [INFO    ]  doc_uploader - Submitted to engine. Waiting for result...
2026-08-22 15:32:00,345  [INFO    ]  doc_uploader - Waiting for engine result (timeout=90s)...
2026-08-22 15:32:01,287  [INFO    ]  doc_uploader - Result appeared after 0s.
2026-08-22 15:32:02,378  [INFO    ]  doc_uploader - Screenshot saved: D:\ai_doc_automation\output\screenshots\20260822_153202_result_IncomeCertificate_40_page_0.png.png
2026-08-22 15:32:02,378  [INFO    ]  result_parser - Reading verdict from Overview tab...
2026-08-22 15:32:39,015  [INFO    ]  result_parser - Verdict: SUCCESS (from verdict card)
2026-08-22 15:32:39,015  [INFO    ]  result_parser - Clicking Extraction tab...
2026-08-22 15:32:40,896  [INFO    ]  result_parser - On Extraction tab.
2026-08-22 15:32:40,899  [INFO    ]  result_parser - JS parse: 7 fields
2026-08-22 15:32:41,007  [INFO    ]  doc_uploader - Screenshot saved: D:\ai_doc_automation\output\screenshots\20260822_153240_extracted_IncomeCertificate_40_page_0.png.png
2026-08-22 15:32:41,392  [INFO    ]  main - [OK] IncomeCertificate_40_page_0.png: SUCCESS (59.7s)
2026-08-22 15:32:41,392  [INFO    ]  doc_uploader - Resetting form for next submission...
2026-08-22 15:32:43,305  [INFO    ]  doc_uploader - New submission clicked — form reset.
2026-08-22 15:32:43,324  [INFO    ]  doc_uploader - Upload form is ready for next document.
2026-08-22 15:32:43,324  [INFO    ]  main - 
[75/150] D:\ai_doc_automation\Test Data\Income Certificate for Testing\IncomeCertificate_41_page_0.png
2026-08-22 15:32:43,324  [INFO    ]  main - ============================================================
2026-08-22 15:32:43,324  [INFO    ]  main - Processing [75/150]: IncomeCertificate_41_page_0.png  |  Income Certificate  |  Attempt 1
2026-08-22 15:32:43,324  [INFO    ]  main - ============================================================
2026-08-22 15:32:43,600  [INFO    ]  doc_uploader - Selecting document type: 'Income Certificate'
2026-08-22 15:32:43,640  [INFO    ]  doc_uploader - Selected by visible text: 'Income Certificate'
2026-08-22 15:32:43,643  [INFO    ]  doc_uploader - Ensuring 'Plain extraction' is selected...
2026-08-22 15:32:49,063  [INFO    ]  doc_uploader - Clicked Plain extraction text element.
2026-08-22 15:32:49,063  [INFO    ]  doc_uploader - Uploading file: D:\ai_doc_automation\Test Data\Income Certificate for Testing\IncomeCertificate_41_page_0.png
2026-08-22 15:32:49,074  [INFO    ]  doc_uploader - File input found via JS querySelector.
2026-08-22 15:32:59,479  [INFO    ]  doc_uploader - Upload preview ready (submit button visible).
2026-08-22 15:33:09,500  [INFO    ]  doc_uploader - File uploaded successfully.
2026-08-22 15:33:09,500  [INFO    ]  doc_uploader - Pre-submit verification...
2026-08-22 15:33:29,735  [INFO    ]  doc_uploader - Clicking 'Submit to engine'...
2026-08-22 15:33:41,235  [INFO    ]  doc_uploader - Submitted to engine. Waiting for result...
2026-08-22 15:33:41,236  [INFO    ]  doc_uploader - Waiting for engine result (timeout=90s)...
2026-08-22 15:33:42,085  [INFO    ]  doc_uploader - Result appeared after 0s.
2026-08-22 15:33:43,209  [INFO    ]  doc_uploader - Screenshot saved: D:\ai_doc_automation\output\screenshots\20260822_153343_result_IncomeCertificate_41_page_0.png.png
2026-08-22 15:33:43,210  [INFO    ]  result_parser - Reading verdict from Overview tab...
2026-08-22 15:34:19,810  [INFO    ]  result_parser - Verdict: SUCCESS (from verdict card)
2026-08-22 15:34:19,810  [INFO    ]  result_parser - Clicking Extraction tab...
2026-08-22 15:34:21,695  [INFO    ]  result_parser - On Extraction tab.
2026-08-22 15:34:21,700  [INFO    ]  result_parser - JS parse: 7 fields
2026-08-22 15:34:21,811  [INFO    ]  doc_uploader - Screenshot saved: D:\ai_doc_automation\output\screenshots\20260822_153421_extracted_IncomeCertificate_41_page_0.png.png
2026-08-22 15:34:22,237  [INFO    ]  main - [OK] IncomeCertificate_41_page_0.png: SUCCESS (59.5s)
2026-08-22 15:34:22,237  [INFO    ]  doc_uploader - Resetting form for next submission...
2026-08-22 15:34:24,118  [INFO    ]  doc_uploader - New submission clicked — form reset.
2026-08-22 15:34:24,147  [INFO    ]  doc_uploader - Upload form is ready for next document.
2026-08-22 15:34:24,148  [INFO    ]  main - 
[76/150] D:\ai_doc_automation\Test Data\Income Certificate for Testing\IncomeCertificate_42_page_0.png
2026-08-22 15:34:24,148  [INFO    ]  main - ============================================================
2026-08-22 15:34:24,148  [INFO    ]  main - Processing [76/150]: IncomeCertificate_42_page_0.png  |  Income Certificate  |  Attempt 1
2026-08-22 15:34:24,150  [INFO    ]  main - ============================================================
2026-08-22 15:34:24,577  [INFO    ]  doc_uploader - Selecting document type: 'Income Certificate'
2026-08-22 15:34:24,638  [INFO    ]  doc_uploader - Selected by visible text: 'Income Certificate'
2026-08-22 15:34:24,638  [INFO    ]  doc_uploader - Ensuring 'Plain extraction' is selected...
2026-08-22 15:34:30,087  [INFO    ]  doc_uploader - Clicked Plain extraction text element.
2026-08-22 15:34:30,088  [INFO    ]  doc_uploader - Uploading file: D:\ai_doc_automation\Test Data\Income Certificate for Testing\IncomeCertificate_42_page_0.png
2026-08-22 15:34:30,097  [INFO    ]  doc_uploader - File input found via JS querySelector.
2026-08-22 15:34:40,517  [INFO    ]  doc_uploader - Upload preview ready (submit button visible).
2026-08-22 15:34:50,545  [INFO    ]  doc_uploader - File uploaded successfully.
2026-08-22 15:34:50,545  [INFO    ]  doc_uploader - Pre-submit verification...
2026-08-22 15:35:10,857  [INFO    ]  doc_uploader - Clicking 'Submit to engine'...
2026-08-22 15:35:22,290  [INFO    ]  doc_uploader - Submitted to engine. Waiting for result...
2026-08-22 15:35:22,290  [INFO    ]  doc_uploader - Waiting for engine result (timeout=90s)...
2026-08-22 15:35:24,003  [INFO    ]  doc_uploader - Result appeared after 0s.
2026-08-22 15:35:25,132  [INFO    ]  doc_uploader - Screenshot saved: D:\ai_doc_automation\output\screenshots\20260822_153525_result_IncomeCertificate_42_page_0.png.png
2026-08-22 15:35:25,132  [INFO    ]  result_parser - Reading verdict from Overview tab...
2026-08-22 15:35:45,330  [INFO    ]  result_parser - Pipeline failure reason captured: VERIFAI — Document Intelligence — Dashboard — Verify Document — Plain Extraction — Golden Record — Document Linking — Transactions — API Playground — Settings — About — Collapse menu — AI DOCUMENT VERIFICATION ENGINE — Plain extraction — Backend online — AE — TRANSACTION COMPLETE — Pipeline failure result — TXN-20260822-2694761778 — Copy ID — New submission — PIPELINE FAILURE — Processing could not be completed — Decryption failed: fernet_key not present in Kafka payload — Overview — Raw JSON — OVERALL VERDICT — FAILED — SUCCESS — DOCUMENT TYPE — Unknown documentProcessing time not returned — QR CODE RESULTS — No QR code detected. QR presence is optional and does not indicate document validity.
2026-08-22 15:35:45,331  [INFO    ]  result_parser - Verdict: FAILED (Pipeline Failure banner detected: VERIFAI — Document Intelligence — Dashboard — Verify Document — Plain Extraction — Golden Record — Document Linking — Transactions — API Playground — Settings — About — Collapse menu — AI DOCUMENT VERIFICATION ENGINE — Plain extraction — Backend online — AE — TRANSACTION COMPLETE — Pipeline failure result — TXN-20260822-2694761778 — Copy ID — New submission — PIPELINE FAILURE — Processing could not be completed — Decryption failed: fernet_key not present in Kafka payload — Overview — Raw JSON — )
2026-08-22 15:35:45,331  [INFO    ]  result_parser - Skipping extraction (status=FAILED).
2026-08-22 15:35:45,727  [INFO    ]  main - [FAIL] IncomeCertificate_42_page_0.png: FAILED (60.4s)
2026-08-22 15:35:45,727  [INFO    ]  doc_uploader - Resetting form for next submission...
2026-08-22 15:35:47,617  [INFO    ]  doc_uploader - New submission clicked — form reset.
2026-08-22 15:35:47,642  [INFO    ]  doc_uploader - Upload form is ready for next document.
2026-08-22 15:35:47,642  [INFO    ]  main - 
[77/150] D:\ai_doc_automation\Test Data\Income Certificate for Testing\IncomeCertificate_43_page_0.png
2026-08-22 15:35:47,643  [INFO    ]  main - ============================================================
2026-08-22 15:35:47,643  [INFO    ]  main - Processing [77/150]: IncomeCertificate_43_page_0.png  |  Income Certificate  |  Attempt 1
2026-08-22 15:35:47,643  [INFO    ]  main - ============================================================
2026-08-22 15:35:47,940  [INFO    ]  doc_uploader - Selecting document type: 'Income Certificate'
2026-08-22 15:35:47,989  [INFO    ]  doc_uploader - Selected by visible text: 'Income Certificate'
2026-08-22 15:35:47,989  [INFO    ]  doc_uploader - Ensuring 'Plain extraction' is selected...
2026-08-22 15:35:53,399  [INFO    ]  doc_uploader - Clicked Plain extraction text element.
2026-08-22 15:35:53,400  [INFO    ]  doc_uploader - Uploading file: D:\ai_doc_automation\Test Data\Income Certificate for Testing\IncomeCertificate_43_page_0.png
2026-08-22 15:35:53,405  [INFO    ]  doc_uploader - File input found via JS querySelector.
2026-08-22 15:36:03,850  [INFO    ]  doc_uploader - Upload preview ready (submit button visible).
2026-08-22 15:36:13,933  [INFO    ]  doc_uploader - File uploaded successfully.
2026-08-22 15:36:13,933  [INFO    ]  doc_uploader - Pre-submit verification...
2026-08-22 15:36:34,197  [INFO    ]  doc_uploader - Clicking 'Submit to engine'...
2026-08-22 15:36:45,661  [INFO    ]  doc_uploader - Submitted to engine. Waiting for result...
2026-08-22 15:36:45,662  [INFO    ]  doc_uploader - Waiting for engine result (timeout=90s)...
2026-08-22 15:36:45,677  [INFO    ]  doc_uploader - Result appeared after 0s.
2026-08-22 15:36:46,798  [INFO    ]  doc_uploader - Screenshot saved: D:\ai_doc_automation\output\screenshots\20260822_153646_result_IncomeCertificate_43_page_0.png.png
2026-08-22 15:36:46,798  [INFO    ]  result_parser - Reading verdict from Overview tab...
2026-08-22 15:37:23,484  [INFO    ]  result_parser - Verdict: SUCCESS (from verdict card)
2026-08-22 15:37:23,485  [INFO    ]  result_parser - Clicking Extraction tab...
2026-08-22 15:37:25,364  [INFO    ]  result_parser - On Extraction tab.
2026-08-22 15:37:25,373  [INFO    ]  result_parser - JS parse: 7 fields
2026-08-22 15:37:25,477  [INFO    ]  doc_uploader - Screenshot saved: D:\ai_doc_automation\output\screenshots\20260822_153725_extracted_IncomeCertificate_43_page_0.png.png
2026-08-22 15:37:25,846  [INFO    ]  main - [OK] IncomeCertificate_43_page_0.png: SUCCESS (58.7s)
2026-08-22 15:37:25,846  [INFO    ]  doc_uploader - Resetting form for next submission...
2026-08-22 15:37:27,745  [INFO    ]  doc_uploader - New submission clicked — form reset.
2026-08-22 15:37:27,770  [INFO    ]  doc_uploader - Upload form is ready for next document.
2026-08-22 15:37:27,772  [INFO    ]  main - 
[78/150] D:\ai_doc_automation\Test Data\Income Certificate for Testing\IncomeCertificate_44_page_0.png
2026-08-22 15:37:27,772  [INFO    ]  main - ============================================================
2026-08-22 15:37:27,772  [INFO    ]  main - Processing [78/150]: IncomeCertificate_44_page_0.png  |  Income Certificate  |  Attempt 1
2026-08-22 15:37:27,773  [INFO    ]  main - ============================================================
2026-08-22 15:37:28,090  [INFO    ]  doc_uploader - Selecting document type: 'Income Certificate'
2026-08-22 15:37:28,143  [INFO    ]  doc_uploader - Selected by visible text: 'Income Certificate'
2026-08-22 15:37:28,143  [INFO    ]  doc_uploader - Ensuring 'Plain extraction' is selected...
2026-08-22 15:37:33,599  [INFO    ]  doc_uploader - Clicked Plain extraction text element.
2026-08-22 15:37:33,602  [INFO    ]  doc_uploader - Uploading file: D:\ai_doc_automation\Test Data\Income Certificate for Testing\IncomeCertificate_44_page_0.png
2026-08-22 15:37:33,610  [INFO    ]  doc_uploader - File input found via JS querySelector.
2026-08-22 15:37:44,150  [INFO    ]  doc_uploader - Upload preview ready (submit button visible).
2026-08-22 15:37:54,189  [INFO    ]  doc_uploader - File uploaded successfully.
2026-08-22 15:37:54,189  [INFO    ]  doc_uploader - Pre-submit verification...
2026-08-22 15:38:14,433  [INFO    ]  doc_uploader - Clicking 'Submit to engine'...
2026-08-22 15:38:25,878  [INFO    ]  doc_uploader - Submitted to engine. Waiting for result...
2026-08-22 15:38:25,879  [INFO    ]  doc_uploader - Waiting for engine result (timeout=90s)...
2026-08-22 15:38:26,811  [INFO    ]  doc_uploader - Result appeared after 0s.
2026-08-22 15:38:27,920  [INFO    ]  doc_uploader - Screenshot saved: D:\ai_doc_automation\output\screenshots\20260822_153827_result_IncomeCertificate_44_page_0.png.png
2026-08-22 15:38:27,920  [INFO    ]  result_parser - Reading verdict from Overview tab...
2026-08-22 15:39:04,552  [INFO    ]  result_parser - Verdict: SUCCESS (from verdict card)
2026-08-22 15:39:04,552  [INFO    ]  result_parser - Clicking Extraction tab...
2026-08-22 15:39:06,433  [INFO    ]  result_parser - On Extraction tab.
2026-08-22 15:39:06,439  [INFO    ]  result_parser - JS parse: 7 fields
2026-08-22 15:39:06,548  [INFO    ]  doc_uploader - Screenshot saved: D:\ai_doc_automation\output\screenshots\20260822_153906_extracted_IncomeCertificate_44_page_0.png.png
2026-08-22 15:39:06,911  [INFO    ]  main - [OK] IncomeCertificate_44_page_0.png: SUCCESS (59.7s)
2026-08-22 15:39:06,912  [INFO    ]  doc_uploader - Resetting form for next submission...
2026-08-22 15:39:08,785  [INFO    ]  doc_uploader - New submission clicked — form reset.
2026-08-22 15:39:08,811  [INFO    ]  doc_uploader - Upload form is ready for next document.
2026-08-22 15:39:08,811  [INFO    ]  main - 
[79/150] D:\ai_doc_automation\Test Data\Income Certificate for Testing\IncomeCertificate_45_page_0.png
2026-08-22 15:39:08,811  [INFO    ]  main - ============================================================
2026-08-22 15:39:08,812  [INFO    ]  main - Processing [79/150]: IncomeCertificate_45_page_0.png  |  Income Certificate  |  Attempt 1
2026-08-22 15:39:08,812  [INFO    ]  main - ============================================================
2026-08-22 15:39:09,134  [INFO    ]  doc_uploader - Selecting document type: 'Income Certificate'
2026-08-22 15:39:09,188  [INFO    ]  doc_uploader - Selected by visible text: 'Income Certificate'
2026-08-22 15:39:09,188  [INFO    ]  doc_uploader - Ensuring 'Plain extraction' is selected...
2026-08-22 15:39:14,627  [INFO    ]  doc_uploader - Clicked Plain extraction text element.
2026-08-22 15:39:14,628  [INFO    ]  doc_uploader - Uploading file: D:\ai_doc_automation\Test Data\Income Certificate for Testing\IncomeCertificate_45_page_0.png
2026-08-22 15:39:14,637  [INFO    ]  doc_uploader - File input found via JS querySelector.
2026-08-22 15:39:25,030  [INFO    ]  doc_uploader - Upload preview ready (submit button visible).
2026-08-22 15:39:35,072  [INFO    ]  doc_uploader - File uploaded successfully.
2026-08-22 15:39:35,073  [INFO    ]  doc_uploader - Pre-submit verification...
2026-08-22 15:39:55,271  [INFO    ]  doc_uploader - Clicking 'Submit to engine'...
2026-08-22 15:40:06,723  [INFO    ]  doc_uploader - Submitted to engine. Waiting for result...
2026-08-22 15:40:06,724  [INFO    ]  doc_uploader - Waiting for engine result (timeout=90s)...
2026-08-22 15:40:08,409  [INFO    ]  doc_uploader - Result appeared after 0s.
2026-08-22 15:40:09,517  [INFO    ]  doc_uploader - Screenshot saved: D:\ai_doc_automation\output\screenshots\20260822_154009_result_IncomeCertificate_45_page_0.png.png
2026-08-22 15:40:09,517  [INFO    ]  result_parser - Reading verdict from Overview tab...
2026-08-22 15:40:46,089  [INFO    ]  result_parser - Verdict: SUCCESS (from verdict card)
2026-08-22 15:40:46,089  [INFO    ]  result_parser - Clicking Extraction tab...
2026-08-22 15:40:48,183  [INFO    ]  result_parser - On Extraction tab.
2026-08-22 15:40:48,191  [INFO    ]  result_parser - JS parse: 7 fields
2026-08-22 15:40:48,327  [INFO    ]  doc_uploader - Screenshot saved: D:\ai_doc_automation\output\screenshots\20260822_154048_extracted_IncomeCertificate_45_page_0.png.png
2026-08-22 15:40:48,698  [INFO    ]  main - [OK] IncomeCertificate_45_page_0.png: SUCCESS (60.3s)
2026-08-22 15:40:48,698  [INFO    ]  doc_uploader - Resetting form for next submission...
2026-08-22 15:40:50,582  [INFO    ]  doc_uploader - New submission clicked — form reset.
2026-08-22 15:40:50,607  [INFO    ]  doc_uploader - Upload form is ready for next document.
2026-08-22 15:40:50,608  [INFO    ]  main - 
[80/150] D:\ai_doc_automation\Test Data\Income Certificate for Testing\IncomeCertificate_46_page_0.png
2026-08-22 15:40:50,608  [INFO    ]  main - ============================================================
2026-08-22 15:40:50,610  [INFO    ]  main - Processing [80/150]: IncomeCertificate_46_page_0.png  |  Income Certificate  |  Attempt 1
2026-08-22 15:40:50,610  [INFO    ]  main - ============================================================
2026-08-22 15:40:50,909  [INFO    ]  doc_uploader - Selecting document type: 'Income Certificate'
2026-08-22 15:40:50,961  [INFO    ]  doc_uploader - Selected by visible text: 'Income Certificate'
2026-08-22 15:40:50,962  [INFO    ]  doc_uploader - Ensuring 'Plain extraction' is selected...
2026-08-22 15:40:56,428  [INFO    ]  doc_uploader - Clicked Plain extraction text element.
2026-08-22 15:40:56,429  [INFO    ]  doc_uploader - Uploading file: D:\ai_doc_automation\Test Data\Income Certificate for Testing\IncomeCertificate_46_page_0.png
2026-08-22 15:40:56,436  [INFO    ]  doc_uploader - File input found via JS querySelector.
2026-08-22 15:41:06,830  [INFO    ]  doc_uploader - Upload preview ready (submit button visible).
2026-08-22 15:41:16,864  [INFO    ]  doc_uploader - File uploaded successfully.
2026-08-22 15:41:16,865  [INFO    ]  doc_uploader - Pre-submit verification...
2026-08-22 15:41:37,112  [INFO    ]  doc_uploader - Clicking 'Submit to engine'...
2026-08-22 15:41:48,585  [INFO    ]  doc_uploader - Submitted to engine. Waiting for result...
2026-08-22 15:41:48,585  [INFO    ]  doc_uploader - Waiting for engine result (timeout=90s)...
2026-08-22 15:41:49,552  [INFO    ]  doc_uploader - Result appeared after 0s.
2026-08-22 15:41:50,686  [INFO    ]  doc_uploader - Screenshot saved: D:\ai_doc_automation\output\screenshots\20260822_154150_result_IncomeCertificate_46_page_0.png.png
2026-08-22 15:41:50,687  [INFO    ]  result_parser - Reading verdict from Overview tab...
2026-08-22 15:42:27,299  [INFO    ]  result_parser - Verdict: SUCCESS (from verdict card)
2026-08-22 15:42:27,300  [INFO    ]  result_parser - Clicking Extraction tab...
2026-08-22 15:42:29,179  [INFO    ]  result_parser - On Extraction tab.
2026-08-22 15:42:29,186  [INFO    ]  result_parser - JS parse: 7 fields
2026-08-22 15:42:29,346  [INFO    ]  doc_uploader - Screenshot saved: D:\ai_doc_automation\output\screenshots\20260822_154229_extracted_IncomeCertificate_46_page_0.png.png
2026-08-22 15:42:29,772  [INFO    ]  main - [OK] IncomeCertificate_46_page_0.png: SUCCESS (59.6s)
2026-08-22 15:42:29,772  [INFO    ]  doc_uploader - Resetting form for next submission...
2026-08-22 15:42:31,666  [INFO    ]  doc_uploader - New submission clicked — form reset.
2026-08-22 15:42:31,692  [INFO    ]  doc_uploader - Upload form is ready for next document.
2026-08-22 15:42:31,692  [INFO    ]  main - 
[81/150] D:\ai_doc_automation\Test Data\Income Certificate for Testing\IncomeCertificate_47_page_0.png
2026-08-22 15:42:31,693  [INFO    ]  main - ============================================================
2026-08-22 15:42:31,693  [INFO    ]  main - Processing [81/150]: IncomeCertificate_47_page_0.png  |  Income Certificate  |  Attempt 1
2026-08-22 15:42:31,693  [INFO    ]  main - ============================================================
2026-08-22 15:42:32,161  [INFO    ]  doc_uploader - Selecting document type: 'Income Certificate'
2026-08-22 15:42:32,225  [INFO    ]  doc_uploader - Selected by visible text: 'Income Certificate'
2026-08-22 15:42:32,226  [INFO    ]  doc_uploader - Ensuring 'Plain extraction' is selected...
2026-08-22 15:42:37,639  [INFO    ]  doc_uploader - Clicked Plain extraction text element.
2026-08-22 15:42:37,641  [INFO    ]  doc_uploader - Uploading file: D:\ai_doc_automation\Test Data\Income Certificate for Testing\IncomeCertificate_47_page_0.png
2026-08-22 15:42:37,649  [INFO    ]  doc_uploader - File input found via JS querySelector.
2026-08-22 15:42:48,082  [INFO    ]  doc_uploader - Upload preview ready (submit button visible).
2026-08-22 15:42:58,135  [INFO    ]  doc_uploader - File uploaded successfully.
2026-08-22 15:42:58,135  [INFO    ]  doc_uploader - Pre-submit verification...
2026-08-22 15:43:18,361  [INFO    ]  doc_uploader - Clicking 'Submit to engine'...
2026-08-22 15:43:29,858  [INFO    ]  doc_uploader - Submitted to engine. Waiting for result...
2026-08-22 15:43:29,858  [INFO    ]  doc_uploader - Waiting for engine result (timeout=90s)...
2026-08-22 15:43:32,144  [INFO    ]  doc_uploader - Result appeared after 0s.
2026-08-22 15:43:33,258  [INFO    ]  doc_uploader - Screenshot saved: D:\ai_doc_automation\output\screenshots\20260822_154333_result_IncomeCertificate_47_page_0.png.png
2026-08-22 15:43:33,258  [INFO    ]  result_parser - Reading verdict from Overview tab...
2026-08-22 15:44:09,825  [INFO    ]  result_parser - Verdict: SUCCESS (from verdict card)
2026-08-22 15:44:09,825  [INFO    ]  result_parser - Clicking Extraction tab...
2026-08-22 15:44:11,707  [INFO    ]  result_parser - On Extraction tab.
2026-08-22 15:44:11,714  [INFO    ]  result_parser - JS parse: 7 fields
2026-08-22 15:44:11,830  [INFO    ]  doc_uploader - Screenshot saved: D:\ai_doc_automation\output\screenshots\20260822_154411_extracted_IncomeCertificate_47_page_0.png.png
2026-08-22 15:44:12,250  [INFO    ]  main - [OK] IncomeCertificate_47_page_0.png: SUCCESS (61.0s)
2026-08-22 15:44:12,250  [INFO    ]  doc_uploader - Resetting form for next submission...
2026-08-22 15:44:14,126  [INFO    ]  doc_uploader - New submission clicked — form reset.
2026-08-22 15:44:14,154  [INFO    ]  doc_uploader - Upload form is ready for next document.
2026-08-22 15:44:14,155  [INFO    ]  main - 
[82/150] D:\ai_doc_automation\Test Data\Income Certificate for Testing\IncomeCertificate_48_page_0.png
2026-08-22 15:44:14,156  [INFO    ]  main - ============================================================
2026-08-22 15:44:14,156  [INFO    ]  main - Processing [82/150]: IncomeCertificate_48_page_0.png  |  Income Certificate  |  Attempt 1
2026-08-22 15:44:14,156  [INFO    ]  main - ============================================================
2026-08-22 15:44:14,500  [INFO    ]  doc_uploader - Selecting document type: 'Income Certificate'
2026-08-22 15:44:14,549  [INFO    ]  doc_uploader - Selected by visible text: 'Income Certificate'
2026-08-22 15:44:14,549  [INFO    ]  doc_uploader - Ensuring 'Plain extraction' is selected...
2026-08-22 15:44:19,983  [INFO    ]  doc_uploader - Clicked Plain extraction text element.
2026-08-22 15:44:20,009  [INFO    ]  doc_uploader - Uploading file: D:\ai_doc_automation\Test Data\Income Certificate for Testing\IncomeCertificate_48_page_0.png
2026-08-22 15:44:20,017  [INFO    ]  doc_uploader - File input found via JS querySelector.
2026-08-22 15:44:30,427  [INFO    ]  doc_uploader - Upload preview ready (submit button visible).
2026-08-22 15:44:40,487  [INFO    ]  doc_uploader - File uploaded successfully.
2026-08-22 15:44:40,488  [INFO    ]  doc_uploader - Pre-submit verification...
2026-08-22 15:45:00,692  [INFO    ]  doc_uploader - Clicking 'Submit to engine'...
2026-08-22 15:45:12,127  [INFO    ]  doc_uploader - Submitted to engine. Waiting for result...
2026-08-22 15:45:12,127  [INFO    ]  doc_uploader - Waiting for engine result (timeout=90s)...
2026-08-22 15:45:13,030  [INFO    ]  doc_uploader - Result appeared after 0s.
2026-08-22 15:45:14,172  [INFO    ]  doc_uploader - Screenshot saved: D:\ai_doc_automation\output\screenshots\20260822_154514_result_IncomeCertificate_48_page_0.png.png
2026-08-22 15:45:14,172  [INFO    ]  result_parser - Reading verdict from Overview tab...
2026-08-22 15:45:50,900  [INFO    ]  result_parser - Verdict: SUCCESS (from verdict card)
2026-08-22 15:45:50,900  [INFO    ]  result_parser - Clicking Extraction tab...
2026-08-22 15:45:52,778  [INFO    ]  result_parser - On Extraction tab.
2026-08-22 15:45:52,785  [INFO    ]  result_parser - JS parse: 7 fields
2026-08-22 15:45:52,913  [INFO    ]  doc_uploader - Screenshot saved: D:\ai_doc_automation\output\screenshots\20260822_154552_extracted_IncomeCertificate_48_page_0.png.png
2026-08-22 15:45:53,355  [INFO    ]  main - [OK] IncomeCertificate_48_page_0.png: SUCCESS (59.5s)
2026-08-22 15:45:53,355  [INFO    ]  doc_uploader - Resetting form for next submission...
2026-08-22 15:45:55,240  [INFO    ]  doc_uploader - New submission clicked — form reset.
2026-08-22 15:45:55,275  [INFO    ]  doc_uploader - Upload form is ready for next document.
2026-08-22 15:45:55,275  [INFO    ]  main - 
[83/150] D:\ai_doc_automation\Test Data\Income Certificate for Testing\IncomeCertificate_49_page_0.png
2026-08-22 15:45:55,276  [INFO    ]  main - ============================================================
2026-08-22 15:45:55,277  [INFO    ]  main - Processing [83/150]: IncomeCertificate_49_page_0.png  |  Income Certificate  |  Attempt 1
2026-08-22 15:45:55,279  [INFO    ]  main - ============================================================
2026-08-22 15:45:55,635  [INFO    ]  doc_uploader - Selecting document type: 'Income Certificate'
2026-08-22 15:45:55,686  [INFO    ]  doc_uploader - Selected by visible text: 'Income Certificate'
2026-08-22 15:45:55,686  [INFO    ]  doc_uploader - Ensuring 'Plain extraction' is selected...
2026-08-22 15:46:01,155  [INFO    ]  doc_uploader - Clicked Plain extraction text element.
2026-08-22 15:46:01,156  [INFO    ]  doc_uploader - Uploading file: D:\ai_doc_automation\Test Data\Income Certificate for Testing\IncomeCertificate_49_page_0.png
2026-08-22 15:46:01,167  [INFO    ]  doc_uploader - File input found via JS querySelector.
2026-08-22 15:46:11,639  [INFO    ]  doc_uploader - Upload preview ready (submit button visible).
2026-08-22 15:46:21,673  [INFO    ]  doc_uploader - File uploaded successfully.
2026-08-22 15:46:21,674  [INFO    ]  doc_uploader - Pre-submit verification...
2026-08-22 15:46:41,856  [INFO    ]  doc_uploader - Clicking 'Submit to engine'...
2026-08-22 15:46:53,273  [INFO    ]  doc_uploader - Submitted to engine. Waiting for result...
2026-08-22 15:46:53,274  [INFO    ]  doc_uploader - Waiting for engine result (timeout=90s)...
2026-08-22 15:46:54,048  [INFO    ]  doc_uploader - Result appeared after 0s.
2026-08-22 15:46:55,188  [INFO    ]  doc_uploader - Screenshot saved: D:\ai_doc_automation\output\screenshots\20260822_154655_result_IncomeCertificate_49_page_0.png.png
2026-08-22 15:46:55,188  [INFO    ]  result_parser - Reading verdict from Overview tab...
2026-08-22 15:47:31,808  [INFO    ]  result_parser - Verdict: SUCCESS (from verdict card)
2026-08-22 15:47:31,809  [INFO    ]  result_parser - Clicking Extraction tab...
2026-08-22 15:47:33,686  [INFO    ]  result_parser - On Extraction tab.
2026-08-22 15:47:33,693  [INFO    ]  result_parser - JS parse: 7 fields
2026-08-22 15:47:33,821  [INFO    ]  doc_uploader - Screenshot saved: D:\ai_doc_automation\output\screenshots\20260822_154733_extracted_IncomeCertificate_49_page_0.png.png
2026-08-22 15:47:34,395  [INFO    ]  main - [OK] IncomeCertificate_49_page_0.png: SUCCESS (59.4s)
2026-08-22 15:47:34,395  [INFO    ]  doc_uploader - Resetting form for next submission...
2026-08-22 15:47:36,273  [INFO    ]  doc_uploader - New submission clicked — form reset.
2026-08-22 15:47:36,303  [INFO    ]  doc_uploader - Upload form is ready for next document.
2026-08-22 15:47:36,304  [INFO    ]  main - 
[84/150] D:\ai_doc_automation\Test Data\Income Certificate for Testing\IncomeCertificate_4_page_0.png
2026-08-22 15:47:36,304  [INFO    ]  main - ============================================================
2026-08-22 15:47:36,304  [INFO    ]  main - Processing [84/150]: IncomeCertificate_4_page_0.png  |  Income Certificate  |  Attempt 1
2026-08-22 15:47:36,305  [INFO    ]  main - ============================================================
2026-08-22 15:47:36,727  [INFO    ]  doc_uploader - Selecting document type: 'Income Certificate'
2026-08-22 15:47:36,785  [INFO    ]  doc_uploader - Selected by visible text: 'Income Certificate'
2026-08-22 15:47:36,787  [INFO    ]  doc_uploader - Ensuring 'Plain extraction' is selected...
2026-08-22 15:47:42,261  [INFO    ]  doc_uploader - Clicked Plain extraction text element.
2026-08-22 15:47:42,293  [INFO    ]  doc_uploader - Uploading file: D:\ai_doc_automation\Test Data\Income Certificate for Testing\IncomeCertificate_4_page_0.png
2026-08-22 15:47:42,302  [INFO    ]  doc_uploader - File input found via JS querySelector.
2026-08-22 15:47:52,790  [INFO    ]  doc_uploader - Upload preview ready (submit button visible).
2026-08-22 15:48:02,876  [INFO    ]  doc_uploader - File uploaded successfully.
2026-08-22 15:48:02,877  [INFO    ]  doc_uploader - Pre-submit verification...
2026-08-22 15:48:23,127  [INFO    ]  doc_uploader - Clicking 'Submit to engine'...
2026-08-22 15:48:34,573  [INFO    ]  doc_uploader - Submitted to engine. Waiting for result...
2026-08-22 15:48:34,573  [INFO    ]  doc_uploader - Waiting for engine result (timeout=90s)...
2026-08-22 15:48:36,971  [INFO    ]  doc_uploader - Result appeared after 0s.
2026-08-22 15:48:38,088  [INFO    ]  doc_uploader - Screenshot saved: D:\ai_doc_automation\output\screenshots\20260822_154837_result_IncomeCertificate_4_page_0.png.png
2026-08-22 15:48:38,088  [INFO    ]  result_parser - Reading verdict from Overview tab...
2026-08-22 15:49:14,645  [INFO    ]  result_parser - Verdict: SUCCESS (from verdict card)
2026-08-22 15:49:14,645  [INFO    ]  result_parser - Clicking Extraction tab...
2026-08-22 15:49:16,522  [INFO    ]  result_parser - On Extraction tab.
2026-08-22 15:49:16,522  [INFO    ]  result_parser - JS parse: 7 fields
2026-08-22 15:49:16,634  [INFO    ]  doc_uploader - Screenshot saved: D:\ai_doc_automation\output\screenshots\20260822_154916_extracted_IncomeCertificate_4_page_0.png.png
2026-08-22 15:49:17,026  [INFO    ]  main - [OK] IncomeCertificate_4_page_0.png: SUCCESS (61.2s)
2026-08-22 15:49:17,026  [INFO    ]  doc_uploader - Resetting form for next submission...
2026-08-22 15:49:18,903  [INFO    ]  doc_uploader - New submission clicked — form reset.
2026-08-22 15:49:18,917  [INFO    ]  doc_uploader - Upload form is ready for next document.
2026-08-22 15:49:18,917  [INFO    ]  main - 
[85/150] D:\ai_doc_automation\Test Data\Income Certificate for Testing\IncomeCertificate_50_page_0.png
2026-08-22 15:49:18,917  [INFO    ]  main - ============================================================
2026-08-22 15:49:18,917  [INFO    ]  main - Processing [85/150]: IncomeCertificate_50_page_0.png  |  Income Certificate  |  Attempt 1
2026-08-22 15:49:18,917  [INFO    ]  main - ============================================================
2026-08-22 15:49:19,257  [INFO    ]  doc_uploader - Selecting document type: 'Income Certificate'
2026-08-22 15:49:19,302  [INFO    ]  doc_uploader - Selected by visible text: 'Income Certificate'
2026-08-22 15:49:19,302  [INFO    ]  doc_uploader - Ensuring 'Plain extraction' is selected...
2026-08-22 15:49:24,751  [INFO    ]  doc_uploader - Clicked Plain extraction text element.
2026-08-22 15:49:24,752  [INFO    ]  doc_uploader - Uploading file: D:\ai_doc_automation\Test Data\Income Certificate for Testing\IncomeCertificate_50_page_0.png
2026-08-22 15:49:24,760  [INFO    ]  doc_uploader - File input found via JS querySelector.
2026-08-22 15:49:35,184  [INFO    ]  doc_uploader - Upload preview ready (submit button visible).
2026-08-22 15:49:45,297  [INFO    ]  doc_uploader - File uploaded successfully.
2026-08-22 15:49:45,298  [INFO    ]  doc_uploader - Pre-submit verification...
2026-08-22 15:50:05,540  [INFO    ]  doc_uploader - Clicking 'Submit to engine'...
2026-08-22 15:50:17,017  [INFO    ]  doc_uploader - Submitted to engine. Waiting for result...
2026-08-22 15:50:17,017  [INFO    ]  doc_uploader - Waiting for engine result (timeout=90s)...
2026-08-22 15:50:18,769  [INFO    ]  doc_uploader - Result appeared after 0s.
2026-08-22 15:50:19,899  [INFO    ]  doc_uploader - Screenshot saved: D:\ai_doc_automation\output\screenshots\20260822_155019_result_IncomeCertificate_50_page_0.png.png
2026-08-22 15:50:19,899  [INFO    ]  result_parser - Reading verdict from Overview tab...
2026-08-22 15:50:56,532  [INFO    ]  result_parser - Verdict: SUCCESS (from verdict card)
2026-08-22 15:50:56,532  [INFO    ]  result_parser - Clicking Extraction tab...
2026-08-22 15:50:58,413  [INFO    ]  result_parser - On Extraction tab.
2026-08-22 15:50:58,419  [INFO    ]  result_parser - JS parse: 7 fields
2026-08-22 15:50:58,533  [INFO    ]  doc_uploader - Screenshot saved: D:\ai_doc_automation\output\screenshots\20260822_155058_extracted_IncomeCertificate_50_page_0.png.png
2026-08-22 15:50:58,946  [INFO    ]  main - [OK] IncomeCertificate_50_page_0.png: SUCCESS (60.5s)
2026-08-22 15:50:58,947  [INFO    ]  doc_uploader - Resetting form for next submission...
2026-08-22 15:51:00,828  [INFO    ]  doc_uploader - New submission clicked — form reset.
2026-08-22 15:51:00,865  [INFO    ]  doc_uploader - Upload form is ready for next document.
2026-08-22 15:51:00,865  [INFO    ]  main - 
[86/150] D:\ai_doc_automation\Test Data\Income Certificate for Testing\IncomeCertificate_5_page_0.png
2026-08-22 15:51:00,866  [INFO    ]  main - ============================================================
2026-08-22 15:51:00,866  [INFO    ]  main - Processing [86/150]: IncomeCertificate_5_page_0.png  |  Income Certificate  |  Attempt 1
2026-08-22 15:51:00,867  [INFO    ]  main - ============================================================
2026-08-22 15:51:01,328  [INFO    ]  doc_uploader - Selecting document type: 'Income Certificate'
2026-08-22 15:51:01,394  [INFO    ]  doc_uploader - Selected by visible text: 'Income Certificate'
2026-08-22 15:51:01,395  [INFO    ]  doc_uploader - Ensuring 'Plain extraction' is selected...
2026-08-22 15:51:06,852  [INFO    ]  doc_uploader - Clicked Plain extraction text element.
2026-08-22 15:51:06,853  [INFO    ]  doc_uploader - Uploading file: D:\ai_doc_automation\Test Data\Income Certificate for Testing\IncomeCertificate_5_page_0.png
2026-08-22 15:51:06,864  [INFO    ]  doc_uploader - File input found via JS querySelector.
2026-08-22 15:51:17,279  [INFO    ]  doc_uploader - Upload preview ready (submit button visible).
2026-08-22 15:51:27,341  [INFO    ]  doc_uploader - File uploaded successfully.
2026-08-22 15:51:27,342  [INFO    ]  doc_uploader - Pre-submit verification...
2026-08-22 15:51:47,546  [INFO    ]  doc_uploader - Clicking 'Submit to engine'...
2026-08-22 15:51:58,969  [INFO    ]  doc_uploader - Submitted to engine. Waiting for result...
2026-08-22 15:51:58,970  [INFO    ]  doc_uploader - Waiting for engine result (timeout=90s)...
2026-08-22 15:51:59,064  [INFO    ]  doc_uploader - Result appeared after 0s.
2026-08-22 15:52:00,185  [INFO    ]  doc_uploader - Screenshot saved: D:\ai_doc_automation\output\screenshots\20260822_155200_result_IncomeCertificate_5_page_0.png.png
2026-08-22 15:52:00,187  [INFO    ]  result_parser - Reading verdict from Overview tab...
2026-08-22 15:52:36,739  [INFO    ]  result_parser - Verdict: SUCCESS (from verdict card)
2026-08-22 15:52:36,739  [INFO    ]  result_parser - Clicking Extraction tab...
2026-08-22 15:52:38,628  [INFO    ]  result_parser - On Extraction tab.
2026-08-22 15:52:38,635  [INFO    ]  result_parser - JS parse: 7 fields
2026-08-22 15:52:38,748  [INFO    ]  doc_uploader - Screenshot saved: D:\ai_doc_automation\output\screenshots\20260822_155238_extracted_IncomeCertificate_5_page_0.png.png
2026-08-22 15:52:39,130  [INFO    ]  main - [OK] IncomeCertificate_5_page_0.png: SUCCESS (58.7s)
2026-08-22 15:52:39,130  [INFO    ]  doc_uploader - Resetting form for next submission...
2026-08-22 15:52:41,015  [INFO    ]  doc_uploader - New submission clicked — form reset.
2026-08-22 15:52:41,045  [INFO    ]  doc_uploader - Upload form is ready for next document.
2026-08-22 15:52:41,046  [INFO    ]  main - 
[87/150] D:\ai_doc_automation\Test Data\Income Certificate for Testing\IncomeCertificate_6_page_0.png
2026-08-22 15:52:41,047  [INFO    ]  main - ============================================================
2026-08-22 15:52:41,047  [INFO    ]  main - Processing [87/150]: IncomeCertificate_6_page_0.png  |  Income Certificate  |  Attempt 1
2026-08-22 15:52:41,048  [INFO    ]  main - ============================================================
2026-08-22 15:52:41,465  [INFO    ]  doc_uploader - Selecting document type: 'Income Certificate'
2026-08-22 15:52:41,523  [INFO    ]  doc_uploader - Selected by visible text: 'Income Certificate'
2026-08-22 15:52:41,524  [INFO    ]  doc_uploader - Ensuring 'Plain extraction' is selected...
2026-08-22 15:52:46,945  [INFO    ]  doc_uploader - Clicked Plain extraction text element.
2026-08-22 15:52:46,946  [INFO    ]  doc_uploader - Uploading file: D:\ai_doc_automation\Test Data\Income Certificate for Testing\IncomeCertificate_6_page_0.png
2026-08-22 15:52:46,953  [INFO    ]  doc_uploader - File input found via JS querySelector.
2026-08-22 15:52:57,378  [INFO    ]  doc_uploader - Upload preview ready (submit button visible).
2026-08-22 15:53:07,475  [INFO    ]  doc_uploader - File uploaded successfully.
2026-08-22 15:53:07,475  [INFO    ]  doc_uploader - Pre-submit verification...
2026-08-22 15:53:27,670  [INFO    ]  doc_uploader - Clicking 'Submit to engine'...
2026-08-22 15:53:39,124  [INFO    ]  doc_uploader - Submitted to engine. Waiting for result...
2026-08-22 15:53:39,125  [INFO    ]  doc_uploader - Waiting for engine result (timeout=90s)...
2026-08-22 15:53:40,069  [INFO    ]  doc_uploader - Result appeared after 0s.
2026-08-22 15:53:41,232  [INFO    ]  doc_uploader - Screenshot saved: D:\ai_doc_automation\output\screenshots\20260822_155341_result_IncomeCertificate_6_page_0.png.png
2026-08-22 15:53:41,233  [INFO    ]  result_parser - Reading verdict from Overview tab...
2026-08-22 15:54:17,869  [INFO    ]  result_parser - Verdict: SUCCESS (from verdict card)
2026-08-22 15:54:17,869  [INFO    ]  result_parser - Clicking Extraction tab...
2026-08-22 15:54:19,752  [INFO    ]  result_parser - On Extraction tab.
2026-08-22 15:54:19,759  [INFO    ]  result_parser - JS parse: 7 fields
2026-08-22 15:54:19,879  [INFO    ]  doc_uploader - Screenshot saved: D:\ai_doc_automation\output\screenshots\20260822_155419_extracted_IncomeCertificate_6_page_0.png.png
2026-08-22 15:54:20,316  [INFO    ]  main - [OK] IncomeCertificate_6_page_0.png: SUCCESS (59.6s)
2026-08-22 15:54:20,316  [INFO    ]  doc_uploader - Resetting form for next submission...
2026-08-22 15:54:22,185  [INFO    ]  doc_uploader - New submission clicked — form reset.
2026-08-22 15:54:22,228  [INFO    ]  doc_uploader - Upload form is ready for next document.
2026-08-22 15:54:22,229  [INFO    ]  main - 
[88/150] D:\ai_doc_automation\Test Data\Income Certificate for Testing\IncomeCertificate_7_page_0.png
2026-08-22 15:54:22,230  [INFO    ]  main - ============================================================
2026-08-22 15:54:22,230  [INFO    ]  main - Processing [88/150]: IncomeCertificate_7_page_0.png  |  Income Certificate  |  Attempt 1
2026-08-22 15:54:22,231  [INFO    ]  main - ============================================================
2026-08-22 15:54:22,654  [INFO    ]  doc_uploader - Selecting document type: 'Income Certificate'
2026-08-22 15:54:22,702  [INFO    ]  doc_uploader - Selected by visible text: 'Income Certificate'
2026-08-22 15:54:22,702  [INFO    ]  doc_uploader - Ensuring 'Plain extraction' is selected...
2026-08-22 15:54:28,152  [INFO    ]  doc_uploader - Clicked Plain extraction text element.
2026-08-22 15:54:28,153  [INFO    ]  doc_uploader - Uploading file: D:\ai_doc_automation\Test Data\Income Certificate for Testing\IncomeCertificate_7_page_0.png
2026-08-22 15:54:28,164  [INFO    ]  doc_uploader - File input found via JS querySelector.
2026-08-22 15:54:38,581  [INFO    ]  doc_uploader - Upload preview ready (submit button visible).
2026-08-22 15:54:48,629  [INFO    ]  doc_uploader - File uploaded successfully.
2026-08-22 15:54:48,630  [INFO    ]  doc_uploader - Pre-submit verification...
2026-08-22 15:55:08,849  [INFO    ]  doc_uploader - Clicking 'Submit to engine'...
2026-08-22 15:55:20,325  [INFO    ]  doc_uploader - Submitted to engine. Waiting for result...
2026-08-22 15:55:20,325  [INFO    ]  doc_uploader - Waiting for engine result (timeout=90s)...
2026-08-22 15:55:23,529  [INFO    ]  doc_uploader - Result appeared after 0s.
2026-08-22 15:55:24,689  [INFO    ]  doc_uploader - Screenshot saved: D:\ai_doc_automation\output\screenshots\20260822_155524_result_IncomeCertificate_7_page_0.png.png
2026-08-22 15:55:24,689  [INFO    ]  result_parser - Reading verdict from Overview tab...
2026-08-22 15:56:01,340  [INFO    ]  result_parser - Verdict: SUCCESS (from verdict card)
2026-08-22 15:56:01,340  [INFO    ]  result_parser - Clicking Extraction tab...
2026-08-22 15:56:03,221  [INFO    ]  result_parser - On Extraction tab.
2026-08-22 15:56:03,226  [INFO    ]  result_parser - JS parse: 7 fields
2026-08-22 15:56:03,340  [INFO    ]  doc_uploader - Screenshot saved: D:\ai_doc_automation\output\screenshots\20260822_155603_extracted_IncomeCertificate_7_page_0.png.png
2026-08-22 15:56:03,770  [INFO    ]  main - [OK] IncomeCertificate_7_page_0.png: SUCCESS (61.9s)
2026-08-22 15:56:03,772  [INFO    ]  doc_uploader - Resetting form for next submission...
2026-08-22 15:56:05,666  [INFO    ]  doc_uploader - New submission clicked — form reset.
2026-08-22 15:56:05,691  [INFO    ]  doc_uploader - Upload form is ready for next document.
2026-08-22 15:56:05,691  [INFO    ]  main - 
[89/150] D:\ai_doc_automation\Test Data\Income Certificate for Testing\IncomeCertificate_8_page_0.png
2026-08-22 15:56:05,692  [INFO    ]  main - ============================================================
2026-08-22 15:56:05,692  [INFO    ]  main - Processing [89/150]: IncomeCertificate_8_page_0.png  |  Income Certificate  |  Attempt 1
2026-08-22 15:56:05,692  [INFO    ]  main - ============================================================
2026-08-22 15:56:06,005  [INFO    ]  doc_uploader - Selecting document type: 'Income Certificate'
2026-08-22 15:56:06,069  [INFO    ]  doc_uploader - Selected by visible text: 'Income Certificate'
2026-08-22 15:56:06,069  [INFO    ]  doc_uploader - Ensuring 'Plain extraction' is selected...
2026-08-22 15:56:11,536  [INFO    ]  doc_uploader - Clicked Plain extraction text element.
2026-08-22 15:56:11,538  [INFO    ]  doc_uploader - Uploading file: D:\ai_doc_automation\Test Data\Income Certificate for Testing\IncomeCertificate_8_page_0.png
2026-08-22 15:56:11,545  [INFO    ]  doc_uploader - File input found via JS querySelector.
2026-08-22 15:56:22,022  [INFO    ]  doc_uploader - Upload preview ready (submit button visible).
2026-08-22 15:56:32,055  [INFO    ]  doc_uploader - File uploaded successfully.
2026-08-22 15:56:32,055  [INFO    ]  doc_uploader - Pre-submit verification...
2026-08-22 15:56:52,321  [INFO    ]  doc_uploader - Clicking 'Submit to engine'...
2026-08-22 15:57:03,863  [INFO    ]  doc_uploader - Submitted to engine. Waiting for result...
2026-08-22 15:57:03,863  [INFO    ]  doc_uploader - Waiting for engine result (timeout=90s)...
2026-08-22 15:57:06,469  [INFO    ]  doc_uploader - Result appeared after 0s.
2026-08-22 15:57:07,583  [INFO    ]  doc_uploader - Screenshot saved: D:\ai_doc_automation\output\screenshots\20260822_155707_result_IncomeCertificate_8_page_0.png.png
2026-08-22 15:57:07,583  [INFO    ]  result_parser - Reading verdict from Overview tab...
2026-08-22 15:57:44,166  [INFO    ]  result_parser - Verdict: SUCCESS (from verdict card)
2026-08-22 15:57:44,166  [INFO    ]  result_parser - Clicking Extraction tab...
2026-08-22 15:57:46,039  [INFO    ]  result_parser - On Extraction tab.
2026-08-22 15:57:46,049  [INFO    ]  result_parser - JS parse: 7 fields
2026-08-22 15:57:46,189  [INFO    ]  doc_uploader - Screenshot saved: D:\ai_doc_automation\output\screenshots\20260822_155746_extracted_IncomeCertificate_8_page_0.png.png
2026-08-22 15:57:46,600  [INFO    ]  main - [OK] IncomeCertificate_8_page_0.png: SUCCESS (61.5s)
2026-08-22 15:57:46,600  [INFO    ]  doc_uploader - Resetting form for next submission...
2026-08-22 15:57:48,476  [INFO    ]  doc_uploader - New submission clicked — form reset.
2026-08-22 15:57:48,504  [INFO    ]  doc_uploader - Upload form is ready for next document.
2026-08-22 15:57:48,504  [INFO    ]  main - 
[90/150] D:\ai_doc_automation\Test Data\Income Certificate for Testing\IncomeCertificate_9_page_0.png
2026-08-22 15:57:48,505  [INFO    ]  main - ============================================================
2026-08-22 15:57:48,505  [INFO    ]  main - Processing [90/150]: IncomeCertificate_9_page_0.png  |  Income Certificate  |  Attempt 1
2026-08-22 15:57:48,505  [INFO    ]  main - ============================================================
2026-08-22 15:57:48,857  [INFO    ]  doc_uploader - Selecting document type: 'Income Certificate'
2026-08-22 15:57:48,905  [INFO    ]  doc_uploader - Selected by visible text: 'Income Certificate'
2026-08-22 15:57:48,905  [INFO    ]  doc_uploader - Ensuring 'Plain extraction' is selected...
2026-08-22 15:57:54,340  [INFO    ]  doc_uploader - Clicked Plain extraction text element.
2026-08-22 15:57:54,341  [INFO    ]  doc_uploader - Uploading file: D:\ai_doc_automation\Test Data\Income Certificate for Testing\IncomeCertificate_9_page_0.png
2026-08-22 15:57:54,350  [INFO    ]  doc_uploader - File input found via JS querySelector.
2026-08-22 15:58:04,736  [INFO    ]  doc_uploader - Upload preview ready (submit button visible).
2026-08-22 15:58:14,788  [INFO    ]  doc_uploader - File uploaded successfully.
2026-08-22 15:58:14,788  [INFO    ]  doc_uploader - Pre-submit verification...
2026-08-22 15:58:35,019  [INFO    ]  doc_uploader - Clicking 'Submit to engine'...
2026-08-22 15:58:46,472  [INFO    ]  doc_uploader - Submitted to engine. Waiting for result...
2026-08-22 15:58:46,472  [INFO    ]  doc_uploader - Waiting for engine result (timeout=90s)...
2026-08-22 15:58:50,058  [INFO    ]  doc_uploader - Result appeared after 0s.
2026-08-22 15:58:51,182  [INFO    ]  doc_uploader - Screenshot saved: D:\ai_doc_automation\output\screenshots\20260822_155851_result_IncomeCertificate_9_page_0.png.png
2026-08-22 15:58:51,182  [INFO    ]  result_parser - Reading verdict from Overview tab...
2026-08-22 15:59:27,870  [INFO    ]  result_parser - Verdict: SUCCESS (from verdict card)
2026-08-22 15:59:27,871  [INFO    ]  result_parser - Clicking Extraction tab...
2026-08-22 15:59:29,757  [INFO    ]  result_parser - On Extraction tab.
2026-08-22 15:59:29,762  [INFO    ]  result_parser - JS parse: 7 fields
2026-08-22 15:59:29,879  [INFO    ]  doc_uploader - Screenshot saved: D:\ai_doc_automation\output\screenshots\20260822_155929_extracted_IncomeCertificate_9_page_0.png.png
2026-08-22 15:59:30,316  [INFO    ]  main - [OK] IncomeCertificate_9_page_0.png: SUCCESS (62.2s)
2026-08-22 15:59:30,316  [INFO    ]  doc_uploader - Resetting form for next submission...
2026-08-22 15:59:32,189  [INFO    ]  doc_uploader - New submission clicked — form reset.
2026-08-22 15:59:32,219  [INFO    ]  doc_uploader - Upload form is ready for next document.
2026-08-22 15:59:32,220  [INFO    ]  main - 
[91/150] D:\ai_doc_automation\Test Data\Cast Certificate for Testing\CastCertificate_29_page_0.png
2026-08-22 15:59:32,220  [INFO    ]  main - ============================================================
2026-08-22 15:59:32,220  [INFO    ]  main - Processing [91/150]: CastCertificate_29_page_0.png  |  Caste Certificate  |  Attempt 1
2026-08-22 15:59:32,222  [INFO    ]  main - ============================================================
2026-08-22 15:59:32,537  [INFO    ]  doc_uploader - Selecting document type: 'Caste Certificate'
2026-08-22 15:59:32,622  [INFO    ]  doc_uploader - Selected by visible text: 'Caste Certificate'
2026-08-22 15:59:32,623  [INFO    ]  doc_uploader - Ensuring 'Plain extraction' is selected...
2026-08-22 15:59:38,055  [INFO    ]  doc_uploader - Clicked Plain extraction text element.
2026-08-22 15:59:38,091  [INFO    ]  doc_uploader - Uploading file: D:\ai_doc_automation\Test Data\Cast Certificate for Testing\CastCertificate_29_page_0.png
2026-08-22 15:59:38,099  [INFO    ]  doc_uploader - File input found via JS querySelector.
2026-08-22 15:59:48,579  [INFO    ]  doc_uploader - Upload preview ready (submit button visible).
2026-08-22 15:59:58,610  [INFO    ]  doc_uploader - File uploaded successfully.
2026-08-22 15:59:58,610  [INFO    ]  doc_uploader - Pre-submit verification...
2026-08-22 16:00:18,847  [INFO    ]  doc_uploader - Clicking 'Submit to engine'...
2026-08-22 16:00:30,308  [INFO    ]  doc_uploader - Submitted to engine. Waiting for result...
2026-08-22 16:00:30,308  [INFO    ]  doc_uploader - Waiting for engine result (timeout=90s)...
2026-08-22 16:00:32,945  [INFO    ]  doc_uploader - Result appeared after 0s.
2026-08-22 16:00:34,087  [INFO    ]  doc_uploader - Screenshot saved: D:\ai_doc_automation\output\screenshots\20260822_160033_result_CastCertificate_29_page_0.png.png
2026-08-22 16:00:34,089  [INFO    ]  result_parser - Reading verdict from Overview tab...
2026-08-22 16:01:10,726  [INFO    ]  result_parser - Verdict: SUCCESS (from verdict card)
2026-08-22 16:01:10,726  [INFO    ]  result_parser - Clicking Extraction tab...
2026-08-22 16:01:12,631  [INFO    ]  result_parser - On Extraction tab.
2026-08-22 16:01:12,639  [INFO    ]  result_parser - JS parse: 8 fields
2026-08-22 16:01:12,743  [INFO    ]  doc_uploader - Screenshot saved: D:\ai_doc_automation\output\screenshots\20260822_160112_extracted_CastCertificate_29_page_0.png.png
2026-08-22 16:01:12,746  [INFO    ]  excel_writer - Created sheet: 'Caste Certificate'  headers: ['Filename', 'Document Type', 'Expected Status', 'Actual Status', 'Final Output', 'Error Message', 'Applicant Name', 'Caste', 'Certificate Number', 'Community', 'Father Name', 'Issue Date', 'Issuing Authority', 'Mother Name']
2026-08-22 16:01:13,309  [INFO    ]  main - [OK] CastCertificate_29_page_0.png: SUCCESS (61.4s)
2026-08-22 16:01:13,310  [INFO    ]  doc_uploader - Resetting form for next submission...
2026-08-22 16:01:15,199  [INFO    ]  doc_uploader - New submission clicked — form reset.
2026-08-22 16:01:15,227  [INFO    ]  doc_uploader - Upload form is ready for next document.
2026-08-22 16:01:15,228  [INFO    ]  main - 
[92/150] D:\ai_doc_automation\Test Data\Cast Certificate for Testing\CastCertificate_2_page_0.png
2026-08-22 16:01:15,228  [INFO    ]  main - ============================================================
2026-08-22 16:01:15,228  [INFO    ]  main - Processing [92/150]: CastCertificate_2_page_0.png  |  Caste Certificate  |  Attempt 1
2026-08-22 16:01:15,228  [INFO    ]  main - ============================================================
2026-08-22 16:01:15,531  [INFO    ]  doc_uploader - Selecting document type: 'Caste Certificate'
2026-08-22 16:01:15,581  [INFO    ]  doc_uploader - Selected by visible text: 'Caste Certificate'
2026-08-22 16:01:15,582  [INFO    ]  doc_uploader - Ensuring 'Plain extraction' is selected...
2026-08-22 16:01:21,039  [INFO    ]  doc_uploader - Clicked Plain extraction text element.
2026-08-22 16:01:21,079  [INFO    ]  doc_uploader - Uploading file: D:\ai_doc_automation\Test Data\Cast Certificate for Testing\CastCertificate_2_page_0.png
2026-08-22 16:01:21,089  [INFO    ]  doc_uploader - File input found via JS querySelector.
2026-08-22 16:01:31,505  [INFO    ]  doc_uploader - Upload preview ready (submit button visible).
2026-08-22 16:01:41,579  [INFO    ]  doc_uploader - File uploaded successfully.
2026-08-22 16:01:41,579  [INFO    ]  doc_uploader - Pre-submit verification...
2026-08-22 16:02:01,878  [INFO    ]  doc_uploader - Clicking 'Submit to engine'...
2026-08-22 16:02:13,392  [INFO    ]  doc_uploader - Submitted to engine. Waiting for result...
2026-08-22 16:02:13,393  [INFO    ]  doc_uploader - Waiting for engine result (timeout=90s)...
2026-08-22 16:02:14,090  [INFO    ]  doc_uploader - Result appeared after 0s.
2026-08-22 16:02:15,190  [INFO    ]  doc_uploader - Screenshot saved: D:\ai_doc_automation\output\screenshots\20260822_160215_result_CastCertificate_2_page_0.png.png
2026-08-22 16:02:15,190  [INFO    ]  result_parser - Reading verdict from Overview tab...
2026-08-22 16:02:51,835  [INFO    ]  result_parser - Verdict: SUCCESS (from verdict card)
2026-08-22 16:02:51,836  [INFO    ]  result_parser - Clicking Extraction tab...
2026-08-22 16:02:53,717  [INFO    ]  result_parser - On Extraction tab.
2026-08-22 16:02:53,724  [INFO    ]  result_parser - JS parse: 8 fields
2026-08-22 16:02:53,899  [INFO    ]  doc_uploader - Screenshot saved: D:\ai_doc_automation\output\screenshots\20260822_160253_extracted_CastCertificate_2_page_0.png.png
2026-08-22 16:02:54,351  [INFO    ]  main - [OK] CastCertificate_2_page_0.png: SUCCESS (59.6s)
2026-08-22 16:02:54,351  [INFO    ]  doc_uploader - Resetting form for next submission...
2026-08-22 16:02:56,243  [INFO    ]  doc_uploader - New submission clicked — form reset.
2026-08-22 16:02:56,264  [INFO    ]  doc_uploader - Upload form is ready for next document.
2026-08-22 16:02:56,264  [INFO    ]  main - 
[93/150] D:\ai_doc_automation\Test Data\Cast Certificate for Testing\CastCertificate_30_page_0.png
2026-08-22 16:02:56,266  [INFO    ]  main - ============================================================
2026-08-22 16:02:56,266  [INFO    ]  main - Processing [93/150]: CastCertificate_30_page_0.png  |  Caste Certificate  |  Attempt 1
2026-08-22 16:02:56,267  [INFO    ]  main - ============================================================
2026-08-22 16:02:56,558  [INFO    ]  doc_uploader - Selecting document type: 'Caste Certificate'
2026-08-22 16:02:56,585  [INFO    ]  doc_uploader - Selected by visible text: 'Caste Certificate'
2026-08-22 16:02:56,585  [INFO    ]  doc_uploader - Ensuring 'Plain extraction' is selected...
2026-08-22 16:03:02,023  [INFO    ]  doc_uploader - Clicked Plain extraction text element.
2026-08-22 16:03:02,024  [INFO    ]  doc_uploader - Uploading file: D:\ai_doc_automation\Test Data\Cast Certificate for Testing\CastCertificate_30_page_0.png
2026-08-22 16:03:02,031  [INFO    ]  doc_uploader - File input found via JS querySelector.
2026-08-22 16:03:12,501  [INFO    ]  doc_uploader - Upload preview ready (submit button visible).
2026-08-22 16:03:22,579  [INFO    ]  doc_uploader - File uploaded successfully.
2026-08-22 16:03:22,579  [INFO    ]  doc_uploader - Pre-submit verification...
2026-08-22 16:03:42,868  [INFO    ]  doc_uploader - Clicking 'Submit to engine'...
2026-08-22 16:03:54,327  [INFO    ]  doc_uploader - Submitted to engine. Waiting for result...
2026-08-22 16:03:54,327  [INFO    ]  doc_uploader - Waiting for engine result (timeout=90s)...
2026-08-22 16:03:56,528  [INFO    ]  doc_uploader - Result appeared after 0s.
2026-08-22 16:03:57,691  [INFO    ]  doc_uploader - Screenshot saved: D:\ai_doc_automation\output\screenshots\20260822_160357_result_CastCertificate_30_page_0.png.png
2026-08-22 16:03:57,691  [INFO    ]  result_parser - Reading verdict from Overview tab...
2026-08-22 16:04:34,250  [INFO    ]  result_parser - Verdict: SUCCESS (from verdict card)
2026-08-22 16:04:34,250  [INFO    ]  result_parser - Clicking Extraction tab...
2026-08-22 16:04:36,114  [INFO    ]  result_parser - On Extraction tab.
2026-08-22 16:04:36,118  [INFO    ]  result_parser - JS parse: 8 fields
2026-08-22 16:04:36,221  [INFO    ]  doc_uploader - Screenshot saved: D:\ai_doc_automation\output\screenshots\20260822_160436_extracted_CastCertificate_30_page_0.png.png
2026-08-22 16:04:36,590  [INFO    ]  main - [OK] CastCertificate_30_page_0.png: SUCCESS (61.0s)
2026-08-22 16:04:36,590  [INFO    ]  doc_uploader - Resetting form for next submission...
2026-08-22 16:04:38,465  [INFO    ]  doc_uploader - New submission clicked — form reset.
2026-08-22 16:04:38,487  [INFO    ]  doc_uploader - Upload form is ready for next document.
2026-08-22 16:04:38,487  [INFO    ]  main - 
[94/150] D:\ai_doc_automation\Test Data\Cast Certificate for Testing\CastCertificate_31_page_0.png
2026-08-22 16:04:38,487  [INFO    ]  main - ============================================================
2026-08-22 16:04:38,487  [INFO    ]  main - Processing [94/150]: CastCertificate_31_page_0.png  |  Caste Certificate  |  Attempt 1
2026-08-22 16:04:38,487  [INFO    ]  main - ============================================================
2026-08-22 16:04:38,764  [INFO    ]  doc_uploader - Selecting document type: 'Caste Certificate'
2026-08-22 16:04:38,804  [INFO    ]  doc_uploader - Selected by visible text: 'Caste Certificate'
2026-08-22 16:04:38,804  [INFO    ]  doc_uploader - Ensuring 'Plain extraction' is selected...
2026-08-22 16:04:44,236  [INFO    ]  doc_uploader - Clicked Plain extraction text element.
2026-08-22 16:04:44,236  [INFO    ]  doc_uploader - Uploading file: D:\ai_doc_automation\Test Data\Cast Certificate for Testing\CastCertificate_31_page_0.png
2026-08-22 16:04:44,245  [INFO    ]  doc_uploader - File input found via JS querySelector.
2026-08-22 16:04:54,637  [INFO    ]  doc_uploader - Upload preview ready (submit button visible).
2026-08-22 16:05:04,680  [INFO    ]  doc_uploader - File uploaded successfully.
2026-08-22 16:05:04,680  [INFO    ]  doc_uploader - Pre-submit verification...
2026-08-22 16:05:24,845  [INFO    ]  doc_uploader - Clicking 'Submit to engine'...
2026-08-22 16:05:36,329  [INFO    ]  doc_uploader - Submitted to engine. Waiting for result...
2026-08-22 16:05:36,329  [INFO    ]  doc_uploader - Waiting for engine result (timeout=90s)...
2026-08-22 16:05:36,513  [INFO    ]  doc_uploader - Result appeared after 0s.
2026-08-22 16:05:37,628  [INFO    ]  doc_uploader - Screenshot saved: D:\ai_doc_automation\output\screenshots\20260822_160537_result_CastCertificate_31_page_0.png.png
2026-08-22 16:05:37,628  [INFO    ]  result_parser - Reading verdict from Overview tab...
2026-08-22 16:06:14,302  [INFO    ]  result_parser - Verdict: SUCCESS (from verdict card)
2026-08-22 16:06:14,302  [INFO    ]  result_parser - Clicking Extraction tab...
2026-08-22 16:06:16,165  [INFO    ]  result_parser - On Extraction tab.
2026-08-22 16:06:16,170  [INFO    ]  result_parser - JS parse: 8 fields
2026-08-22 16:06:16,273  [INFO    ]  doc_uploader - Screenshot saved: D:\ai_doc_automation\output\screenshots\20260822_160616_extracted_CastCertificate_31_page_0.png.png
2026-08-22 16:06:16,643  [INFO    ]  main - [OK] CastCertificate_31_page_0.png: SUCCESS (58.8s)
2026-08-22 16:06:16,643  [INFO    ]  doc_uploader - Resetting form for next submission...
2026-08-22 16:06:18,514  [INFO    ]  doc_uploader - New submission clicked — form reset.
2026-08-22 16:06:18,532  [INFO    ]  doc_uploader - Upload form is ready for next document.
2026-08-22 16:06:18,532  [INFO    ]  main - 
[95/150] D:\ai_doc_automation\Test Data\Cast Certificate for Testing\CastCertificate_32_page_0.png
2026-08-22 16:06:18,532  [INFO    ]  main - ============================================================
2026-08-22 16:06:18,532  [INFO    ]  main - Processing [95/150]: CastCertificate_32_page_0.png  |  Caste Certificate  |  Attempt 1
2026-08-22 16:06:18,532  [INFO    ]  main - ============================================================
2026-08-22 16:06:18,812  [INFO    ]  doc_uploader - Selecting document type: 'Caste Certificate'
2026-08-22 16:06:18,863  [INFO    ]  doc_uploader - Selected by visible text: 'Caste Certificate'
2026-08-22 16:06:18,863  [INFO    ]  doc_uploader - Ensuring 'Plain extraction' is selected...
2026-08-22 16:06:24,307  [INFO    ]  doc_uploader - Clicked Plain extraction text element.
2026-08-22 16:06:24,307  [INFO    ]  doc_uploader - Uploading file: D:\ai_doc_automation\Test Data\Cast Certificate for Testing\CastCertificate_32_page_0.png
2026-08-22 16:06:24,318  [INFO    ]  doc_uploader - File input found via JS querySelector.
2026-08-22 16:06:34,767  [INFO    ]  doc_uploader - Upload preview ready (submit button visible).
2026-08-22 16:06:44,799  [INFO    ]  doc_uploader - File uploaded successfully.
2026-08-22 16:06:44,799  [INFO    ]  doc_uploader - Pre-submit verification...
2026-08-22 16:07:04,997  [INFO    ]  doc_uploader - Clicking 'Submit to engine'...
2026-08-22 16:07:16,414  [INFO    ]  doc_uploader - Submitted to engine. Waiting for result...
2026-08-22 16:07:16,414  [INFO    ]  doc_uploader - Waiting for engine result (timeout=90s)...
2026-08-22 16:07:17,548  [INFO    ]  doc_uploader - Result appeared after 0s.
2026-08-22 16:07:18,702  [INFO    ]  doc_uploader - Screenshot saved: D:\ai_doc_automation\output\screenshots\20260822_160718_result_CastCertificate_32_page_0.png.png
2026-08-22 16:07:18,703  [INFO    ]  result_parser - Reading verdict from Overview tab...
2026-08-22 16:07:55,392  [INFO    ]  result_parser - Verdict: SUCCESS (from verdict card)
2026-08-22 16:07:55,392  [INFO    ]  result_parser - Clicking Extraction tab...
2026-08-22 16:07:57,263  [INFO    ]  result_parser - On Extraction tab.
2026-08-22 16:07:57,270  [INFO    ]  result_parser - JS parse: 8 fields
2026-08-22 16:07:57,377  [INFO    ]  doc_uploader - Screenshot saved: D:\ai_doc_automation\output\screenshots\20260822_160757_extracted_CastCertificate_32_page_0.png.png
2026-08-22 16:07:57,745  [INFO    ]  main - [OK] CastCertificate_32_page_0.png: SUCCESS (59.7s)
2026-08-22 16:07:57,745  [INFO    ]  doc_uploader - Resetting form for next submission...
2026-08-22 16:07:59,634  [INFO    ]  doc_uploader - New submission clicked — form reset.
2026-08-22 16:07:59,655  [INFO    ]  doc_uploader - Upload form is ready for next document.
2026-08-22 16:07:59,655  [INFO    ]  main - 
[96/150] D:\ai_doc_automation\Test Data\Cast Certificate for Testing\CastCertificate_33_page_0.png
2026-08-22 16:07:59,658  [INFO    ]  main - ============================================================
2026-08-22 16:07:59,658  [INFO    ]  main - Processing [96/150]: CastCertificate_33_page_0.png  |  Caste Certificate  |  Attempt 1
2026-08-22 16:07:59,658  [INFO    ]  main - ============================================================
2026-08-22 16:07:59,938  [INFO    ]  doc_uploader - Selecting document type: 'Caste Certificate'
2026-08-22 16:07:59,992  [INFO    ]  doc_uploader - Selected by visible text: 'Caste Certificate'
2026-08-22 16:07:59,993  [INFO    ]  doc_uploader - Ensuring 'Plain extraction' is selected...
2026-08-22 16:08:05,419  [INFO    ]  doc_uploader - Clicked Plain extraction text element.
2026-08-22 16:08:05,433  [INFO    ]  doc_uploader - Uploading file: D:\ai_doc_automation\Test Data\Cast Certificate for Testing\CastCertificate_33_page_0.png
2026-08-22 16:08:05,437  [INFO    ]  doc_uploader - File input found via JS querySelector.
2026-08-22 16:08:15,900  [INFO    ]  doc_uploader - Upload preview ready (submit button visible).
2026-08-22 16:08:25,971  [INFO    ]  doc_uploader - File uploaded successfully.
2026-08-22 16:08:25,971  [INFO    ]  doc_uploader - Pre-submit verification...
2026-08-22 16:08:46,246  [INFO    ]  doc_uploader - Clicking 'Submit to engine'...
2026-08-22 16:08:57,701  [INFO    ]  doc_uploader - Submitted to engine. Waiting for result...
2026-08-22 16:08:57,701  [INFO    ]  doc_uploader - Waiting for engine result (timeout=90s)...
2026-08-22 16:09:00,161  [INFO    ]  doc_uploader - Result appeared after 0s.
2026-08-22 16:09:01,282  [INFO    ]  doc_uploader - Screenshot saved: D:\ai_doc_automation\output\screenshots\20260822_160901_result_CastCertificate_33_page_0.png.png
2026-08-22 16:09:01,282  [INFO    ]  result_parser - Reading verdict from Overview tab...
2026-08-22 16:09:38,076  [INFO    ]  result_parser - Verdict: SUCCESS (from verdict card)
2026-08-22 16:09:38,076  [INFO    ]  result_parser - Clicking Extraction tab...
2026-08-22 16:09:39,944  [INFO    ]  result_parser - On Extraction tab.
2026-08-22 16:09:39,949  [INFO    ]  result_parser - JS parse: 8 fields
2026-08-22 16:09:40,065  [INFO    ]  doc_uploader - Screenshot saved: D:\ai_doc_automation\output\screenshots\20260822_160939_extracted_CastCertificate_33_page_0.png.png
2026-08-22 16:09:40,461  [INFO    ]  main - [OK] CastCertificate_33_page_0.png: SUCCESS (61.2s)
2026-08-22 16:09:40,462  [INFO    ]  doc_uploader - Resetting form for next submission...
2026-08-22 16:09:42,325  [INFO    ]  doc_uploader - New submission clicked — form reset.
2026-08-22 16:09:42,346  [INFO    ]  doc_uploader - Upload form is ready for next document.
2026-08-22 16:09:42,346  [INFO    ]  main - 
[97/150] D:\ai_doc_automation\Test Data\Cast Certificate for Testing\CastCertificate_34_page_0.png
2026-08-22 16:09:42,346  [INFO    ]  main - ============================================================
2026-08-22 16:09:42,346  [INFO    ]  main - Processing [97/150]: CastCertificate_34_page_0.png  |  Caste Certificate  |  Attempt 1
2026-08-22 16:09:42,346  [INFO    ]  main - ============================================================
2026-08-22 16:09:42,620  [INFO    ]  doc_uploader - Selecting document type: 'Caste Certificate'
2026-08-22 16:09:42,671  [INFO    ]  doc_uploader - Selected by visible text: 'Caste Certificate'
2026-08-22 16:09:42,671  [INFO    ]  doc_uploader - Ensuring 'Plain extraction' is selected...
2026-08-22 16:09:48,077  [INFO    ]  doc_uploader - Clicked Plain extraction text element.
2026-08-22 16:09:48,077  [INFO    ]  doc_uploader - Uploading file: D:\ai_doc_automation\Test Data\Cast Certificate for Testing\CastCertificate_34_page_0.png
2026-08-22 16:09:48,077  [INFO    ]  doc_uploader - File input found via JS querySelector.
2026-08-22 16:09:58,524  [INFO    ]  doc_uploader - Upload preview ready (submit button visible).
2026-08-22 16:10:08,606  [INFO    ]  doc_uploader - File uploaded successfully.
2026-08-22 16:10:08,606  [INFO    ]  doc_uploader - Pre-submit verification...
2026-08-22 16:10:28,816  [INFO    ]  doc_uploader - Clicking 'Submit to engine'...
2026-08-22 16:10:40,270  [INFO    ]  doc_uploader - Submitted to engine. Waiting for result...
2026-08-22 16:10:40,270  [INFO    ]  doc_uploader - Waiting for engine result (timeout=90s)...
2026-08-22 16:10:42,013  [INFO    ]  doc_uploader - Result appeared after 0s.
2026-08-22 16:10:43,134  [INFO    ]  doc_uploader - Screenshot saved: D:\ai_doc_automation\output\screenshots\20260822_161043_result_CastCertificate_34_page_0.png.png
2026-08-22 16:10:43,134  [INFO    ]  result_parser - Reading verdict from Overview tab...
2026-08-22 16:11:19,762  [INFO    ]  result_parser - Verdict: SUCCESS (from verdict card)
2026-08-22 16:11:19,762  [INFO    ]  result_parser - Clicking Extraction tab...
2026-08-22 16:11:21,654  [INFO    ]  result_parser - On Extraction tab.
2026-08-22 16:11:21,658  [INFO    ]  result_parser - JS parse: 8 fields
2026-08-22 16:11:21,779  [INFO    ]  doc_uploader - Screenshot saved: D:\ai_doc_automation\output\screenshots\20260822_161121_extracted_CastCertificate_34_page_0.png.png
2026-08-22 16:11:22,175  [INFO    ]  main - [OK] CastCertificate_34_page_0.png: SUCCESS (60.4s)
2026-08-22 16:11:22,175  [INFO    ]  doc_uploader - Resetting form for next submission...
2026-08-22 16:11:24,047  [INFO    ]  doc_uploader - New submission clicked — form reset.
2026-08-22 16:11:24,073  [INFO    ]  doc_uploader - Upload form is ready for next document.
2026-08-22 16:11:24,073  [INFO    ]  main - 
[98/150] D:\ai_doc_automation\Test Data\Cast Certificate for Testing\CastCertificate_35_page_0.png
2026-08-22 16:11:24,073  [INFO    ]  main - ============================================================
2026-08-22 16:11:24,075  [INFO    ]  main - Processing [98/150]: CastCertificate_35_page_0.png  |  Caste Certificate  |  Attempt 1
2026-08-22 16:11:24,075  [INFO    ]  main - ============================================================
2026-08-22 16:11:24,409  [INFO    ]  doc_uploader - Pre-upload check: expecting REJECT for CastCertificate_35_page_0.png — File size 7.15MB exceeds 5MB limit
2026-08-22 16:11:24,409  [INFO    ]  doc_uploader - Selecting document type: 'Caste Certificate'
2026-08-22 16:11:24,453  [INFO    ]  doc_uploader - Selected by visible text: 'Caste Certificate'
2026-08-22 16:11:24,453  [INFO    ]  doc_uploader - Ensuring 'Plain extraction' is selected...
2026-08-22 16:11:29,878  [INFO    ]  doc_uploader - Clicked Plain extraction text element.
2026-08-22 16:11:29,878  [INFO    ]  doc_uploader - Uploading file: D:\ai_doc_automation\Test Data\Cast Certificate for Testing\CastCertificate_35_page_0.png
2026-08-22 16:11:29,896  [INFO    ]  doc_uploader - File input found via JS querySelector.
2026-08-22 16:11:40,296  [INFO    ]  doc_uploader - Upload preview ready (submit button visible).
2026-08-22 16:11:50,374  [INFO    ]  doc_uploader - File uploaded successfully.
2026-08-22 16:11:50,374  [INFO    ]  doc_uploader - Pre-submit verification...
2026-08-22 16:12:10,568  [INFO    ]  doc_uploader - Clicking 'Submit to engine'...
2026-08-22 16:12:20,892  [WARNING ]  doc_uploader - Upload error detected via XPath: Upload a JPEG, PNG, WebP, or PDF document up to 5 MB.
2026-08-22 16:12:20,892  [WARNING ]  main - File upload rejected for CastCertificate_35_page_0.png: Upload a JPEG, PNG, WebP, or PDF document up to 5 MB.
2026-08-22 16:12:21,038  [INFO    ]  doc_uploader - Screenshot saved: D:\ai_doc_automation\output\screenshots\20260822_161220_upload_rejected_CastCertificate_35_page_0.png.png
2026-08-22 16:12:21,415  [INFO    ]  main - [FAIL] CastCertificate_35_page_0.png: FAILED (56.5s)
2026-08-22 16:12:21,415  [INFO    ]  doc_uploader - Resetting form for next submission...
2026-08-22 16:12:31,955  [INFO    ]  doc_uploader - Navigating to Verify Document page to reset form.
2026-08-22 16:12:31,955  [INFO    ]  doc_uploader - Navigating to 'Verify Document' page...
2026-08-22 16:12:33,845  [INFO    ]  doc_uploader - On Verify Document page.
2026-08-22 16:12:33,872  [INFO    ]  doc_uploader - Upload form is ready for next document.
2026-08-22 16:12:33,872  [INFO    ]  main - 
[99/150] D:\ai_doc_automation\Test Data\Cast Certificate for Testing\CastCertificate_36_page_0.png
2026-08-22 16:12:33,872  [INFO    ]  main - ============================================================
2026-08-22 16:12:33,872  [INFO    ]  main - Processing [99/150]: CastCertificate_36_page_0.png  |  Caste Certificate  |  Attempt 1
2026-08-22 16:12:33,872  [INFO    ]  main - ============================================================
2026-08-22 16:12:34,153  [INFO    ]  doc_uploader - Selecting document type: 'Caste Certificate'
2026-08-22 16:12:34,232  [INFO    ]  doc_uploader - Selected by visible text: 'Caste Certificate'
2026-08-22 16:12:34,232  [INFO    ]  doc_uploader - Ensuring 'Plain extraction' is selected...
2026-08-22 16:12:39,650  [INFO    ]  doc_uploader - Clicked Plain extraction text element.
2026-08-22 16:12:39,650  [INFO    ]  doc_uploader - Uploading file: D:\ai_doc_automation\Test Data\Cast Certificate for Testing\CastCertificate_36_page_0.png
2026-08-22 16:12:39,657  [INFO    ]  doc_uploader - File input found via JS querySelector.
2026-08-22 16:12:50,044  [INFO    ]  doc_uploader - Upload preview ready (submit button visible).
2026-08-22 16:13:00,174  [INFO    ]  doc_uploader - File uploaded successfully.
2026-08-22 16:13:00,174  [INFO    ]  doc_uploader - Pre-submit verification...
2026-08-22 16:13:10,349  [WARNING ]  doc_uploader - Dropdown mismatch! Expected 'Caste Certificate', found 'Aadhaar Card'. Re-selecting.
2026-08-22 16:13:10,349  [INFO    ]  doc_uploader - Selecting document type: 'Caste Certificate'
2026-08-22 16:13:10,410  [INFO    ]  doc_uploader - Selected by visible text: 'Caste Certificate'
2026-08-22 16:13:20,460  [INFO    ]  doc_uploader - Clicking 'Submit to engine'...
2026-08-22 16:13:31,895  [INFO    ]  doc_uploader - Submitted to engine. Waiting for result...
2026-08-22 16:13:31,895  [INFO    ]  doc_uploader - Waiting for engine result (timeout=90s)...
2026-08-22 16:13:36,028  [INFO    ]  doc_uploader - Result appeared after 0s.
2026-08-22 16:13:37,198  [INFO    ]  doc_uploader - Screenshot saved: D:\ai_doc_automation\output\screenshots\20260822_161337_result_CastCertificate_36_page_0.png.png
2026-08-22 16:13:37,198  [INFO    ]  result_parser - Reading verdict from Overview tab...
2026-08-22 16:14:13,816  [INFO    ]  result_parser - Verdict: SUCCESS (from verdict card)
2026-08-22 16:14:13,816  [INFO    ]  result_parser - Clicking Extraction tab...
2026-08-22 16:14:15,698  [INFO    ]  result_parser - On Extraction tab.
2026-08-22 16:14:15,700  [INFO    ]  result_parser - JS parse: 8 fields
2026-08-22 16:14:15,821  [INFO    ]  doc_uploader - Screenshot saved: D:\ai_doc_automation\output\screenshots\20260822_161415_extracted_CastCertificate_36_page_0.png.png
2026-08-22 16:14:16,210  [INFO    ]  main - [OK] CastCertificate_36_page_0.png: SUCCESS (62.9s)
2026-08-22 16:14:16,224  [INFO    ]  doc_uploader - Resetting form for next submission...
2026-08-22 16:14:18,101  [INFO    ]  doc_uploader - New submission clicked — form reset.
2026-08-22 16:14:18,123  [INFO    ]  doc_uploader - Upload form is ready for next document.
2026-08-22 16:14:18,123  [INFO    ]  main - 
[100/150] D:\ai_doc_automation\Test Data\Cast Certificate for Testing\CastCertificate_37_page_0.png
2026-08-22 16:14:18,123  [INFO    ]  main - ============================================================
2026-08-22 16:14:18,123  [INFO    ]  main - Processing [100/150]: CastCertificate_37_page_0.png  |  Caste Certificate  |  Attempt 1
2026-08-22 16:14:18,123  [INFO    ]  main - ============================================================
2026-08-22 16:14:18,402  [INFO    ]  doc_uploader - Selecting document type: 'Caste Certificate'
2026-08-22 16:14:18,439  [INFO    ]  doc_uploader - Selected by visible text: 'Caste Certificate'
2026-08-22 16:14:18,439  [INFO    ]  doc_uploader - Ensuring 'Plain extraction' is selected...
2026-08-22 16:14:23,824  [INFO    ]  doc_uploader - Clicked Plain extraction text element.
2026-08-22 16:14:23,855  [INFO    ]  doc_uploader - Uploading file: D:\ai_doc_automation\Test Data\Cast Certificate for Testing\CastCertificate_37_page_0.png
2026-08-22 16:14:23,872  [INFO    ]  doc_uploader - File input found via JS querySelector.
2026-08-22 16:14:34,313  [INFO    ]  doc_uploader - Upload preview ready (submit button visible).
2026-08-22 16:14:44,343  [INFO    ]  doc_uploader - File uploaded successfully.
2026-08-22 16:14:44,343  [INFO    ]  doc_uploader - Pre-submit verification...
2026-08-22 16:15:04,628  [INFO    ]  doc_uploader - Clicking 'Submit to engine'...
2026-08-22 16:15:16,080  [INFO    ]  doc_uploader - Submitted to engine. Waiting for result...
2026-08-22 16:15:16,080  [INFO    ]  doc_uploader - Waiting for engine result (timeout=90s)...
2026-08-22 16:15:16,480  [INFO    ]  doc_uploader - Result appeared after 0s.
2026-08-22 16:15:17,596  [INFO    ]  doc_uploader - Screenshot saved: D:\ai_doc_automation\output\screenshots\20260822_161517_result_CastCertificate_37_page_0.png.png
2026-08-22 16:15:17,596  [INFO    ]  result_parser - Reading verdict from Overview tab...
2026-08-22 16:15:54,219  [INFO    ]  result_parser - Verdict: SUCCESS (from verdict card)
2026-08-22 16:15:54,219  [INFO    ]  result_parser - Clicking Extraction tab...
2026-08-22 16:15:56,087  [INFO    ]  result_parser - On Extraction tab.
2026-08-22 16:15:56,087  [INFO    ]  result_parser - JS parse: 8 fields
2026-08-22 16:15:56,192  [INFO    ]  doc_uploader - Screenshot saved: D:\ai_doc_automation\output\screenshots\20260822_161556_extracted_CastCertificate_37_page_0.png.png
2026-08-22 16:15:56,571  [INFO    ]  main - [OK] CastCertificate_37_page_0.png: SUCCESS (59.1s)
2026-08-22 16:15:56,571  [INFO    ]  doc_uploader - Resetting form for next submission...
2026-08-22 16:15:58,447  [INFO    ]  doc_uploader - New submission clicked — form reset.
2026-08-22 16:15:58,458  [INFO    ]  doc_uploader - Upload form is ready for next document.
2026-08-22 16:15:58,458  [INFO    ]  main - 
[101/150] D:\ai_doc_automation\Test Data\Cast Certificate for Testing\CastCertificate_38_page_0.png
2026-08-22 16:15:58,458  [INFO    ]  main - ============================================================
2026-08-22 16:15:58,458  [INFO    ]  main - Processing [101/150]: CastCertificate_38_page_0.png  |  Caste Certificate  |  Attempt 1
2026-08-22 16:15:58,458  [INFO    ]  main - ============================================================
2026-08-22 16:15:58,722  [INFO    ]  doc_uploader - Selecting document type: 'Caste Certificate'
2026-08-22 16:15:58,776  [INFO    ]  doc_uploader - Selected by visible text: 'Caste Certificate'
2026-08-22 16:15:58,776  [INFO    ]  doc_uploader - Ensuring 'Plain extraction' is selected...
2026-08-22 16:16:04,200  [INFO    ]  doc_uploader - Clicked Plain extraction text element.
2026-08-22 16:16:04,200  [INFO    ]  doc_uploader - Uploading file: D:\ai_doc_automation\Test Data\Cast Certificate for Testing\CastCertificate_38_page_0.png
2026-08-22 16:16:04,217  [INFO    ]  doc_uploader - File input found via JS querySelector.
2026-08-22 16:16:14,614  [INFO    ]  doc_uploader - Upload preview ready (submit button visible).
2026-08-22 16:16:24,697  [INFO    ]  doc_uploader - File uploaded successfully.
2026-08-22 16:16:24,697  [INFO    ]  doc_uploader - Pre-submit verification...
2026-08-22 16:16:44,971  [INFO    ]  doc_uploader - Clicking 'Submit to engine'...
2026-08-22 16:16:56,467  [INFO    ]  doc_uploader - Submitted to engine. Waiting for result...
2026-08-22 16:16:56,467  [INFO    ]  doc_uploader - Waiting for engine result (timeout=90s)...
2026-08-22 16:16:56,677  [INFO    ]  doc_uploader - Result appeared after 0s.
2026-08-22 16:16:57,799  [INFO    ]  doc_uploader - Screenshot saved: D:\ai_doc_automation\output\screenshots\20260822_161657_result_CastCertificate_38_page_0.png.png
2026-08-22 16:16:57,799  [INFO    ]  result_parser - Reading verdict from Overview tab...
2026-08-22 16:17:34,455  [INFO    ]  result_parser - Verdict: SUCCESS (from verdict card)
2026-08-22 16:17:34,455  [INFO    ]  result_parser - Clicking Extraction tab...
2026-08-22 16:17:36,332  [INFO    ]  result_parser - On Extraction tab.
2026-08-22 16:17:36,332  [INFO    ]  result_parser - JS parse: 8 fields
2026-08-22 16:17:36,432  [INFO    ]  doc_uploader - Screenshot saved: D:\ai_doc_automation\output\screenshots\20260822_161736_extracted_CastCertificate_38_page_0.png.png
2026-08-22 16:17:36,845  [INFO    ]  main - [OK] CastCertificate_38_page_0.png: SUCCESS (59.0s)
2026-08-22 16:17:36,845  [INFO    ]  doc_uploader - Resetting form for next submission...
2026-08-22 16:17:38,720  [INFO    ]  doc_uploader - New submission clicked — form reset.
2026-08-22 16:17:38,742  [INFO    ]  doc_uploader - Upload form is ready for next document.
2026-08-22 16:17:38,743  [INFO    ]  main - 
[102/150] D:\ai_doc_automation\Test Data\Cast Certificate for Testing\CastCertificate_39_page_0.png
2026-08-22 16:17:38,743  [INFO    ]  main - ============================================================
2026-08-22 16:17:38,743  [INFO    ]  main - Processing [102/150]: CastCertificate_39_page_0.png  |  Caste Certificate  |  Attempt 1
2026-08-22 16:17:38,743  [INFO    ]  main - ============================================================
2026-08-22 16:17:39,026  [INFO    ]  doc_uploader - Selecting document type: 'Caste Certificate'
2026-08-22 16:17:39,061  [INFO    ]  doc_uploader - Selected by visible text: 'Caste Certificate'
2026-08-22 16:17:39,061  [INFO    ]  doc_uploader - Ensuring 'Plain extraction' is selected...
2026-08-22 16:17:44,516  [INFO    ]  doc_uploader - Clicked Plain extraction text element.
2026-08-22 16:17:44,516  [INFO    ]  doc_uploader - Uploading file: D:\ai_doc_automation\Test Data\Cast Certificate for Testing\CastCertificate_39_page_0.png
2026-08-22 16:17:44,518  [INFO    ]  doc_uploader - File input found via JS querySelector.
2026-08-22 16:17:54,943  [INFO    ]  doc_uploader - Upload preview ready (submit button visible).
2026-08-22 16:18:04,993  [INFO    ]  doc_uploader - File uploaded successfully.
2026-08-22 16:18:04,993  [INFO    ]  doc_uploader - Pre-submit verification...
2026-08-22 16:18:25,231  [INFO    ]  doc_uploader - Clicking 'Submit to engine'...
2026-08-22 16:18:36,620  [INFO    ]  doc_uploader - Submitted to engine. Waiting for result...
2026-08-22 16:18:36,620  [INFO    ]  doc_uploader - Waiting for engine result (timeout=90s)...
2026-08-22 16:18:37,887  [INFO    ]  doc_uploader - Result appeared after 0s.
2026-08-22 16:18:39,018  [INFO    ]  doc_uploader - Screenshot saved: D:\ai_doc_automation\output\screenshots\20260822_161838_result_CastCertificate_39_page_0.png.png
2026-08-22 16:18:39,018  [INFO    ]  result_parser - Reading verdict from Overview tab...
2026-08-22 16:19:15,674  [INFO    ]  result_parser - Verdict: SUCCESS (from verdict card)
2026-08-22 16:19:15,674  [INFO    ]  result_parser - Clicking Extraction tab...
2026-08-22 16:19:17,557  [INFO    ]  result_parser - On Extraction tab.
2026-08-22 16:19:17,557  [INFO    ]  result_parser - JS parse: 8 fields
2026-08-22 16:19:17,663  [INFO    ]  doc_uploader - Screenshot saved: D:\ai_doc_automation\output\screenshots\20260822_161917_extracted_CastCertificate_39_page_0.png.png
2026-08-22 16:19:18,095  [INFO    ]  main - [OK] CastCertificate_39_page_0.png: SUCCESS (59.9s)
2026-08-22 16:19:18,095  [INFO    ]  doc_uploader - Resetting form for next submission...
2026-08-22 16:19:19,970  [INFO    ]  doc_uploader - New submission clicked — form reset.
2026-08-22 16:19:19,996  [INFO    ]  doc_uploader - Upload form is ready for next document.
2026-08-22 16:19:19,996  [INFO    ]  main - 
[103/150] D:\ai_doc_automation\Test Data\Cast Certificate for Testing\CastCertificate_3_page_0.png
2026-08-22 16:19:19,996  [INFO    ]  main - ============================================================
2026-08-22 16:19:19,996  [INFO    ]  main - Processing [103/150]: CastCertificate_3_page_0.png  |  Caste Certificate  |  Attempt 1
2026-08-22 16:19:19,996  [INFO    ]  main - ============================================================
2026-08-22 16:19:20,311  [INFO    ]  doc_uploader - Selecting document type: 'Caste Certificate'
2026-08-22 16:19:20,361  [INFO    ]  doc_uploader - Selected by visible text: 'Caste Certificate'
2026-08-22 16:19:20,361  [INFO    ]  doc_uploader - Ensuring 'Plain extraction' is selected...
2026-08-22 16:19:25,786  [INFO    ]  doc_uploader - Clicked Plain extraction text element.
2026-08-22 16:19:25,786  [INFO    ]  doc_uploader - Uploading file: D:\ai_doc_automation\Test Data\Cast Certificate for Testing\CastCertificate_3_page_0.png
2026-08-22 16:19:25,786  [INFO    ]  doc_uploader - File input found via JS querySelector.
2026-08-22 16:19:36,196  [INFO    ]  doc_uploader - Upload preview ready (submit button visible).
2026-08-22 16:19:46,260  [INFO    ]  doc_uploader - File uploaded successfully.
2026-08-22 16:19:46,260  [INFO    ]  doc_uploader - Pre-submit verification...
2026-08-22 16:20:06,517  [INFO    ]  doc_uploader - Clicking 'Submit to engine'...
2026-08-22 16:20:17,928  [INFO    ]  doc_uploader - Submitted to engine. Waiting for result...
2026-08-22 16:20:17,928  [INFO    ]  doc_uploader - Waiting for engine result (timeout=90s)...
2026-08-22 16:20:20,157  [INFO    ]  doc_uploader - Result appeared after 0s.
2026-08-22 16:20:21,254  [INFO    ]  doc_uploader - Screenshot saved: D:\ai_doc_automation\output\screenshots\20260822_162021_result_CastCertificate_3_page_0.png.png
2026-08-22 16:20:21,254  [INFO    ]  result_parser - Reading verdict from Overview tab...
2026-08-22 16:20:57,848  [INFO    ]  result_parser - Verdict: SUCCESS (from verdict card)
2026-08-22 16:20:57,848  [INFO    ]  result_parser - Clicking Extraction tab...
2026-08-22 16:20:59,721  [INFO    ]  result_parser - On Extraction tab.
2026-08-22 16:20:59,732  [INFO    ]  result_parser - JS parse: 8 fields
2026-08-22 16:20:59,840  [INFO    ]  doc_uploader - Screenshot saved: D:\ai_doc_automation\output\screenshots\20260822_162059_extracted_CastCertificate_3_page_0.png.png
2026-08-22 16:21:00,298  [INFO    ]  main - [OK] CastCertificate_3_page_0.png: SUCCESS (60.8s)
2026-08-22 16:21:00,298  [INFO    ]  doc_uploader - Resetting form for next submission...
2026-08-22 16:21:02,176  [INFO    ]  doc_uploader - New submission clicked — form reset.
2026-08-22 16:21:02,201  [INFO    ]  doc_uploader - Upload form is ready for next document.
2026-08-22 16:21:02,201  [INFO    ]  main - 
[104/150] D:\ai_doc_automation\Test Data\Cast Certificate for Testing\CastCertificate_40_page_0.png
2026-08-22 16:21:02,201  [INFO    ]  main - ============================================================
2026-08-22 16:21:02,201  [INFO    ]  main - Processing [104/150]: CastCertificate_40_page_0.png  |  Caste Certificate  |  Attempt 1
2026-08-22 16:21:02,201  [INFO    ]  main - ============================================================
2026-08-22 16:21:02,463  [INFO    ]  doc_uploader - Selecting document type: 'Caste Certificate'
2026-08-22 16:21:02,515  [INFO    ]  doc_uploader - Selected by visible text: 'Caste Certificate'
2026-08-22 16:21:02,515  [INFO    ]  doc_uploader - Ensuring 'Plain extraction' is selected...
2026-08-22 16:21:07,939  [INFO    ]  doc_uploader - Clicked Plain extraction text element.
2026-08-22 16:21:07,942  [INFO    ]  doc_uploader - Uploading file: D:\ai_doc_automation\Test Data\Cast Certificate for Testing\CastCertificate_40_page_0.png
2026-08-22 16:21:07,942  [INFO    ]  doc_uploader - File input found via JS querySelector.
2026-08-22 16:21:18,337  [INFO    ]  doc_uploader - Upload preview ready (submit button visible).
2026-08-22 16:21:28,437  [INFO    ]  doc_uploader - File uploaded successfully.
2026-08-22 16:21:28,437  [INFO    ]  doc_uploader - Pre-submit verification...
2026-08-22 16:21:48,709  [INFO    ]  doc_uploader - Clicking 'Submit to engine'...
2026-08-22 16:22:00,174  [INFO    ]  doc_uploader - Submitted to engine. Waiting for result...
2026-08-22 16:22:00,174  [INFO    ]  doc_uploader - Waiting for engine result (timeout=90s)...
2026-08-22 16:22:01,388  [INFO    ]  doc_uploader - Result appeared after 0s.
2026-08-22 16:22:02,489  [INFO    ]  doc_uploader - Screenshot saved: D:\ai_doc_automation\output\screenshots\20260822_162202_result_CastCertificate_40_page_0.png.png
2026-08-22 16:22:02,489  [INFO    ]  result_parser - Reading verdict from Overview tab...
2026-08-22 16:22:39,178  [INFO    ]  result_parser - Verdict: SUCCESS (from verdict card)
2026-08-22 16:22:39,193  [INFO    ]  result_parser - Clicking Extraction tab...
2026-08-22 16:22:41,060  [INFO    ]  result_parser - On Extraction tab.
2026-08-22 16:22:41,060  [INFO    ]  result_parser - JS parse: 8 fields
2026-08-22 16:22:41,188  [INFO    ]  doc_uploader - Screenshot saved: D:\ai_doc_automation\output\screenshots\20260822_162241_extracted_CastCertificate_40_page_0.png.png
2026-08-22 16:22:41,556  [INFO    ]  main - [OK] CastCertificate_40_page_0.png: SUCCESS (59.9s)
2026-08-22 16:22:41,556  [INFO    ]  doc_uploader - Resetting form for next submission...
2026-08-22 16:22:43,441  [INFO    ]  doc_uploader - New submission clicked — form reset.
2026-08-22 16:22:43,452  [INFO    ]  doc_uploader - Upload form is ready for next document.
2026-08-22 16:22:43,452  [INFO    ]  main - 
[105/150] D:\ai_doc_automation\Test Data\Cast Certificate for Testing\CastCertificate_41_page_0.png
2026-08-22 16:22:43,452  [INFO    ]  main - ============================================================
2026-08-22 16:22:43,452  [INFO    ]  main - Processing [105/150]: CastCertificate_41_page_0.png  |  Caste Certificate  |  Attempt 1
2026-08-22 16:22:43,467  [INFO    ]  main - ============================================================
2026-08-22 16:22:43,729  [INFO    ]  doc_uploader - Selecting document type: 'Caste Certificate'
2026-08-22 16:22:43,775  [INFO    ]  doc_uploader - Selected by visible text: 'Caste Certificate'
2026-08-22 16:22:43,776  [INFO    ]  doc_uploader - Ensuring 'Plain extraction' is selected...
2026-08-22 16:22:49,180  [INFO    ]  doc_uploader - Clicked Plain extraction text element.
2026-08-22 16:22:49,182  [INFO    ]  doc_uploader - Uploading file: D:\ai_doc_automation\Test Data\Cast Certificate for Testing\CastCertificate_41_page_0.png
2026-08-22 16:22:49,189  [INFO    ]  doc_uploader - File input found via JS querySelector.
2026-08-22 16:22:59,607  [INFO    ]  doc_uploader - Upload preview ready (submit button visible).
2026-08-22 16:23:09,718  [INFO    ]  doc_uploader - File uploaded successfully.
2026-08-22 16:23:09,718  [INFO    ]  doc_uploader - Pre-submit verification...
2026-08-22 16:23:29,944  [INFO    ]  doc_uploader - Clicking 'Submit to engine'...
2026-08-22 16:23:41,460  [INFO    ]  doc_uploader - Submitted to engine. Waiting for result...
2026-08-22 16:23:41,460  [INFO    ]  doc_uploader - Waiting for engine result (timeout=90s)...
2026-08-22 16:23:44,336  [INFO    ]  doc_uploader - Result appeared after 0s.
2026-08-22 16:23:45,424  [INFO    ]  doc_uploader - Screenshot saved: D:\ai_doc_automation\output\screenshots\20260822_162345_result_CastCertificate_41_page_0.png.png
2026-08-22 16:23:45,424  [INFO    ]  result_parser - Reading verdict from Overview tab...
2026-08-22 16:24:22,118  [INFO    ]  result_parser - Verdict: SUCCESS (from verdict card)
2026-08-22 16:24:22,118  [INFO    ]  result_parser - Clicking Extraction tab...
2026-08-22 16:24:24,008  [INFO    ]  result_parser - On Extraction tab.
2026-08-22 16:24:24,008  [INFO    ]  result_parser - JS parse: 8 fields
2026-08-22 16:24:24,119  [INFO    ]  doc_uploader - Screenshot saved: D:\ai_doc_automation\output\screenshots\20260822_162424_extracted_CastCertificate_41_page_0.png.png
2026-08-22 16:24:24,502  [INFO    ]  main - [OK] CastCertificate_41_page_0.png: SUCCESS (61.6s)
2026-08-22 16:24:24,502  [INFO    ]  doc_uploader - Resetting form for next submission...
2026-08-22 16:24:26,385  [INFO    ]  doc_uploader - New submission clicked — form reset.
2026-08-22 16:24:26,407  [INFO    ]  doc_uploader - Upload form is ready for next document.
2026-08-22 16:24:26,407  [INFO    ]  main - 
[106/150] D:\ai_doc_automation\Test Data\Cast Certificate for Testing\CastCertificate_42_page_0.png
2026-08-22 16:24:26,407  [INFO    ]  main - ============================================================
2026-08-22 16:24:26,407  [INFO    ]  main - Processing [106/150]: CastCertificate_42_page_0.png  |  Caste Certificate  |  Attempt 1
2026-08-22 16:24:26,407  [INFO    ]  main - ============================================================
2026-08-22 16:24:26,683  [INFO    ]  doc_uploader - Selecting document type: 'Caste Certificate'
2026-08-22 16:24:26,719  [INFO    ]  doc_uploader - Selected by visible text: 'Caste Certificate'
2026-08-22 16:24:26,719  [INFO    ]  doc_uploader - Ensuring 'Plain extraction' is selected...
2026-08-22 16:24:32,118  [INFO    ]  doc_uploader - Clicked Plain extraction text element.
2026-08-22 16:24:32,118  [INFO    ]  doc_uploader - Uploading file: D:\ai_doc_automation\Test Data\Cast Certificate for Testing\CastCertificate_42_page_0.png
2026-08-22 16:24:32,127  [INFO    ]  doc_uploader - File input found via JS querySelector.
2026-08-22 16:24:42,539  [INFO    ]  doc_uploader - Upload preview ready (submit button visible).
2026-08-22 16:24:52,632  [INFO    ]  doc_uploader - File uploaded successfully.
2026-08-22 16:24:52,632  [INFO    ]  doc_uploader - Pre-submit verification...
2026-08-22 16:25:12,895  [INFO    ]  doc_uploader - Clicking 'Submit to engine'...
2026-08-22 16:25:24,377  [INFO    ]  doc_uploader - Submitted to engine. Waiting for result...
2026-08-22 16:25:24,377  [INFO    ]  doc_uploader - Waiting for engine result (timeout=90s)...
2026-08-22 16:25:26,177  [INFO    ]  doc_uploader - Result appeared after 0s.
2026-08-22 16:25:27,308  [INFO    ]  doc_uploader - Screenshot saved: D:\ai_doc_automation\output\screenshots\20260822_162527_result_CastCertificate_42_page_0.png.png
2026-08-22 16:25:27,308  [INFO    ]  result_parser - Reading verdict from Overview tab...
2026-08-22 16:26:03,904  [INFO    ]  result_parser - Verdict: SUCCESS (from verdict card)
2026-08-22 16:26:03,904  [INFO    ]  result_parser - Clicking Extraction tab...
2026-08-22 16:26:05,781  [INFO    ]  result_parser - On Extraction tab.
2026-08-22 16:26:05,781  [INFO    ]  result_parser - JS parse: 8 fields
2026-08-22 16:26:05,890  [INFO    ]  doc_uploader - Screenshot saved: D:\ai_doc_automation\output\screenshots\20260822_162605_extracted_CastCertificate_42_page_0.png.png
2026-08-22 16:26:06,288  [INFO    ]  main - [OK] CastCertificate_42_page_0.png: SUCCESS (60.5s)
2026-08-22 16:26:06,288  [INFO    ]  doc_uploader - Resetting form for next submission...
2026-08-22 16:26:08,168  [INFO    ]  doc_uploader - New submission clicked — form reset.
2026-08-22 16:26:08,188  [INFO    ]  doc_uploader - Upload form is ready for next document.
2026-08-22 16:26:08,188  [INFO    ]  main - 
[107/150] D:\ai_doc_automation\Test Data\Cast Certificate for Testing\CastCertificate_43_page_0.png
2026-08-22 16:26:08,188  [INFO    ]  main - ============================================================
2026-08-22 16:26:08,188  [INFO    ]  main - Processing [107/150]: CastCertificate_43_page_0.png  |  Caste Certificate  |  Attempt 1
2026-08-22 16:26:08,188  [INFO    ]  main - ============================================================
2026-08-22 16:26:08,468  [INFO    ]  doc_uploader - Selecting document type: 'Caste Certificate'
2026-08-22 16:26:08,515  [INFO    ]  doc_uploader - Selected by visible text: 'Caste Certificate'
2026-08-22 16:26:08,516  [INFO    ]  doc_uploader - Ensuring 'Plain extraction' is selected...
2026-08-22 16:26:13,942  [INFO    ]  doc_uploader - Clicked Plain extraction text element.
2026-08-22 16:26:13,942  [INFO    ]  doc_uploader - Uploading file: D:\ai_doc_automation\Test Data\Cast Certificate for Testing\CastCertificate_43_page_0.png
2026-08-22 16:26:13,954  [INFO    ]  doc_uploader - File input found via JS querySelector.
2026-08-22 16:26:24,383  [INFO    ]  doc_uploader - Upload preview ready (submit button visible).
2026-08-22 16:26:34,480  [INFO    ]  doc_uploader - File uploaded successfully.
2026-08-22 16:26:34,480  [INFO    ]  doc_uploader - Pre-submit verification...
2026-08-22 16:26:54,747  [INFO    ]  doc_uploader - Clicking 'Submit to engine'...
2026-08-22 16:27:06,230  [INFO    ]  doc_uploader - Submitted to engine. Waiting for result...
2026-08-22 16:27:06,230  [INFO    ]  doc_uploader - Waiting for engine result (timeout=90s)...
2026-08-22 16:27:09,907  [INFO    ]  doc_uploader - Result appeared after 0s.
2026-08-22 16:27:11,013  [INFO    ]  doc_uploader - Screenshot saved: D:\ai_doc_automation\output\screenshots\20260822_162710_result_CastCertificate_43_page_0.png.png
2026-08-22 16:27:11,013  [INFO    ]  result_parser - Reading verdict from Overview tab...
2026-08-22 16:27:47,714  [INFO    ]  result_parser - Verdict: SUCCESS (from verdict card)
2026-08-22 16:27:47,714  [INFO    ]  result_parser - Clicking Extraction tab...
2026-08-22 16:27:49,599  [INFO    ]  result_parser - On Extraction tab.
2026-08-22 16:27:49,599  [INFO    ]  result_parser - JS parse: 8 fields
2026-08-22 16:27:49,708  [INFO    ]  doc_uploader - Screenshot saved: D:\ai_doc_automation\output\screenshots\20260822_162749_extracted_CastCertificate_43_page_0.png.png
2026-08-22 16:27:50,101  [INFO    ]  main - [OK] CastCertificate_43_page_0.png: SUCCESS (62.4s)
2026-08-22 16:27:50,101  [INFO    ]  doc_uploader - Resetting form for next submission...
2026-08-22 16:27:51,982  [INFO    ]  doc_uploader - New submission clicked — form reset.
2026-08-22 16:27:51,995  [INFO    ]  doc_uploader - Upload form is ready for next document.
2026-08-22 16:27:51,995  [INFO    ]  main - 
[108/150] D:\ai_doc_automation\Test Data\Cast Certificate for Testing\CastCertificate_44_page_0.png
2026-08-22 16:27:51,995  [INFO    ]  main - ============================================================
2026-08-22 16:27:51,995  [INFO    ]  main - Processing [108/150]: CastCertificate_44_page_0.png  |  Caste Certificate  |  Attempt 1
2026-08-22 16:27:51,995  [INFO    ]  main - ============================================================
2026-08-22 16:27:52,395  [INFO    ]  doc_uploader - Selecting document type: 'Caste Certificate'
2026-08-22 16:27:52,438  [INFO    ]  doc_uploader - Selected by visible text: 'Caste Certificate'
2026-08-22 16:27:52,439  [INFO    ]  doc_uploader - Ensuring 'Plain extraction' is selected...
2026-08-22 16:27:57,872  [INFO    ]  doc_uploader - Clicked Plain extraction text element.
2026-08-22 16:27:57,872  [INFO    ]  doc_uploader - Uploading file: D:\ai_doc_automation\Test Data\Cast Certificate for Testing\CastCertificate_44_page_0.png
2026-08-22 16:27:57,886  [INFO    ]  doc_uploader - File input found via JS querySelector.
2026-08-22 16:28:08,331  [INFO    ]  doc_uploader - Upload preview ready (submit button visible).
2026-08-22 16:28:18,412  [INFO    ]  doc_uploader - File uploaded successfully.
2026-08-22 16:28:18,412  [INFO    ]  doc_uploader - Pre-submit verification...
2026-08-22 16:28:38,648  [INFO    ]  doc_uploader - Clicking 'Submit to engine'...
2026-08-22 16:28:50,137  [INFO    ]  doc_uploader - Submitted to engine. Waiting for result...
2026-08-22 16:28:50,137  [INFO    ]  doc_uploader - Waiting for engine result (timeout=90s)...
2026-08-22 16:28:51,214  [INFO    ]  doc_uploader - Result appeared after 0s.
2026-08-22 16:28:52,341  [INFO    ]  doc_uploader - Screenshot saved: D:\ai_doc_automation\output\screenshots\20260822_162852_result_CastCertificate_44_page_0.png.png
2026-08-22 16:28:52,341  [INFO    ]  result_parser - Reading verdict from Overview tab...
2026-08-22 16:29:29,103  [INFO    ]  result_parser - Verdict: SUCCESS (from verdict card)
2026-08-22 16:29:29,103  [INFO    ]  result_parser - Clicking Extraction tab...
2026-08-22 16:29:30,985  [INFO    ]  result_parser - On Extraction tab.
2026-08-22 16:29:30,986  [INFO    ]  result_parser - JS parse: 8 fields
2026-08-22 16:29:31,111  [INFO    ]  doc_uploader - Screenshot saved: D:\ai_doc_automation\output\screenshots\20260822_162930_extracted_CastCertificate_44_page_0.png.png
2026-08-22 16:29:31,495  [INFO    ]  main - [OK] CastCertificate_44_page_0.png: SUCCESS (59.8s)
2026-08-22 16:29:31,495  [INFO    ]  doc_uploader - Resetting form for next submission...
2026-08-22 16:29:33,373  [INFO    ]  doc_uploader - New submission clicked — form reset.
2026-08-22 16:29:33,393  [INFO    ]  doc_uploader - Upload form is ready for next document.
2026-08-22 16:29:33,393  [INFO    ]  main - 
[109/150] D:\ai_doc_automation\Test Data\Cast Certificate for Testing\CastCertificate_45_page_0.png
2026-08-22 16:29:33,393  [INFO    ]  main - ============================================================
2026-08-22 16:29:33,393  [INFO    ]  main - Processing [109/150]: CastCertificate_45_page_0.png  |  Caste Certificate  |  Attempt 1
2026-08-22 16:29:33,393  [INFO    ]  main - ============================================================
2026-08-22 16:29:33,656  [INFO    ]  doc_uploader - Selecting document type: 'Caste Certificate'
2026-08-22 16:29:33,718  [INFO    ]  doc_uploader - Selected by visible text: 'Caste Certificate'
2026-08-22 16:29:33,718  [INFO    ]  doc_uploader - Ensuring 'Plain extraction' is selected...
2026-08-22 16:29:39,150  [INFO    ]  doc_uploader - Clicked Plain extraction text element.
2026-08-22 16:29:39,179  [INFO    ]  doc_uploader - Uploading file: D:\ai_doc_automation\Test Data\Cast Certificate for Testing\CastCertificate_45_page_0.png
2026-08-22 16:29:39,191  [INFO    ]  doc_uploader - File input found via JS querySelector.
2026-08-22 16:29:49,636  [INFO    ]  doc_uploader - Upload preview ready (submit button visible).
2026-08-22 16:29:59,670  [INFO    ]  doc_uploader - File uploaded successfully.
2026-08-22 16:29:59,670  [INFO    ]  doc_uploader - Pre-submit verification...
2026-08-22 16:30:19,899  [INFO    ]  doc_uploader - Clicking 'Submit to engine'...
2026-08-22 16:30:31,368  [INFO    ]  doc_uploader - Submitted to engine. Waiting for result...
2026-08-22 16:30:31,368  [INFO    ]  doc_uploader - Waiting for engine result (timeout=90s)...
2026-08-22 16:30:33,901  [INFO    ]  doc_uploader - Result appeared after 0s.
2026-08-22 16:30:35,017  [INFO    ]  doc_uploader - Screenshot saved: D:\ai_doc_automation\output\screenshots\20260822_163034_result_CastCertificate_45_page_0.png.png
2026-08-22 16:30:35,017  [INFO    ]  result_parser - Reading verdict from Overview tab...
2026-08-22 16:31:11,661  [INFO    ]  result_parser - Verdict: SUCCESS (from verdict card)
2026-08-22 16:31:11,661  [INFO    ]  result_parser - Clicking Extraction tab...
2026-08-22 16:31:13,535  [INFO    ]  result_parser - On Extraction tab.
2026-08-22 16:31:13,537  [INFO    ]  result_parser - JS parse: 8 fields
2026-08-22 16:31:13,661  [INFO    ]  doc_uploader - Screenshot saved: D:\ai_doc_automation\output\screenshots\20260822_163113_extracted_CastCertificate_45_page_0.png.png
2026-08-22 16:31:14,036  [INFO    ]  main - [OK] CastCertificate_45_page_0.png: SUCCESS (61.3s)
2026-08-22 16:31:14,036  [INFO    ]  doc_uploader - Resetting form for next submission...
2026-08-22 16:31:15,919  [INFO    ]  doc_uploader - New submission clicked — form reset.
2026-08-22 16:31:15,940  [INFO    ]  doc_uploader - Upload form is ready for next document.
2026-08-22 16:31:15,940  [INFO    ]  main - 
[110/150] D:\ai_doc_automation\Test Data\Cast Certificate for Testing\CastCertificate_46_page_0.png
2026-08-22 16:31:15,941  [INFO    ]  main - ============================================================
2026-08-22 16:31:15,941  [INFO    ]  main - Processing [110/150]: CastCertificate_46_page_0.png  |  Caste Certificate  |  Attempt 1
2026-08-22 16:31:15,941  [INFO    ]  main - ============================================================
2026-08-22 16:31:16,210  [INFO    ]  doc_uploader - Selecting document type: 'Caste Certificate'
2026-08-22 16:31:16,262  [INFO    ]  doc_uploader - Selected by visible text: 'Caste Certificate'
2026-08-22 16:31:16,262  [INFO    ]  doc_uploader - Ensuring 'Plain extraction' is selected...
2026-08-22 16:31:21,668  [INFO    ]  doc_uploader - Clicked Plain extraction text element.
2026-08-22 16:31:21,668  [INFO    ]  doc_uploader - Uploading file: D:\ai_doc_automation\Test Data\Cast Certificate for Testing\CastCertificate_46_page_0.png
2026-08-22 16:31:21,679  [INFO    ]  doc_uploader - File input found via JS querySelector.
2026-08-22 16:31:32,101  [INFO    ]  doc_uploader - Upload preview ready (submit button visible).
2026-08-22 16:31:42,213  [INFO    ]  doc_uploader - File uploaded successfully.
2026-08-22 16:31:42,213  [INFO    ]  doc_uploader - Pre-submit verification...
2026-08-22 16:32:02,471  [INFO    ]  doc_uploader - Clicking 'Submit to engine'...
2026-08-22 16:32:13,855  [INFO    ]  doc_uploader - Submitted to engine. Waiting for result...
2026-08-22 16:32:13,855  [INFO    ]  doc_uploader - Waiting for engine result (timeout=90s)...
2026-08-22 16:32:15,604  [INFO    ]  doc_uploader - Result appeared after 0s.
2026-08-22 16:32:16,751  [INFO    ]  doc_uploader - Screenshot saved: D:\ai_doc_automation\output\screenshots\20260822_163216_result_CastCertificate_46_page_0.png.png
2026-08-22 16:32:16,751  [INFO    ]  result_parser - Reading verdict from Overview tab...
2026-08-22 16:32:53,393  [INFO    ]  result_parser - Verdict: SUCCESS (from verdict card)
2026-08-22 16:32:53,393  [INFO    ]  result_parser - Clicking Extraction tab...
2026-08-22 16:32:55,266  [INFO    ]  result_parser - On Extraction tab.
2026-08-22 16:32:55,266  [INFO    ]  result_parser - JS parse: 8 fields
2026-08-22 16:32:55,381  [INFO    ]  doc_uploader - Screenshot saved: D:\ai_doc_automation\output\screenshots\20260822_163255_extracted_CastCertificate_46_page_0.png.png
2026-08-22 16:32:55,746  [INFO    ]  main - [OK] CastCertificate_46_page_0.png: SUCCESS (60.4s)
2026-08-22 16:32:55,759  [INFO    ]  doc_uploader - Resetting form for next submission...
2026-08-22 16:32:57,639  [INFO    ]  doc_uploader - New submission clicked — form reset.
2026-08-22 16:32:57,649  [INFO    ]  doc_uploader - Upload form is ready for next document.
2026-08-22 16:32:57,649  [INFO    ]  main - 
[111/150] D:\ai_doc_automation\Test Data\Cast Certificate for Testing\CastCertificate_47_page_0.png
2026-08-22 16:32:57,649  [INFO    ]  main - ============================================================
2026-08-22 16:32:57,649  [INFO    ]  main - Processing [111/150]: CastCertificate_47_page_0.png  |  Caste Certificate  |  Attempt 1
2026-08-22 16:32:57,649  [INFO    ]  main - ============================================================
2026-08-22 16:32:57,928  [INFO    ]  doc_uploader - Selecting document type: 'Caste Certificate'
2026-08-22 16:32:57,964  [INFO    ]  doc_uploader - Selected by visible text: 'Caste Certificate'
2026-08-22 16:32:57,964  [INFO    ]  doc_uploader - Ensuring 'Plain extraction' is selected...
2026-08-22 16:33:03,390  [INFO    ]  doc_uploader - Clicked Plain extraction text element.
2026-08-22 16:33:03,390  [INFO    ]  doc_uploader - Uploading file: D:\ai_doc_automation\Test Data\Cast Certificate for Testing\CastCertificate_47_page_0.png
2026-08-22 16:33:03,390  [INFO    ]  doc_uploader - File input found via JS querySelector.
2026-08-22 16:33:13,853  [INFO    ]  doc_uploader - Upload preview ready (submit button visible).
2026-08-22 16:33:23,905  [INFO    ]  doc_uploader - File uploaded successfully.
2026-08-22 16:33:23,905  [INFO    ]  doc_uploader - Pre-submit verification...
2026-08-22 16:33:44,238  [INFO    ]  doc_uploader - Clicking 'Submit to engine'...
2026-08-22 16:33:55,739  [INFO    ]  doc_uploader - Submitted to engine. Waiting for result...
2026-08-22 16:33:55,739  [INFO    ]  doc_uploader - Waiting for engine result (timeout=90s)...
2026-08-22 16:33:56,883  [INFO    ]  doc_uploader - Result appeared after 0s.
2026-08-22 16:33:58,025  [INFO    ]  doc_uploader - Screenshot saved: D:\ai_doc_automation\output\screenshots\20260822_163357_result_CastCertificate_47_page_0.png.png
2026-08-22 16:33:58,025  [INFO    ]  result_parser - Reading verdict from Overview tab...
2026-08-22 16:34:34,693  [INFO    ]  result_parser - Verdict: SUCCESS (from verdict card)
2026-08-22 16:34:34,693  [INFO    ]  result_parser - Clicking Extraction tab...
2026-08-22 16:34:36,584  [INFO    ]  result_parser - On Extraction tab.
2026-08-22 16:34:36,589  [INFO    ]  result_parser - JS parse: 8 fields
2026-08-22 16:34:36,716  [INFO    ]  doc_uploader - Screenshot saved: D:\ai_doc_automation\output\screenshots\20260822_163436_extracted_CastCertificate_47_page_0.png.png
2026-08-22 16:34:37,120  [INFO    ]  main - [OK] CastCertificate_47_page_0.png: SUCCESS (60.0s)
2026-08-22 16:34:37,120  [INFO    ]  doc_uploader - Resetting form for next submission...
2026-08-22 16:34:39,012  [INFO    ]  doc_uploader - New submission clicked — form reset.
2026-08-22 16:34:39,034  [INFO    ]  doc_uploader - Upload form is ready for next document.
2026-08-22 16:34:39,034  [INFO    ]  main - 
[112/150] D:\ai_doc_automation\Test Data\Cast Certificate for Testing\CastCertificate_48_page_0.png
2026-08-22 16:34:39,034  [INFO    ]  main - ============================================================
2026-08-22 16:34:39,035  [INFO    ]  main - Processing [112/150]: CastCertificate_48_page_0.png  |  Caste Certificate  |  Attempt 1
2026-08-22 16:34:39,035  [INFO    ]  main - ============================================================
2026-08-22 16:34:39,331  [INFO    ]  doc_uploader - Selecting document type: 'Caste Certificate'
2026-08-22 16:34:39,394  [INFO    ]  doc_uploader - Selected by visible text: 'Caste Certificate'
2026-08-22 16:34:39,394  [INFO    ]  doc_uploader - Ensuring 'Plain extraction' is selected...
2026-08-22 16:34:44,845  [INFO    ]  doc_uploader - Clicked Plain extraction text element.
2026-08-22 16:34:44,845  [INFO    ]  doc_uploader - Uploading file: D:\ai_doc_automation\Test Data\Cast Certificate for Testing\CastCertificate_48_page_0.png
2026-08-22 16:34:44,848  [INFO    ]  doc_uploader - File input found via JS querySelector.
2026-08-22 16:34:55,247  [INFO    ]  doc_uploader - Upload preview ready (submit button visible).
2026-08-22 16:35:05,359  [INFO    ]  doc_uploader - File uploaded successfully.
2026-08-22 16:35:05,359  [INFO    ]  doc_uploader - Pre-submit verification...
2026-08-22 16:35:25,675  [INFO    ]  doc_uploader - Clicking 'Submit to engine'...
2026-08-22 16:35:37,147  [INFO    ]  doc_uploader - Submitted to engine. Waiting for result...
2026-08-22 16:35:37,147  [INFO    ]  doc_uploader - Waiting for engine result (timeout=90s)...
2026-08-22 16:35:37,542  [INFO    ]  doc_uploader - Result appeared after 0s.
2026-08-22 16:35:38,658  [INFO    ]  doc_uploader - Screenshot saved: D:\ai_doc_automation\output\screenshots\20260822_163538_result_CastCertificate_48_page_0.png.png
2026-08-22 16:35:38,658  [INFO    ]  result_parser - Reading verdict from Overview tab...
2026-08-22 16:36:15,260  [INFO    ]  result_parser - Verdict: SUCCESS (from verdict card)
2026-08-22 16:36:15,262  [INFO    ]  result_parser - Clicking Extraction tab...
2026-08-22 16:36:17,193  [INFO    ]  result_parser - On Extraction tab.
2026-08-22 16:36:17,199  [INFO    ]  result_parser - JS parse: 8 fields
2026-08-22 16:36:17,303  [INFO    ]  doc_uploader - Screenshot saved: D:\ai_doc_automation\output\screenshots\20260822_163617_extracted_CastCertificate_48_page_0.png.png
2026-08-22 16:36:17,680  [INFO    ]  main - [OK] CastCertificate_48_page_0.png: SUCCESS (59.2s)
2026-08-22 16:36:17,680  [INFO    ]  doc_uploader - Resetting form for next submission...
2026-08-22 16:36:19,568  [INFO    ]  doc_uploader - New submission clicked — form reset.
2026-08-22 16:36:19,589  [INFO    ]  doc_uploader - Upload form is ready for next document.
2026-08-22 16:36:19,590  [INFO    ]  main - 
[113/150] D:\ai_doc_automation\Test Data\Cast Certificate for Testing\CastCertificate_49_page_0.png
2026-08-22 16:36:19,590  [INFO    ]  main - ============================================================
2026-08-22 16:36:19,590  [INFO    ]  main - Processing [113/150]: CastCertificate_49_page_0.png  |  Caste Certificate  |  Attempt 1
2026-08-22 16:36:19,590  [INFO    ]  main - ============================================================
2026-08-22 16:36:19,851  [INFO    ]  doc_uploader - Selecting document type: 'Caste Certificate'
2026-08-22 16:36:19,885  [INFO    ]  doc_uploader - Selected by visible text: 'Caste Certificate'
2026-08-22 16:36:19,885  [INFO    ]  doc_uploader - Ensuring 'Plain extraction' is selected...
2026-08-22 16:36:25,328  [INFO    ]  doc_uploader - Clicked Plain extraction text element.
2026-08-22 16:36:25,328  [INFO    ]  doc_uploader - Uploading file: D:\ai_doc_automation\Test Data\Cast Certificate for Testing\CastCertificate_49_page_0.png
2026-08-22 16:36:25,340  [INFO    ]  doc_uploader - File input found via JS querySelector.
2026-08-22 16:36:35,729  [INFO    ]  doc_uploader - Upload preview ready (submit button visible).
2026-08-22 16:36:45,826  [INFO    ]  doc_uploader - File uploaded successfully.
2026-08-22 16:36:45,826  [INFO    ]  doc_uploader - Pre-submit verification...
2026-08-22 16:37:06,083  [INFO    ]  doc_uploader - Clicking 'Submit to engine'...
2026-08-22 16:37:17,594  [INFO    ]  doc_uploader - Submitted to engine. Waiting for result...
2026-08-22 16:37:17,594  [INFO    ]  doc_uploader - Waiting for engine result (timeout=90s)...
2026-08-22 16:37:20,274  [INFO    ]  doc_uploader - Result appeared after 0s.
2026-08-22 16:37:21,393  [INFO    ]  doc_uploader - Screenshot saved: D:\ai_doc_automation\output\screenshots\20260822_163721_result_CastCertificate_49_page_0.png.png
2026-08-22 16:37:21,393  [INFO    ]  result_parser - Reading verdict from Overview tab...
2026-08-22 16:37:58,105  [INFO    ]  result_parser - Verdict: SUCCESS (from verdict card)
2026-08-22 16:37:58,105  [INFO    ]  result_parser - Clicking Extraction tab...
2026-08-22 16:37:59,986  [INFO    ]  result_parser - On Extraction tab.
2026-08-22 16:37:59,986  [INFO    ]  result_parser - JS parse: 8 fields
2026-08-22 16:38:00,104  [INFO    ]  doc_uploader - Screenshot saved: D:\ai_doc_automation\output\screenshots\20260822_163759_extracted_CastCertificate_49_page_0.png.png
2026-08-22 16:38:00,500  [INFO    ]  main - [OK] CastCertificate_49_page_0.png: SUCCESS (61.4s)
2026-08-22 16:38:00,500  [INFO    ]  doc_uploader - Resetting form for next submission...
2026-08-22 16:38:02,378  [INFO    ]  doc_uploader - New submission clicked — form reset.
2026-08-22 16:38:02,389  [INFO    ]  doc_uploader - Upload form is ready for next document.
2026-08-22 16:38:02,389  [INFO    ]  main - 
[114/150] D:\ai_doc_automation\Test Data\Cast Certificate for Testing\CastCertificate_4_page_0.png
2026-08-22 16:38:02,389  [INFO    ]  main - ============================================================
2026-08-22 16:38:02,389  [INFO    ]  main - Processing [114/150]: CastCertificate_4_page_0.png  |  Caste Certificate  |  Attempt 1
2026-08-22 16:38:02,389  [INFO    ]  main - ============================================================
2026-08-22 16:38:02,669  [INFO    ]  doc_uploader - Selecting document type: 'Caste Certificate'
2026-08-22 16:38:02,704  [INFO    ]  doc_uploader - Selected by visible text: 'Caste Certificate'
2026-08-22 16:38:02,704  [INFO    ]  doc_uploader - Ensuring 'Plain extraction' is selected...
2026-08-22 16:38:08,149  [INFO    ]  doc_uploader - Clicked Plain extraction text element.
2026-08-22 16:38:08,155  [INFO    ]  doc_uploader - Uploading file: D:\ai_doc_automation\Test Data\Cast Certificate for Testing\CastCertificate_4_page_0.png
2026-08-22 16:38:08,161  [INFO    ]  doc_uploader - File input found via JS querySelector.
2026-08-22 16:38:18,610  [INFO    ]  doc_uploader - Upload preview ready (submit button visible).
2026-08-22 16:38:28,722  [INFO    ]  doc_uploader - File uploaded successfully.
2026-08-22 16:38:28,722  [INFO    ]  doc_uploader - Pre-submit verification...
2026-08-22 16:38:49,016  [INFO    ]  doc_uploader - Clicking 'Submit to engine'...
2026-08-22 16:39:00,447  [INFO    ]  doc_uploader - Submitted to engine. Waiting for result...
2026-08-22 16:39:00,447  [INFO    ]  doc_uploader - Waiting for engine result (timeout=90s)...
2026-08-22 16:39:01,865  [INFO    ]  doc_uploader - Result appeared after 0s.
2026-08-22 16:39:02,962  [INFO    ]  doc_uploader - Screenshot saved: D:\ai_doc_automation\output\screenshots\20260822_163902_result_CastCertificate_4_page_0.png.png
2026-08-22 16:39:02,962  [INFO    ]  result_parser - Reading verdict from Overview tab...
2026-08-22 16:39:39,523  [INFO    ]  result_parser - Verdict: SUCCESS (from verdict card)
2026-08-22 16:39:39,524  [INFO    ]  result_parser - Clicking Extraction tab...
2026-08-22 16:39:41,405  [INFO    ]  result_parser - On Extraction tab.
2026-08-22 16:39:41,408  [INFO    ]  result_parser - JS parse: 8 fields
2026-08-22 16:39:41,508  [INFO    ]  doc_uploader - Screenshot saved: D:\ai_doc_automation\output\screenshots\20260822_163941_extracted_CastCertificate_4_page_0.png.png
2026-08-22 16:39:41,882  [INFO    ]  main - [OK] CastCertificate_4_page_0.png: SUCCESS (60.2s)
2026-08-22 16:39:41,882  [INFO    ]  doc_uploader - Resetting form for next submission...
2026-08-22 16:39:43,752  [INFO    ]  doc_uploader - New submission clicked — form reset.
2026-08-22 16:39:43,773  [INFO    ]  doc_uploader - Upload form is ready for next document.
2026-08-22 16:39:43,775  [INFO    ]  main - 
[115/150] D:\ai_doc_automation\Test Data\Cast Certificate for Testing\CastCertificate_50_page_0.png
2026-08-22 16:39:43,775  [INFO    ]  main - ============================================================
2026-08-22 16:39:43,775  [INFO    ]  main - Processing [115/150]: CastCertificate_50_page_0.png  |  Caste Certificate  |  Attempt 1
2026-08-22 16:39:43,775  [INFO    ]  main - ============================================================
2026-08-22 16:39:44,053  [INFO    ]  doc_uploader - Selecting document type: 'Caste Certificate'
2026-08-22 16:39:44,101  [INFO    ]  doc_uploader - Selected by visible text: 'Caste Certificate'
2026-08-22 16:39:44,101  [INFO    ]  doc_uploader - Ensuring 'Plain extraction' is selected...
2026-08-22 16:39:49,484  [INFO    ]  doc_uploader - Clicked Plain extraction text element.
2026-08-22 16:39:49,484  [INFO    ]  doc_uploader - Uploading file: D:\ai_doc_automation\Test Data\Cast Certificate for Testing\CastCertificate_50_page_0.png
2026-08-22 16:39:49,484  [INFO    ]  doc_uploader - File input found via JS querySelector.
2026-08-22 16:39:59,861  [INFO    ]  doc_uploader - Upload preview ready (submit button visible).
2026-08-22 16:40:09,942  [INFO    ]  doc_uploader - File uploaded successfully.
2026-08-22 16:40:09,942  [INFO    ]  doc_uploader - Pre-submit verification...
2026-08-22 16:40:30,182  [INFO    ]  doc_uploader - Clicking 'Submit to engine'...
2026-08-22 16:40:41,633  [INFO    ]  doc_uploader - Submitted to engine. Waiting for result...
2026-08-22 16:40:41,633  [INFO    ]  doc_uploader - Waiting for engine result (timeout=90s)...
2026-08-22 16:40:43,442  [INFO    ]  doc_uploader - Result appeared after 0s.
2026-08-22 16:40:44,531  [INFO    ]  doc_uploader - Screenshot saved: D:\ai_doc_automation\output\screenshots\20260822_164044_result_CastCertificate_50_page_0.png.png
2026-08-22 16:40:44,531  [INFO    ]  result_parser - Reading verdict from Overview tab...
2026-08-22 16:41:21,205  [INFO    ]  result_parser - Verdict: SUCCESS (from verdict card)
2026-08-22 16:41:21,205  [INFO    ]  result_parser - Clicking Extraction tab...
2026-08-22 16:41:23,087  [INFO    ]  result_parser - On Extraction tab.
2026-08-22 16:41:23,087  [INFO    ]  result_parser - JS parse: 8 fields
2026-08-22 16:41:23,193  [INFO    ]  doc_uploader - Screenshot saved: D:\ai_doc_automation\output\screenshots\20260822_164123_extracted_CastCertificate_50_page_0.png.png
2026-08-22 16:41:23,597  [INFO    ]  main - [OK] CastCertificate_50_page_0.png: SUCCESS (60.4s)
2026-08-22 16:41:23,597  [INFO    ]  doc_uploader - Resetting form for next submission...
2026-08-22 16:41:25,485  [INFO    ]  doc_uploader - New submission clicked — form reset.
2026-08-22 16:41:25,507  [INFO    ]  doc_uploader - Upload form is ready for next document.
2026-08-22 16:41:25,507  [INFO    ]  main - 
[116/150] D:\ai_doc_automation\Test Data\Cast Certificate for Testing\CastCertificate_5_page_0.png
2026-08-22 16:41:25,507  [INFO    ]  main - ============================================================
2026-08-22 16:41:25,508  [INFO    ]  main - Processing [116/150]: CastCertificate_5_page_0.png  |  Caste Certificate  |  Attempt 1
2026-08-22 16:41:25,508  [INFO    ]  main - ============================================================
2026-08-22 16:41:25,777  [INFO    ]  doc_uploader - Selecting document type: 'Caste Certificate'
2026-08-22 16:41:25,810  [INFO    ]  doc_uploader - Selected by visible text: 'Caste Certificate'
2026-08-22 16:41:25,810  [INFO    ]  doc_uploader - Ensuring 'Plain extraction' is selected...
2026-08-22 16:41:31,234  [INFO    ]  doc_uploader - Clicked Plain extraction text element.
2026-08-22 16:41:31,269  [INFO    ]  doc_uploader - Uploading file: D:\ai_doc_automation\Test Data\Cast Certificate for Testing\CastCertificate_5_page_0.png
2026-08-22 16:41:31,279  [INFO    ]  doc_uploader - File input found via JS querySelector.
2026-08-22 16:41:41,664  [INFO    ]  doc_uploader - Upload preview ready (submit button visible).
2026-08-22 16:41:51,759  [INFO    ]  doc_uploader - File uploaded successfully.
2026-08-22 16:41:51,759  [INFO    ]  doc_uploader - Pre-submit verification...
2026-08-22 16:42:11,954  [INFO    ]  doc_uploader - Clicking 'Submit to engine'...
2026-08-22 16:42:23,418  [INFO    ]  doc_uploader - Submitted to engine. Waiting for result...
2026-08-22 16:42:23,418  [INFO    ]  doc_uploader - Waiting for engine result (timeout=90s)...
2026-08-22 16:42:24,892  [INFO    ]  doc_uploader - Result appeared after 0s.
2026-08-22 16:42:25,984  [INFO    ]  doc_uploader - Screenshot saved: D:\ai_doc_automation\output\screenshots\20260822_164225_result_CastCertificate_5_page_0.png.png
2026-08-22 16:42:25,984  [INFO    ]  result_parser - Reading verdict from Overview tab...
2026-08-22 16:43:02,691  [INFO    ]  result_parser - Verdict: SUCCESS (from verdict card)
2026-08-22 16:43:02,691  [INFO    ]  result_parser - Clicking Extraction tab...
2026-08-22 16:43:04,567  [INFO    ]  result_parser - On Extraction tab.
2026-08-22 16:43:04,569  [INFO    ]  result_parser - JS parse: 8 fields
2026-08-22 16:43:04,689  [INFO    ]  doc_uploader - Screenshot saved: D:\ai_doc_automation\output\screenshots\20260822_164304_extracted_CastCertificate_5_page_0.png.png
2026-08-22 16:43:05,082  [INFO    ]  main - [OK] CastCertificate_5_page_0.png: SUCCESS (60.1s)
2026-08-22 16:43:05,082  [INFO    ]  doc_uploader - Resetting form for next submission...
2026-08-22 16:43:06,969  [INFO    ]  doc_uploader - New submission clicked — form reset.
2026-08-22 16:43:06,988  [INFO    ]  doc_uploader - Upload form is ready for next document.
2026-08-22 16:43:06,988  [INFO    ]  main - 
[117/150] D:\ai_doc_automation\Test Data\Cast Certificate for Testing\CastCertificate_6_page_0.png
2026-08-22 16:43:06,988  [INFO    ]  main - ============================================================
2026-08-22 16:43:06,988  [INFO    ]  main - Processing [117/150]: CastCertificate_6_page_0.png  |  Caste Certificate  |  Attempt 1
2026-08-22 16:43:06,988  [INFO    ]  main - ============================================================
2026-08-22 16:43:07,339  [INFO    ]  doc_uploader - Pre-upload check: expecting REJECT for CastCertificate_6_page_0.png — File size 24.68MB exceeds 5MB limit
2026-08-22 16:43:07,341  [INFO    ]  doc_uploader - Selecting document type: 'Caste Certificate'
2026-08-22 16:43:07,382  [INFO    ]  doc_uploader - Selected by visible text: 'Caste Certificate'
2026-08-22 16:43:07,382  [INFO    ]  doc_uploader - Ensuring 'Plain extraction' is selected...
2026-08-22 16:43:12,784  [INFO    ]  doc_uploader - Clicked Plain extraction text element.
2026-08-22 16:43:12,784  [INFO    ]  doc_uploader - Uploading file: D:\ai_doc_automation\Test Data\Cast Certificate for Testing\CastCertificate_6_page_0.png
2026-08-22 16:43:12,784  [INFO    ]  doc_uploader - File input found via JS querySelector.
2026-08-22 16:43:23,223  [INFO    ]  doc_uploader - Upload preview ready (submit button visible).
2026-08-22 16:43:33,256  [INFO    ]  doc_uploader - File uploaded successfully.
2026-08-22 16:43:33,256  [INFO    ]  doc_uploader - Pre-submit verification...
2026-08-22 16:43:53,483  [INFO    ]  doc_uploader - Clicking 'Submit to engine'...
2026-08-22 16:44:05,004  [INFO    ]  doc_uploader - Submitted to engine. Waiting for result...
2026-08-22 16:44:05,004  [INFO    ]  doc_uploader - Waiting for engine result (timeout=90s)...
2026-08-22 16:44:16,109  [WARNING ]  doc_uploader - Upload error detected via XPath: Upload a JPEG, PNG, WebP, or PDF document up to 5 MB.
2026-08-22 16:44:16,109  [WARNING ]  doc_uploader - Upload rejection banner detected during wait: Upload a JPEG, PNG, WebP, or PDF document up to 5 MB.
2026-08-22 16:44:16,109  [WARNING ]  main - File upload rejected for CastCertificate_6_page_0.png: Upload a JPEG, PNG, WebP, or PDF document up to 5 MB.
2026-08-22 16:44:16,266  [INFO    ]  doc_uploader - Screenshot saved: D:\ai_doc_automation\output\screenshots\20260822_164416_upload_rejected_CastCertificate_6_page_0.png.png
2026-08-22 16:44:16,673  [INFO    ]  main - [FAIL] CastCertificate_6_page_0.png: FAILED (68.8s)
2026-08-22 16:44:16,673  [INFO    ]  doc_uploader - Resetting form for next submission...
2026-08-22 16:44:27,268  [INFO    ]  doc_uploader - Navigating to Verify Document page to reset form.
2026-08-22 16:44:27,268  [INFO    ]  doc_uploader - Navigating to 'Verify Document' page...
2026-08-22 16:44:29,148  [INFO    ]  doc_uploader - On Verify Document page.
2026-08-22 16:44:29,168  [INFO    ]  doc_uploader - Upload form is ready for next document.
2026-08-22 16:44:29,168  [INFO    ]  main - 
[118/150] D:\ai_doc_automation\Test Data\Cast Certificate for Testing\CastCertificate_7_page_0.png
2026-08-22 16:44:29,168  [INFO    ]  main - ============================================================
2026-08-22 16:44:29,168  [INFO    ]  main - Processing [118/150]: CastCertificate_7_page_0.png  |  Caste Certificate  |  Attempt 1
2026-08-22 16:44:29,168  [INFO    ]  main - ============================================================
2026-08-22 16:44:29,437  [INFO    ]  doc_uploader - Selecting document type: 'Caste Certificate'
2026-08-22 16:44:29,514  [INFO    ]  doc_uploader - Selected by visible text: 'Caste Certificate'
2026-08-22 16:44:29,514  [INFO    ]  doc_uploader - Ensuring 'Plain extraction' is selected...
2026-08-22 16:44:34,896  [INFO    ]  doc_uploader - Clicked Plain extraction text element.
2026-08-22 16:44:34,896  [INFO    ]  doc_uploader - Uploading file: D:\ai_doc_automation\Test Data\Cast Certificate for Testing\CastCertificate_7_page_0.png
2026-08-22 16:44:34,896  [INFO    ]  doc_uploader - File input found via JS querySelector.
2026-08-22 16:44:45,326  [INFO    ]  doc_uploader - Upload preview ready (submit button visible).
2026-08-22 16:44:55,374  [INFO    ]  doc_uploader - File uploaded successfully.
2026-08-22 16:44:55,374  [INFO    ]  doc_uploader - Pre-submit verification...
2026-08-22 16:45:05,476  [WARNING ]  doc_uploader - Dropdown mismatch! Expected 'Caste Certificate', found 'Aadhaar Card'. Re-selecting.
2026-08-22 16:45:05,476  [INFO    ]  doc_uploader - Selecting document type: 'Caste Certificate'
2026-08-22 16:45:05,528  [INFO    ]  doc_uploader - Selected by visible text: 'Caste Certificate'
2026-08-22 16:45:15,608  [INFO    ]  doc_uploader - Clicking 'Submit to engine'...
2026-08-22 16:45:27,110  [INFO    ]  doc_uploader - Submitted to engine. Waiting for result...
2026-08-22 16:45:27,116  [INFO    ]  doc_uploader - Waiting for engine result (timeout=90s)...
2026-08-22 16:45:30,321  [INFO    ]  doc_uploader - Result appeared after 0s.
2026-08-22 16:45:31,424  [INFO    ]  doc_uploader - Screenshot saved: D:\ai_doc_automation\output\screenshots\20260822_164531_result_CastCertificate_7_page_0.png.png
2026-08-22 16:45:31,424  [INFO    ]  result_parser - Reading verdict from Overview tab...
2026-08-22 16:46:08,056  [INFO    ]  result_parser - Verdict: SUCCESS (from verdict card)
2026-08-22 16:46:08,056  [INFO    ]  result_parser - Clicking Extraction tab...
2026-08-22 16:46:09,931  [INFO    ]  result_parser - On Extraction tab.
2026-08-22 16:46:09,936  [INFO    ]  result_parser - JS parse: 8 fields
2026-08-22 16:46:10,052  [INFO    ]  doc_uploader - Screenshot saved: D:\ai_doc_automation\output\screenshots\20260822_164609_extracted_CastCertificate_7_page_0.png.png
2026-08-22 16:46:10,444  [INFO    ]  main - [OK] CastCertificate_7_page_0.png: SUCCESS (61.9s)
2026-08-22 16:46:10,444  [INFO    ]  doc_uploader - Resetting form for next submission...
2026-08-22 16:46:12,323  [INFO    ]  doc_uploader - New submission clicked — form reset.
2026-08-22 16:46:12,336  [INFO    ]  doc_uploader - Upload form is ready for next document.
2026-08-22 16:46:12,336  [INFO    ]  main - 
[119/150] D:\ai_doc_automation\Test Data\Cast Certificate for Testing\CastCertificate_8_page_0.png
2026-08-22 16:46:12,336  [INFO    ]  main - ============================================================
2026-08-22 16:46:12,336  [INFO    ]  main - Processing [119/150]: CastCertificate_8_page_0.png  |  Caste Certificate  |  Attempt 1
2026-08-22 16:46:12,336  [INFO    ]  main - ============================================================
2026-08-22 16:46:12,633  [INFO    ]  doc_uploader - Selecting document type: 'Caste Certificate'
2026-08-22 16:46:12,686  [INFO    ]  doc_uploader - Selected by visible text: 'Caste Certificate'
2026-08-22 16:46:12,688  [INFO    ]  doc_uploader - Ensuring 'Plain extraction' is selected...
2026-08-22 16:46:18,087  [INFO    ]  doc_uploader - Clicked Plain extraction text element.
2026-08-22 16:46:18,088  [INFO    ]  doc_uploader - Uploading file: D:\ai_doc_automation\Test Data\Cast Certificate for Testing\CastCertificate_8_page_0.png
2026-08-22 16:46:18,095  [INFO    ]  doc_uploader - File input found via JS querySelector.
2026-08-22 16:46:28,532  [INFO    ]  doc_uploader - Upload preview ready (submit button visible).
2026-08-22 16:46:38,612  [INFO    ]  doc_uploader - File uploaded successfully.
2026-08-22 16:46:38,612  [INFO    ]  doc_uploader - Pre-submit verification...
2026-08-22 16:46:58,869  [INFO    ]  doc_uploader - Clicking 'Submit to engine'...
2026-08-22 16:47:10,361  [INFO    ]  doc_uploader - Submitted to engine. Waiting for result...
2026-08-22 16:47:10,361  [INFO    ]  doc_uploader - Waiting for engine result (timeout=90s)...
2026-08-22 16:47:10,911  [INFO    ]  doc_uploader - Result appeared after 0s.
2026-08-22 16:47:12,033  [INFO    ]  doc_uploader - Screenshot saved: D:\ai_doc_automation\output\screenshots\20260822_164711_result_CastCertificate_8_page_0.png.png
2026-08-22 16:47:12,033  [INFO    ]  result_parser - Reading verdict from Overview tab...
2026-08-22 16:47:48,705  [INFO    ]  result_parser - Verdict: SUCCESS (from verdict card)
2026-08-22 16:47:48,705  [INFO    ]  result_parser - Clicking Extraction tab...
2026-08-22 16:47:50,591  [INFO    ]  result_parser - On Extraction tab.
2026-08-22 16:47:50,593  [INFO    ]  result_parser - JS parse: 8 fields
2026-08-22 16:47:50,689  [INFO    ]  doc_uploader - Screenshot saved: D:\ai_doc_automation\output\screenshots\20260822_164750_extracted_CastCertificate_8_page_0.png.png
2026-08-22 16:47:51,060  [INFO    ]  main - [OK] CastCertificate_8_page_0.png: SUCCESS (59.3s)
2026-08-22 16:47:51,060  [INFO    ]  doc_uploader - Resetting form for next submission...
2026-08-22 16:47:52,942  [INFO    ]  doc_uploader - New submission clicked — form reset.
2026-08-22 16:47:52,958  [INFO    ]  doc_uploader - Upload form is ready for next document.
2026-08-22 16:47:52,958  [INFO    ]  main - 
[120/150] D:\ai_doc_automation\Test Data\Cast Certificate for Testing\CastCertificate_9_page_0.png
2026-08-22 16:47:52,958  [INFO    ]  main - ============================================================
2026-08-22 16:47:52,958  [INFO    ]  main - Processing [120/150]: CastCertificate_9_page_0.png  |  Caste Certificate  |  Attempt 1
2026-08-22 16:47:52,958  [INFO    ]  main - ============================================================
2026-08-22 16:47:53,294  [INFO    ]  doc_uploader - Selecting document type: 'Caste Certificate'
2026-08-22 16:47:53,489  [INFO    ]  doc_uploader - Selected by visible text: 'Caste Certificate'
2026-08-22 16:47:53,489  [INFO    ]  doc_uploader - Ensuring 'Plain extraction' is selected...
2026-08-22 16:47:58,934  [INFO    ]  doc_uploader - Clicked Plain extraction text element.
2026-08-22 16:47:58,934  [INFO    ]  doc_uploader - Uploading file: D:\ai_doc_automation\Test Data\Cast Certificate for Testing\CastCertificate_9_page_0.png
2026-08-22 16:47:58,934  [INFO    ]  doc_uploader - File input found via JS querySelector.
2026-08-22 16:48:09,312  [INFO    ]  doc_uploader - Upload preview ready (submit button visible).
2026-08-22 16:48:19,396  [INFO    ]  doc_uploader - File uploaded successfully.
2026-08-22 16:48:19,396  [INFO    ]  doc_uploader - Pre-submit verification...
2026-08-22 16:48:39,630  [INFO    ]  doc_uploader - Clicking 'Submit to engine'...
2026-08-22 16:48:51,147  [INFO    ]  doc_uploader - Submitted to engine. Waiting for result...
2026-08-22 16:48:51,147  [INFO    ]  doc_uploader - Waiting for engine result (timeout=90s)...
2026-08-22 16:48:52,828  [INFO    ]  doc_uploader - Result appeared after 0s.
2026-08-22 16:48:53,936  [INFO    ]  doc_uploader - Screenshot saved: D:\ai_doc_automation\output\screenshots\20260822_164853_result_CastCertificate_9_page_0.png.png
2026-08-22 16:48:53,936  [INFO    ]  result_parser - Reading verdict from Overview tab...
2026-08-22 16:49:30,537  [INFO    ]  result_parser - Verdict: SUCCESS (from verdict card)
2026-08-22 16:49:30,537  [INFO    ]  result_parser - Clicking Extraction tab...
2026-08-22 16:49:32,420  [INFO    ]  result_parser - On Extraction tab.
2026-08-22 16:49:32,420  [INFO    ]  result_parser - JS parse: 8 fields
2026-08-22 16:49:32,524  [INFO    ]  doc_uploader - Screenshot saved: D:\ai_doc_automation\output\screenshots\20260822_164932_extracted_CastCertificate_9_page_0.png.png
2026-08-22 16:49:32,893  [INFO    ]  main - [OK] CastCertificate_9_page_0.png: SUCCESS (60.5s)
2026-08-22 16:49:32,893  [INFO    ]  doc_uploader - Resetting form for next submission...
2026-08-22 16:49:34,768  [INFO    ]  doc_uploader - New submission clicked — form reset.
2026-08-22 16:49:34,788  [INFO    ]  doc_uploader - Upload form is ready for next document.
2026-08-22 16:49:34,789  [INFO    ]  main - 
[121/150] D:\ai_doc_automation\Test Data\Residence Certificate for Testing\ResidenceCertificate_29_page_0.png
2026-08-22 16:49:34,790  [INFO    ]  main - ============================================================
2026-08-22 16:49:34,790  [INFO    ]  main - Processing [121/150]: ResidenceCertificate_29_page_0.png  |  Residence Certificate  |  Attempt 1
2026-08-22 16:49:34,791  [INFO    ]  main - ============================================================
2026-08-22 16:49:35,087  [INFO    ]  doc_uploader - Selecting document type: 'Residence Certificate'
2026-08-22 16:49:35,174  [INFO    ]  doc_uploader - Selected by visible text: 'Residence Certificate'
2026-08-22 16:49:35,174  [INFO    ]  doc_uploader - Ensuring 'Plain extraction' is selected...
2026-08-22 16:49:40,602  [INFO    ]  doc_uploader - Clicked Plain extraction text element.
2026-08-22 16:49:40,645  [INFO    ]  doc_uploader - Uploading file: D:\ai_doc_automation\Test Data\Residence Certificate for Testing\ResidenceCertificate_29_page_0.png
2026-08-22 16:49:40,652  [INFO    ]  doc_uploader - File input found via JS querySelector.
2026-08-22 16:49:51,035  [INFO    ]  doc_uploader - Upload preview ready (submit button visible).
2026-08-22 16:50:01,064  [INFO    ]  doc_uploader - File uploaded successfully.
2026-08-22 16:50:01,064  [INFO    ]  doc_uploader - Pre-submit verification...
2026-08-22 16:50:21,366  [INFO    ]  doc_uploader - Clicking 'Submit to engine'...
2026-08-22 16:50:32,803  [INFO    ]  doc_uploader - Submitted to engine. Waiting for result...
2026-08-22 16:50:32,803  [INFO    ]  doc_uploader - Waiting for engine result (timeout=90s)...
2026-08-22 16:50:32,817  [INFO    ]  doc_uploader - Result appeared after 0s.
2026-08-22 16:50:33,915  [INFO    ]  doc_uploader - Screenshot saved: D:\ai_doc_automation\output\screenshots\20260822_165033_result_ResidenceCertificate_29_page_0.png.png
2026-08-22 16:50:33,915  [INFO    ]  result_parser - Reading verdict from Overview tab...
2026-08-22 16:51:10,552  [INFO    ]  result_parser - Verdict: SUCCESS (from verdict card)
2026-08-22 16:51:10,552  [INFO    ]  result_parser - Clicking Extraction tab...
2026-08-22 16:51:12,425  [INFO    ]  result_parser - On Extraction tab.
2026-08-22 16:51:12,436  [INFO    ]  result_parser - JS parse: 7 fields
2026-08-22 16:51:12,527  [INFO    ]  doc_uploader - Screenshot saved: D:\ai_doc_automation\output\screenshots\20260822_165112_extracted_ResidenceCertificate_29_page_0.png.png
2026-08-22 16:51:12,527  [INFO    ]  excel_writer - Created sheet: 'Residence Certificate'  headers: ['Filename', 'Document Type', 'Expected Status', 'Actual Status', 'Final Output', 'Error Message', 'Address', 'Applicant Name', 'Certificate Number', 'Father Name', 'Issue Date', 'Issuing Authority', 'Period Of Residence']
2026-08-22 16:51:12,918  [INFO    ]  main - [OK] ResidenceCertificate_29_page_0.png: SUCCESS (58.7s)
2026-08-22 16:51:12,918  [INFO    ]  doc_uploader - Resetting form for next submission...
2026-08-22 16:51:14,801  [INFO    ]  doc_uploader - New submission clicked — form reset.
2026-08-22 16:51:14,822  [INFO    ]  doc_uploader - Upload form is ready for next document.
2026-08-22 16:51:14,822  [INFO    ]  main - 
[122/150] D:\ai_doc_automation\Test Data\Residence Certificate for Testing\ResidenceCertificate_2_page_0.png
2026-08-22 16:51:14,823  [INFO    ]  main - ============================================================
2026-08-22 16:51:14,823  [INFO    ]  main - Processing [122/150]: ResidenceCertificate_2_page_0.png  |  Residence Certificate  |  Attempt 1
2026-08-22 16:51:14,823  [INFO    ]  main - ============================================================
2026-08-22 16:51:15,118  [INFO    ]  doc_uploader - Selecting document type: 'Residence Certificate'
2026-08-22 16:51:15,170  [INFO    ]  doc_uploader - Selected by visible text: 'Residence Certificate'
2026-08-22 16:51:15,170  [INFO    ]  doc_uploader - Ensuring 'Plain extraction' is selected...
2026-08-22 16:51:20,616  [INFO    ]  doc_uploader - Clicked Plain extraction text element.
2026-08-22 16:51:20,643  [INFO    ]  doc_uploader - Uploading file: D:\ai_doc_automation\Test Data\Residence Certificate for Testing\ResidenceCertificate_2_page_0.png
2026-08-22 16:51:20,664  [INFO    ]  doc_uploader - File input found via JS querySelector.
2026-08-22 16:51:31,059  [INFO    ]  doc_uploader - Upload preview ready (submit button visible).
2026-08-22 16:51:41,172  [INFO    ]  doc_uploader - File uploaded successfully.
2026-08-22 16:51:41,172  [INFO    ]  doc_uploader - Pre-submit verification...
2026-08-22 16:52:01,397  [INFO    ]  doc_uploader - Clicking 'Submit to engine'...
2026-08-22 16:52:12,846  [INFO    ]  doc_uploader - Submitted to engine. Waiting for result...
2026-08-22 16:52:12,851  [INFO    ]  doc_uploader - Waiting for engine result (timeout=90s)...
2026-08-22 16:52:14,796  [INFO    ]  doc_uploader - Result appeared after 0s.
2026-08-22 16:52:15,905  [INFO    ]  doc_uploader - Screenshot saved: D:\ai_doc_automation\output\screenshots\20260822_165215_result_ResidenceCertificate_2_page_0.png.png
2026-08-22 16:52:15,905  [INFO    ]  result_parser - Reading verdict from Overview tab...
2026-08-22 16:52:52,626  [INFO    ]  result_parser - Verdict: SUCCESS (from verdict card)
2026-08-22 16:52:52,626  [INFO    ]  result_parser - Clicking Extraction tab...
2026-08-22 16:52:54,491  [INFO    ]  result_parser - On Extraction tab.
2026-08-22 16:52:54,501  [INFO    ]  result_parser - JS parse: 7 fields
2026-08-22 16:52:54,602  [INFO    ]  doc_uploader - Screenshot saved: D:\ai_doc_automation\output\screenshots\20260822_165254_extracted_ResidenceCertificate_2_page_0.png.png
2026-08-22 16:52:54,996  [INFO    ]  main - [OK] ResidenceCertificate_2_page_0.png: SUCCESS (60.7s)
2026-08-22 16:52:54,996  [INFO    ]  doc_uploader - Resetting form for next submission...
2026-08-22 16:52:56,884  [INFO    ]  doc_uploader - New submission clicked — form reset.
2026-08-22 16:52:56,896  [INFO    ]  doc_uploader - Upload form is ready for next document.
2026-08-22 16:52:56,896  [INFO    ]  main - 
[123/150] D:\ai_doc_automation\Test Data\Residence Certificate for Testing\ResidenceCertificate_30_page_0.png
2026-08-22 16:52:56,896  [INFO    ]  main - ============================================================
2026-08-22 16:52:56,896  [INFO    ]  main - Processing [123/150]: ResidenceCertificate_30_page_0.png  |  Residence Certificate  |  Attempt 1
2026-08-22 16:52:56,896  [INFO    ]  main - ============================================================
2026-08-22 16:52:57,218  [INFO    ]  doc_uploader - Selecting document type: 'Residence Certificate'
2026-08-22 16:52:57,268  [INFO    ]  doc_uploader - Selected by visible text: 'Residence Certificate'
2026-08-22 16:52:57,268  [INFO    ]  doc_uploader - Ensuring 'Plain extraction' is selected...
2026-08-22 16:53:02,685  [INFO    ]  doc_uploader - Clicked Plain extraction text element.
2026-08-22 16:53:02,688  [INFO    ]  doc_uploader - Uploading file: D:\ai_doc_automation\Test Data\Residence Certificate for Testing\ResidenceCertificate_30_page_0.png
2026-08-22 16:53:02,696  [INFO    ]  doc_uploader - File input found via JS querySelector.
2026-08-22 16:53:13,142  [INFO    ]  doc_uploader - Upload preview ready (submit button visible).
2026-08-22 16:53:23,199  [INFO    ]  doc_uploader - File uploaded successfully.
2026-08-22 16:53:23,199  [INFO    ]  doc_uploader - Pre-submit verification...
2026-08-22 16:53:43,470  [INFO    ]  doc_uploader - Clicking 'Submit to engine'...
2026-08-22 16:53:54,937  [INFO    ]  doc_uploader - Submitted to engine. Waiting for result...
2026-08-22 16:53:54,937  [INFO    ]  doc_uploader - Waiting for engine result (timeout=90s)...
2026-08-22 16:53:57,233  [INFO    ]  doc_uploader - Result appeared after 0s.
2026-08-22 16:53:58,336  [INFO    ]  doc_uploader - Screenshot saved: D:\ai_doc_automation\output\screenshots\20260822_165358_result_ResidenceCertificate_30_page_0.png.png
2026-08-22 16:53:58,336  [INFO    ]  result_parser - Reading verdict from Overview tab...
2026-08-22 16:54:34,968  [INFO    ]  result_parser - Verdict: SUCCESS (from verdict card)
2026-08-22 16:54:34,968  [INFO    ]  result_parser - Clicking Extraction tab...
2026-08-22 16:54:36,842  [INFO    ]  result_parser - On Extraction tab.
2026-08-22 16:54:36,846  [INFO    ]  result_parser - JS parse: 7 fields
2026-08-22 16:54:36,995  [INFO    ]  doc_uploader - Screenshot saved: D:\ai_doc_automation\output\screenshots\20260822_165436_extracted_ResidenceCertificate_30_page_0.png.png
2026-08-22 16:54:37,411  [INFO    ]  main - [OK] ResidenceCertificate_30_page_0.png: SUCCESS (61.0s)
2026-08-22 16:54:37,411  [INFO    ]  doc_uploader - Resetting form for next submission...
2026-08-22 16:54:39,292  [INFO    ]  doc_uploader - New submission clicked — form reset.
2026-08-22 16:54:39,315  [INFO    ]  doc_uploader - Upload form is ready for next document.
2026-08-22 16:54:39,315  [INFO    ]  main - 
[124/150] D:\ai_doc_automation\Test Data\Residence Certificate for Testing\ResidenceCertificate_31_page_0.png
2026-08-22 16:54:39,315  [INFO    ]  main - ============================================================
2026-08-22 16:54:39,315  [INFO    ]  main - Processing [124/150]: ResidenceCertificate_31_page_0.png  |  Residence Certificate  |  Attempt 1
2026-08-22 16:54:39,315  [INFO    ]  main - ============================================================
2026-08-22 16:54:39,579  [INFO    ]  doc_uploader - Pre-upload check: expecting REJECT for ResidenceCertificate_31_page_0.png — File size 10.28MB exceeds 5MB limit
2026-08-22 16:54:39,579  [INFO    ]  doc_uploader - Selecting document type: 'Residence Certificate'
2026-08-22 16:54:39,633  [INFO    ]  doc_uploader - Selected by visible text: 'Residence Certificate'
2026-08-22 16:54:39,634  [INFO    ]  doc_uploader - Ensuring 'Plain extraction' is selected...
2026-08-22 16:54:45,077  [INFO    ]  doc_uploader - Clicked Plain extraction text element.
2026-08-22 16:54:45,077  [INFO    ]  doc_uploader - Uploading file: D:\ai_doc_automation\Test Data\Residence Certificate for Testing\ResidenceCertificate_31_page_0.png
2026-08-22 16:54:45,088  [INFO    ]  doc_uploader - File input found via JS querySelector.
2026-08-22 16:54:55,473  [INFO    ]  doc_uploader - Upload preview ready (submit button visible).
2026-08-22 16:55:05,553  [INFO    ]  doc_uploader - File uploaded successfully.
2026-08-22 16:55:05,553  [INFO    ]  doc_uploader - Pre-submit verification...
2026-08-22 16:55:25,796  [INFO    ]  doc_uploader - Clicking 'Submit to engine'...
2026-08-22 16:55:37,306  [INFO    ]  doc_uploader - Submitted to engine. Waiting for result...
2026-08-22 16:55:37,306  [INFO    ]  doc_uploader - Waiting for engine result (timeout=90s)...
2026-08-22 16:55:43,195  [WARNING ]  doc_uploader - Upload error detected via XPath: Upload a JPEG, PNG, WebP, or PDF document up to 5 MB.
2026-08-22 16:55:43,196  [WARNING ]  doc_uploader - Upload rejection banner detected during wait: Upload a JPEG, PNG, WebP, or PDF document up to 5 MB.
2026-08-22 16:55:43,196  [WARNING ]  main - File upload rejected for ResidenceCertificate_31_page_0.png: Upload a JPEG, PNG, WebP, or PDF document up to 5 MB.
2026-08-22 16:55:43,368  [INFO    ]  doc_uploader - Screenshot saved: D:\ai_doc_automation\output\screenshots\20260822_165543_upload_rejected_ResidenceCertificate_31_page_0.png.png
2026-08-22 16:55:43,763  [INFO    ]  main - [FAIL] ResidenceCertificate_31_page_0.png: FAILED (63.6s)
2026-08-22 16:55:43,763  [INFO    ]  doc_uploader - Resetting form for next submission...
2026-08-22 16:55:54,400  [INFO    ]  doc_uploader - Navigating to Verify Document page to reset form.
2026-08-22 16:55:54,400  [INFO    ]  doc_uploader - Navigating to 'Verify Document' page...
2026-08-22 16:55:56,290  [INFO    ]  doc_uploader - On Verify Document page.
2026-08-22 16:55:56,313  [INFO    ]  doc_uploader - Upload form is ready for next document.
2026-08-22 16:55:56,314  [INFO    ]  main - 
[125/150] D:\ai_doc_automation\Test Data\Residence Certificate for Testing\ResidenceCertificate_32_page_0.png
2026-08-22 16:55:56,314  [INFO    ]  main - ============================================================
2026-08-22 16:55:56,314  [INFO    ]  main - Processing [125/150]: ResidenceCertificate_32_page_0.png  |  Residence Certificate  |  Attempt 1
2026-08-22 16:55:56,315  [INFO    ]  main - ============================================================
2026-08-22 16:55:56,595  [INFO    ]  doc_uploader - Selecting document type: 'Residence Certificate'
2026-08-22 16:55:56,686  [INFO    ]  doc_uploader - Selected by visible text: 'Residence Certificate'
2026-08-22 16:55:56,686  [INFO    ]  doc_uploader - Ensuring 'Plain extraction' is selected...
2026-08-22 16:56:02,086  [INFO    ]  doc_uploader - Clicked Plain extraction text element.
2026-08-22 16:56:02,086  [INFO    ]  doc_uploader - Uploading file: D:\ai_doc_automation\Test Data\Residence Certificate for Testing\ResidenceCertificate_32_page_0.png
2026-08-22 16:56:02,093  [INFO    ]  doc_uploader - File input found via JS querySelector.
2026-08-22 16:56:12,504  [INFO    ]  doc_uploader - Upload preview ready (submit button visible).
2026-08-22 16:56:22,588  [INFO    ]  doc_uploader - File uploaded successfully.
2026-08-22 16:56:22,588  [INFO    ]  doc_uploader - Pre-submit verification...
2026-08-22 16:56:32,696  [WARNING ]  doc_uploader - Dropdown mismatch! Expected 'Residence Certificate', found 'Aadhaar Card'. Re-selecting.
2026-08-22 16:56:32,696  [INFO    ]  doc_uploader - Selecting document type: 'Residence Certificate'
2026-08-22 16:56:32,775  [INFO    ]  doc_uploader - Selected by visible text: 'Residence Certificate'
2026-08-22 16:56:42,872  [INFO    ]  doc_uploader - Clicking 'Submit to engine'...
2026-08-22 16:56:54,329  [INFO    ]  doc_uploader - Submitted to engine. Waiting for result...
2026-08-22 16:56:54,329  [INFO    ]  doc_uploader - Waiting for engine result (timeout=90s)...
2026-08-22 16:56:54,809  [INFO    ]  doc_uploader - Result appeared after 0s.
2026-08-22 16:56:55,935  [INFO    ]  doc_uploader - Screenshot saved: D:\ai_doc_automation\output\screenshots\20260822_165655_result_ResidenceCertificate_32_page_0.png.png
2026-08-22 16:56:55,937  [INFO    ]  result_parser - Reading verdict from Overview tab...
2026-08-22 16:57:32,560  [INFO    ]  result_parser - Verdict: SUCCESS (from verdict card)
2026-08-22 16:57:32,560  [INFO    ]  result_parser - Clicking Extraction tab...
2026-08-22 16:57:34,453  [INFO    ]  result_parser - On Extraction tab.
2026-08-22 16:57:34,453  [INFO    ]  result_parser - JS parse: 7 fields
2026-08-22 16:57:34,557  [INFO    ]  doc_uploader - Screenshot saved: D:\ai_doc_automation\output\screenshots\20260822_165734_extracted_ResidenceCertificate_32_page_0.png.png
2026-08-22 16:57:35,251  [INFO    ]  main - [OK] ResidenceCertificate_32_page_0.png: SUCCESS (59.2s)
2026-08-22 16:57:35,251  [INFO    ]  doc_uploader - Resetting form for next submission...
2026-08-22 16:57:37,132  [INFO    ]  doc_uploader - New submission clicked — form reset.
2026-08-22 16:57:37,156  [INFO    ]  doc_uploader - Upload form is ready for next document.
2026-08-22 16:57:37,156  [INFO    ]  main - 
[126/150] D:\ai_doc_automation\Test Data\Residence Certificate for Testing\ResidenceCertificate_33_page_0.png
2026-08-22 16:57:37,156  [INFO    ]  main - ============================================================
2026-08-22 16:57:37,156  [INFO    ]  main - Processing [126/150]: ResidenceCertificate_33_page_0.png  |  Residence Certificate  |  Attempt 1
2026-08-22 16:57:37,160  [INFO    ]  main - ============================================================
2026-08-22 16:57:37,483  [INFO    ]  doc_uploader - Selecting document type: 'Residence Certificate'
2026-08-22 16:57:37,531  [INFO    ]  doc_uploader - Selected by visible text: 'Residence Certificate'
2026-08-22 16:57:37,531  [INFO    ]  doc_uploader - Ensuring 'Plain extraction' is selected...
2026-08-22 16:57:42,938  [INFO    ]  doc_uploader - Clicked Plain extraction text element.
2026-08-22 16:57:42,938  [INFO    ]  doc_uploader - Uploading file: D:\ai_doc_automation\Test Data\Residence Certificate for Testing\ResidenceCertificate_33_page_0.png
2026-08-22 16:57:42,938  [INFO    ]  doc_uploader - File input found via JS querySelector.
2026-08-22 16:57:53,364  [INFO    ]  doc_uploader - Upload preview ready (submit button visible).
2026-08-22 16:58:03,411  [INFO    ]  doc_uploader - File uploaded successfully.
2026-08-22 16:58:03,411  [INFO    ]  doc_uploader - Pre-submit verification...
2026-08-22 16:58:23,663  [INFO    ]  doc_uploader - Clicking 'Submit to engine'...
2026-08-22 16:58:35,165  [INFO    ]  doc_uploader - Submitted to engine. Waiting for result...
2026-08-22 16:58:35,165  [INFO    ]  doc_uploader - Waiting for engine result (timeout=90s)...
2026-08-22 16:58:37,176  [INFO    ]  doc_uploader - Result appeared after 0s.
2026-08-22 16:58:38,280  [INFO    ]  doc_uploader - Screenshot saved: D:\ai_doc_automation\output\screenshots\20260822_165838_result_ResidenceCertificate_33_page_0.png.png
2026-08-22 16:58:38,280  [INFO    ]  result_parser - Reading verdict from Overview tab...
2026-08-22 16:59:14,921  [INFO    ]  result_parser - Verdict: SUCCESS (from verdict card)
2026-08-22 16:59:14,921  [INFO    ]  result_parser - Clicking Extraction tab...
2026-08-22 16:59:16,792  [INFO    ]  result_parser - On Extraction tab.
2026-08-22 16:59:16,803  [INFO    ]  result_parser - JS parse: 7 fields
2026-08-22 16:59:16,953  [INFO    ]  doc_uploader - Screenshot saved: D:\ai_doc_automation\output\screenshots\20260822_165916_extracted_ResidenceCertificate_33_page_0.png.png
2026-08-22 16:59:17,438  [INFO    ]  main - [OK] ResidenceCertificate_33_page_0.png: SUCCESS (60.7s)
2026-08-22 16:59:17,438  [INFO    ]  doc_uploader - Resetting form for next submission...
2026-08-22 16:59:19,316  [INFO    ]  doc_uploader - New submission clicked — form reset.
2026-08-22 16:59:19,322  [INFO    ]  doc_uploader - Upload form is ready for next document.
2026-08-22 16:59:19,337  [INFO    ]  main - 
[127/150] D:\ai_doc_automation\Test Data\Residence Certificate for Testing\ResidenceCertificate_34_page_0.png
2026-08-22 16:59:19,337  [INFO    ]  main - ============================================================
2026-08-22 16:59:19,338  [INFO    ]  main - Processing [127/150]: ResidenceCertificate_34_page_0.png  |  Residence Certificate  |  Attempt 1
2026-08-22 16:59:19,338  [INFO    ]  main - ============================================================
2026-08-22 16:59:19,627  [INFO    ]  doc_uploader - Selecting document type: 'Residence Certificate'
2026-08-22 16:59:19,673  [INFO    ]  doc_uploader - Selected by visible text: 'Residence Certificate'
2026-08-22 16:59:19,674  [INFO    ]  doc_uploader - Ensuring 'Plain extraction' is selected...
2026-08-22 16:59:25,094  [INFO    ]  doc_uploader - Clicked Plain extraction text element.
2026-08-22 16:59:25,130  [INFO    ]  doc_uploader - Uploading file: D:\ai_doc_automation\Test Data\Residence Certificate for Testing\ResidenceCertificate_34_page_0.png
2026-08-22 16:59:25,130  [INFO    ]  doc_uploader - File input found via JS querySelector.
2026-08-22 16:59:35,506  [INFO    ]  doc_uploader - Upload preview ready (submit button visible).
2026-08-22 16:59:45,558  [INFO    ]  doc_uploader - File uploaded successfully.
2026-08-22 16:59:45,558  [INFO    ]  doc_uploader - Pre-submit verification...
2026-08-22 17:00:05,817  [INFO    ]  doc_uploader - Clicking 'Submit to engine'...
2026-08-22 17:00:17,300  [INFO    ]  doc_uploader - Submitted to engine. Waiting for result...
2026-08-22 17:00:17,300  [INFO    ]  doc_uploader - Waiting for engine result (timeout=90s)...
2026-08-22 17:00:20,183  [INFO    ]  doc_uploader - Result appeared after 0s.
2026-08-22 17:00:21,289  [INFO    ]  doc_uploader - Screenshot saved: D:\ai_doc_automation\output\screenshots\20260822_170021_result_ResidenceCertificate_34_page_0.png.png
2026-08-22 17:00:21,289  [INFO    ]  result_parser - Reading verdict from Overview tab...
2026-08-22 17:00:31,459  [INFO    ]  result_parser - Pipeline failure reason captured: VERIFAI — Document Intelligence — Dashboard — Verify Document — Plain Extraction — Golden Record — Document Linking — Transactions — API Playground — Settings — About — Collapse menu — AI DOCUMENT VERIFICATION ENGINE — Plain extraction — Backend online — AE — TRANSACTION COMPLETE — Pipeline failure result — TXN-20260822-2281772236 — Copy ID — New submission — PIPELINE FAILURE · DOCUMENT_TYPE_MISMATCH — Document type mismatch — Requested document type: — Expected document — Residence Certificate — Detected document — Caste Certificate — Overview — Raw JSON — OVERALL VERDICT — FAILED — SUCCESS — DOCUMENT TYPE — Residence CertificateProcessing time not returned — QR CODE RESULTS — No QR code detected. QR presence is optional and does not indicate document validity.
2026-08-22 17:00:31,459  [INFO    ]  result_parser - Verdict: FAILED (Pipeline Failure banner detected: VERIFAI — Document Intelligence — Dashboard — Verify Document — Plain Extraction — Golden Record — Document Linking — Transactions — API Playground — Settings — About — Collapse menu — AI DOCUMENT VERIFICATION ENGINE — Plain extraction — Backend online — AE — TRANSACTION COMPLETE — Pipeline failure result — TXN-20260822-2281772236 — Copy ID — New submission — PIPELINE FAILURE · DOCUMENT_TYPE_MISMATCH — Document type mismatch — Requested document type: — Expected document — Residence Certificate )
2026-08-22 17:00:31,459  [INFO    ]  result_parser - Skipping extraction (status=FAILED).
2026-08-22 17:00:31,866  [INFO    ]  main - [FAIL] ResidenceCertificate_34_page_0.png: FAILED (61.6s)
2026-08-22 17:00:31,867  [INFO    ]  doc_uploader - Resetting form for next submission...
2026-08-22 17:00:33,736  [INFO    ]  doc_uploader - New submission clicked — form reset.
2026-08-22 17:00:33,755  [INFO    ]  doc_uploader - Upload form is ready for next document.
2026-08-22 17:00:33,755  [INFO    ]  main - 
[128/150] D:\ai_doc_automation\Test Data\Residence Certificate for Testing\ResidenceCertificate_35_page_0.png
2026-08-22 17:00:33,755  [INFO    ]  main - ============================================================
2026-08-22 17:00:33,755  [INFO    ]  main - Processing [128/150]: ResidenceCertificate_35_page_0.png  |  Residence Certificate  |  Attempt 1
2026-08-22 17:00:33,755  [INFO    ]  main - ============================================================
2026-08-22 17:00:33,997  [INFO    ]  doc_uploader - Selecting document type: 'Residence Certificate'
2026-08-22 17:00:34,048  [INFO    ]  doc_uploader - Selected by visible text: 'Residence Certificate'
2026-08-22 17:00:34,048  [INFO    ]  doc_uploader - Ensuring 'Plain extraction' is selected...
2026-08-22 17:00:39,440  [INFO    ]  doc_uploader - Clicked Plain extraction text element.
2026-08-22 17:00:39,440  [INFO    ]  doc_uploader - Uploading file: D:\ai_doc_automation\Test Data\Residence Certificate for Testing\ResidenceCertificate_35_page_0.png
2026-08-22 17:00:39,440  [INFO    ]  doc_uploader - File input found via JS querySelector.
2026-08-22 17:00:49,854  [INFO    ]  doc_uploader - Upload preview ready (submit button visible).
2026-08-22 17:00:59,977  [INFO    ]  doc_uploader - File uploaded successfully.
2026-08-22 17:00:59,977  [INFO    ]  doc_uploader - Pre-submit verification...
2026-08-22 17:01:20,238  [INFO    ]  doc_uploader - Clicking 'Submit to engine'...
2026-08-22 17:01:31,696  [INFO    ]  doc_uploader - Submitted to engine. Waiting for result...
2026-08-22 17:01:31,696  [INFO    ]  doc_uploader - Waiting for engine result (timeout=90s)...
2026-08-22 17:01:33,035  [INFO    ]  doc_uploader - Result appeared after 0s.
2026-08-22 17:01:34,154  [INFO    ]  doc_uploader - Screenshot saved: D:\ai_doc_automation\output\screenshots\20260822_170134_result_ResidenceCertificate_35_page_0.png.png
2026-08-22 17:01:34,154  [INFO    ]  result_parser - Reading verdict from Overview tab...
2026-08-22 17:02:10,721  [INFO    ]  result_parser - Verdict: SUCCESS (from verdict card)
2026-08-22 17:02:10,721  [INFO    ]  result_parser - Clicking Extraction tab...
2026-08-22 17:02:12,619  [INFO    ]  result_parser - On Extraction tab.
2026-08-22 17:02:12,619  [INFO    ]  result_parser - JS parse: 7 fields
2026-08-22 17:02:12,745  [INFO    ]  doc_uploader - Screenshot saved: D:\ai_doc_automation\output\screenshots\20260822_170212_extracted_ResidenceCertificate_35_page_0.png.png
2026-08-22 17:02:13,158  [INFO    ]  main - [OK] ResidenceCertificate_35_page_0.png: SUCCESS (60.0s)
2026-08-22 17:02:13,158  [INFO    ]  doc_uploader - Resetting form for next submission...
2026-08-22 17:02:15,031  [INFO    ]  doc_uploader - New submission clicked — form reset.
2026-08-22 17:02:15,062  [INFO    ]  doc_uploader - Upload form is ready for next document.
2026-08-22 17:02:15,064  [INFO    ]  main - 
[129/150] D:\ai_doc_automation\Test Data\Residence Certificate for Testing\ResidenceCertificate_36_page_0.png
2026-08-22 17:02:15,064  [INFO    ]  main - ============================================================
2026-08-22 17:02:15,064  [INFO    ]  main - Processing [129/150]: ResidenceCertificate_36_page_0.png  |  Residence Certificate  |  Attempt 1
2026-08-22 17:02:15,064  [INFO    ]  main - ============================================================
2026-08-22 17:02:15,377  [INFO    ]  doc_uploader - Selecting document type: 'Residence Certificate'
2026-08-22 17:02:15,444  [INFO    ]  doc_uploader - Selected by visible text: 'Residence Certificate'
2026-08-22 17:02:15,444  [INFO    ]  doc_uploader - Ensuring 'Plain extraction' is selected...
2026-08-22 17:02:20,850  [INFO    ]  doc_uploader - Clicked Plain extraction text element.
2026-08-22 17:02:20,850  [INFO    ]  doc_uploader - Uploading file: D:\ai_doc_automation\Test Data\Residence Certificate for Testing\ResidenceCertificate_36_page_0.png
2026-08-22 17:02:20,856  [INFO    ]  doc_uploader - File input found via JS querySelector.
2026-08-22 17:02:31,258  [INFO    ]  doc_uploader - Upload preview ready (submit button visible).
2026-08-22 17:02:41,276  [INFO    ]  doc_uploader - File uploaded successfully.
2026-08-22 17:02:41,276  [INFO    ]  doc_uploader - Pre-submit verification...
2026-08-22 17:03:01,502  [INFO    ]  doc_uploader - Clicking 'Submit to engine'...
2026-08-22 17:03:12,995  [INFO    ]  doc_uploader - Submitted to engine. Waiting for result...
2026-08-22 17:03:12,995  [INFO    ]  doc_uploader - Waiting for engine result (timeout=90s)...
2026-08-22 17:03:14,920  [INFO    ]  doc_uploader - Result appeared after 0s.
2026-08-22 17:03:16,044  [INFO    ]  doc_uploader - Screenshot saved: D:\ai_doc_automation\output\screenshots\20260822_170315_result_ResidenceCertificate_36_page_0.png.png
2026-08-22 17:03:16,044  [INFO    ]  result_parser - Reading verdict from Overview tab...
2026-08-22 17:03:52,695  [INFO    ]  result_parser - Verdict: SUCCESS (from verdict card)
2026-08-22 17:03:52,695  [INFO    ]  result_parser - Clicking Extraction tab...
2026-08-22 17:03:54,571  [INFO    ]  result_parser - On Extraction tab.
2026-08-22 17:03:54,574  [INFO    ]  result_parser - JS parse: 7 fields
2026-08-22 17:03:54,670  [INFO    ]  doc_uploader - Screenshot saved: D:\ai_doc_automation\output\screenshots\20260822_170354_extracted_ResidenceCertificate_36_page_0.png.png
2026-08-22 17:03:55,091  [INFO    ]  main - [OK] ResidenceCertificate_36_page_0.png: SUCCESS (60.5s)
2026-08-22 17:03:55,091  [INFO    ]  doc_uploader - Resetting form for next submission...
2026-08-22 17:03:56,966  [INFO    ]  doc_uploader - New submission clicked — form reset.
2026-08-22 17:03:56,987  [INFO    ]  doc_uploader - Upload form is ready for next document.
2026-08-22 17:03:56,987  [INFO    ]  main - 
[130/150] D:\ai_doc_automation\Test Data\Residence Certificate for Testing\ResidenceCertificate_37_page_0.png
2026-08-22 17:03:56,987  [INFO    ]  main - ============================================================
2026-08-22 17:03:56,987  [INFO    ]  main - Processing [130/150]: ResidenceCertificate_37_page_0.png  |  Residence Certificate  |  Attempt 1
2026-08-22 17:03:56,987  [INFO    ]  main - ============================================================
2026-08-22 17:03:57,292  [INFO    ]  doc_uploader - Selecting document type: 'Residence Certificate'
2026-08-22 17:03:57,345  [INFO    ]  doc_uploader - Selected by visible text: 'Residence Certificate'
2026-08-22 17:03:57,346  [INFO    ]  doc_uploader - Ensuring 'Plain extraction' is selected...
2026-08-22 17:04:02,786  [INFO    ]  doc_uploader - Clicked Plain extraction text element.
2026-08-22 17:04:02,786  [INFO    ]  doc_uploader - Uploading file: D:\ai_doc_automation\Test Data\Residence Certificate for Testing\ResidenceCertificate_37_page_0.png
2026-08-22 17:04:02,796  [INFO    ]  doc_uploader - File input found via JS querySelector.
2026-08-22 17:04:13,264  [INFO    ]  doc_uploader - Upload preview ready (submit button visible).
2026-08-22 17:04:23,313  [INFO    ]  doc_uploader - File uploaded successfully.
2026-08-22 17:04:23,313  [INFO    ]  doc_uploader - Pre-submit verification...
2026-08-22 17:04:43,493  [INFO    ]  doc_uploader - Clicking 'Submit to engine'...
2026-08-22 17:04:54,995  [INFO    ]  doc_uploader - Submitted to engine. Waiting for result...
2026-08-22 17:04:54,995  [INFO    ]  doc_uploader - Waiting for engine result (timeout=90s)...
2026-08-22 17:04:57,329  [INFO    ]  doc_uploader - Result appeared after 0s.
2026-08-22 17:04:58,444  [INFO    ]  doc_uploader - Screenshot saved: D:\ai_doc_automation\output\screenshots\20260822_170458_result_ResidenceCertificate_37_page_0.png.png
2026-08-22 17:04:58,444  [INFO    ]  result_parser - Reading verdict from Overview tab...
2026-08-22 17:05:35,059  [INFO    ]  result_parser - Verdict: SUCCESS (from verdict card)
2026-08-22 17:05:35,059  [INFO    ]  result_parser - Clicking Extraction tab...
2026-08-22 17:05:36,926  [INFO    ]  result_parser - On Extraction tab.
2026-08-22 17:05:36,926  [INFO    ]  result_parser - JS parse: 7 fields
2026-08-22 17:05:37,028  [INFO    ]  doc_uploader - Screenshot saved: D:\ai_doc_automation\output\screenshots\20260822_170536_extracted_ResidenceCertificate_37_page_0.png.png
2026-08-22 17:05:37,478  [INFO    ]  main - [OK] ResidenceCertificate_37_page_0.png: SUCCESS (61.1s)
2026-08-22 17:05:37,478  [INFO    ]  doc_uploader - Resetting form for next submission...
2026-08-22 17:05:39,345  [INFO    ]  doc_uploader - New submission clicked — form reset.
2026-08-22 17:05:39,371  [INFO    ]  doc_uploader - Upload form is ready for next document.
2026-08-22 17:05:39,371  [INFO    ]  main - 
[131/150] D:\ai_doc_automation\Test Data\Residence Certificate for Testing\ResidenceCertificate_38_page_0.png
2026-08-22 17:05:39,371  [INFO    ]  main - ============================================================
2026-08-22 17:05:39,371  [INFO    ]  main - Processing [131/150]: ResidenceCertificate_38_page_0.png  |  Residence Certificate  |  Attempt 1
2026-08-22 17:05:39,371  [INFO    ]  main - ============================================================
2026-08-22 17:05:39,727  [INFO    ]  doc_uploader - Selecting document type: 'Residence Certificate'
2026-08-22 17:05:39,781  [INFO    ]  doc_uploader - Selected by visible text: 'Residence Certificate'
2026-08-22 17:05:39,781  [INFO    ]  doc_uploader - Ensuring 'Plain extraction' is selected...
2026-08-22 17:05:45,196  [INFO    ]  doc_uploader - Clicked Plain extraction text element.
2026-08-22 17:05:45,196  [INFO    ]  doc_uploader - Uploading file: D:\ai_doc_automation\Test Data\Residence Certificate for Testing\ResidenceCertificate_38_page_0.png
2026-08-22 17:05:45,202  [INFO    ]  doc_uploader - File input found via JS querySelector.
2026-08-22 17:05:55,582  [INFO    ]  doc_uploader - Upload preview ready (submit button visible).
2026-08-22 17:06:05,652  [INFO    ]  doc_uploader - File uploaded successfully.
2026-08-22 17:06:05,652  [INFO    ]  doc_uploader - Pre-submit verification...
2026-08-22 17:06:25,882  [INFO    ]  doc_uploader - Clicking 'Submit to engine'...
2026-08-22 17:06:37,363  [INFO    ]  doc_uploader - Submitted to engine. Waiting for result...
2026-08-22 17:06:37,363  [INFO    ]  doc_uploader - Waiting for engine result (timeout=90s)...
2026-08-22 17:06:38,707  [INFO    ]  doc_uploader - Result appeared after 0s.
2026-08-22 17:06:39,796  [INFO    ]  doc_uploader - Screenshot saved: D:\ai_doc_automation\output\screenshots\20260822_170639_result_ResidenceCertificate_38_page_0.png.png
2026-08-22 17:06:39,796  [INFO    ]  result_parser - Reading verdict from Overview tab...
2026-08-22 17:07:16,401  [INFO    ]  result_parser - Verdict: SUCCESS (from verdict card)
2026-08-22 17:07:16,401  [INFO    ]  result_parser - Clicking Extraction tab...
2026-08-22 17:07:18,280  [INFO    ]  result_parser - On Extraction tab.
2026-08-22 17:07:18,280  [INFO    ]  result_parser - JS parse: 7 fields
2026-08-22 17:07:18,384  [INFO    ]  doc_uploader - Screenshot saved: D:\ai_doc_automation\output\screenshots\20260822_170718_extracted_ResidenceCertificate_38_page_0.png.png
2026-08-22 17:07:18,775  [INFO    ]  main - [OK] ResidenceCertificate_38_page_0.png: SUCCESS (60.0s)
2026-08-22 17:07:18,775  [INFO    ]  doc_uploader - Resetting form for next submission...
2026-08-22 17:07:20,653  [INFO    ]  doc_uploader - New submission clicked — form reset.
2026-08-22 17:07:20,674  [INFO    ]  doc_uploader - Upload form is ready for next document.
2026-08-22 17:07:20,674  [INFO    ]  main - 
[132/150] D:\ai_doc_automation\Test Data\Residence Certificate for Testing\ResidenceCertificate_39_page_0.png
2026-08-22 17:07:20,674  [INFO    ]  main - ============================================================
2026-08-22 17:07:20,674  [INFO    ]  main - Processing [132/150]: ResidenceCertificate_39_page_0.png  |  Residence Certificate  |  Attempt 1
2026-08-22 17:07:20,674  [INFO    ]  main - ============================================================
2026-08-22 17:07:20,956  [INFO    ]  doc_uploader - Selecting document type: 'Residence Certificate'
2026-08-22 17:07:21,008  [INFO    ]  doc_uploader - Selected by visible text: 'Residence Certificate'
2026-08-22 17:07:21,009  [INFO    ]  doc_uploader - Ensuring 'Plain extraction' is selected...
2026-08-22 17:07:26,399  [INFO    ]  doc_uploader - Clicked Plain extraction text element.
2026-08-22 17:07:26,425  [INFO    ]  doc_uploader - Uploading file: D:\ai_doc_automation\Test Data\Residence Certificate for Testing\ResidenceCertificate_39_page_0.png
2026-08-22 17:07:26,438  [INFO    ]  doc_uploader - File input found via JS querySelector.
2026-08-22 17:07:36,899  [INFO    ]  doc_uploader - Upload preview ready (submit button visible).
2026-08-22 17:07:46,965  [INFO    ]  doc_uploader - File uploaded successfully.
2026-08-22 17:07:46,965  [INFO    ]  doc_uploader - Pre-submit verification...
2026-08-22 17:08:07,197  [INFO    ]  doc_uploader - Clicking 'Submit to engine'...
2026-08-22 17:08:18,650  [INFO    ]  doc_uploader - Submitted to engine. Waiting for result...
2026-08-22 17:08:18,650  [INFO    ]  doc_uploader - Waiting for engine result (timeout=90s)...
2026-08-22 17:08:20,916  [INFO    ]  doc_uploader - Result appeared after 0s.
2026-08-22 17:08:22,047  [INFO    ]  doc_uploader - Screenshot saved: D:\ai_doc_automation\output\screenshots\20260822_170821_result_ResidenceCertificate_39_page_0.png.png
2026-08-22 17:08:22,047  [INFO    ]  result_parser - Reading verdict from Overview tab...
2026-08-22 17:08:58,639  [INFO    ]  result_parser - Verdict: SUCCESS (from verdict card)
2026-08-22 17:08:58,639  [INFO    ]  result_parser - Clicking Extraction tab...
2026-08-22 17:09:00,519  [INFO    ]  result_parser - On Extraction tab.
2026-08-22 17:09:00,530  [INFO    ]  result_parser - JS parse: 7 fields
2026-08-22 17:09:00,627  [INFO    ]  doc_uploader - Screenshot saved: D:\ai_doc_automation\output\screenshots\20260822_170900_extracted_ResidenceCertificate_39_page_0.png.png
2026-08-22 17:09:01,038  [INFO    ]  main - [OK] ResidenceCertificate_39_page_0.png: SUCCESS (61.0s)
2026-08-22 17:09:01,038  [INFO    ]  doc_uploader - Resetting form for next submission...
2026-08-22 17:09:02,910  [INFO    ]  doc_uploader - New submission clicked — form reset.
2026-08-22 17:09:02,931  [INFO    ]  doc_uploader - Upload form is ready for next document.
2026-08-22 17:09:02,933  [INFO    ]  main - 
[133/150] D:\ai_doc_automation\Test Data\Residence Certificate for Testing\ResidenceCertificate_3_page_0.png
2026-08-22 17:09:02,933  [INFO    ]  main - ============================================================
2026-08-22 17:09:02,933  [INFO    ]  main - Processing [133/150]: ResidenceCertificate_3_page_0.png  |  Residence Certificate  |  Attempt 1
2026-08-22 17:09:02,933  [INFO    ]  main - ============================================================
2026-08-22 17:09:03,225  [INFO    ]  doc_uploader - Selecting document type: 'Residence Certificate'
2026-08-22 17:09:03,268  [INFO    ]  doc_uploader - Selected by visible text: 'Residence Certificate'
2026-08-22 17:09:03,268  [INFO    ]  doc_uploader - Ensuring 'Plain extraction' is selected...
2026-08-22 17:09:08,719  [INFO    ]  doc_uploader - Clicked Plain extraction text element.
2026-08-22 17:09:08,719  [INFO    ]  doc_uploader - Uploading file: D:\ai_doc_automation\Test Data\Residence Certificate for Testing\ResidenceCertificate_3_page_0.png
2026-08-22 17:09:08,719  [INFO    ]  doc_uploader - File input found via JS querySelector.
2026-08-22 17:09:19,120  [INFO    ]  doc_uploader - Upload preview ready (submit button visible).
2026-08-22 17:09:29,200  [INFO    ]  doc_uploader - File uploaded successfully.
2026-08-22 17:09:29,200  [INFO    ]  doc_uploader - Pre-submit verification...
2026-08-22 17:09:49,484  [INFO    ]  doc_uploader - Clicking 'Submit to engine'...
2026-08-22 17:10:00,969  [INFO    ]  doc_uploader - Submitted to engine. Waiting for result...
2026-08-22 17:10:00,969  [INFO    ]  doc_uploader - Waiting for engine result (timeout=90s)...
2026-08-22 17:10:01,711  [INFO    ]  doc_uploader - Result appeared after 0s.
2026-08-22 17:10:02,817  [INFO    ]  doc_uploader - Screenshot saved: D:\ai_doc_automation\output\screenshots\20260822_171002_result_ResidenceCertificate_3_page_0.png.png
2026-08-22 17:10:02,817  [INFO    ]  result_parser - Reading verdict from Overview tab...
2026-08-22 17:10:39,454  [INFO    ]  result_parser - Verdict: SUCCESS (from verdict card)
2026-08-22 17:10:39,454  [INFO    ]  result_parser - Clicking Extraction tab...
2026-08-22 17:10:41,315  [INFO    ]  result_parser - On Extraction tab.
2026-08-22 17:10:41,323  [INFO    ]  result_parser - JS parse: 7 fields
2026-08-22 17:10:41,449  [INFO    ]  doc_uploader - Screenshot saved: D:\ai_doc_automation\output\screenshots\20260822_171041_extracted_ResidenceCertificate_3_page_0.png.png
2026-08-22 17:10:41,849  [INFO    ]  main - [OK] ResidenceCertificate_3_page_0.png: SUCCESS (59.5s)
2026-08-22 17:10:41,849  [INFO    ]  doc_uploader - Resetting form for next submission...
2026-08-22 17:10:43,728  [INFO    ]  doc_uploader - New submission clicked — form reset.
2026-08-22 17:10:43,749  [INFO    ]  doc_uploader - Upload form is ready for next document.
2026-08-22 17:10:43,750  [INFO    ]  main - 
[134/150] D:\ai_doc_automation\Test Data\Residence Certificate for Testing\ResidenceCertificate_40_page_0.png
2026-08-22 17:10:43,750  [INFO    ]  main - ============================================================
2026-08-22 17:10:43,750  [INFO    ]  main - Processing [134/150]: ResidenceCertificate_40_page_0.png  |  Residence Certificate  |  Attempt 1
2026-08-22 17:10:43,750  [INFO    ]  main - ============================================================
2026-08-22 17:10:44,016  [INFO    ]  doc_uploader - Selecting document type: 'Residence Certificate'
2026-08-22 17:10:44,067  [INFO    ]  doc_uploader - Selected by visible text: 'Residence Certificate'
2026-08-22 17:10:44,067  [INFO    ]  doc_uploader - Ensuring 'Plain extraction' is selected...
2026-08-22 17:10:49,470  [INFO    ]  doc_uploader - Clicked Plain extraction text element.
2026-08-22 17:10:49,470  [INFO    ]  doc_uploader - Uploading file: D:\ai_doc_automation\Test Data\Residence Certificate for Testing\ResidenceCertificate_40_page_0.png
2026-08-22 17:10:49,470  [INFO    ]  doc_uploader - File input found via JS querySelector.
2026-08-22 17:10:59,926  [INFO    ]  doc_uploader - Upload preview ready (submit button visible).
2026-08-22 17:11:10,023  [INFO    ]  doc_uploader - File uploaded successfully.
2026-08-22 17:11:10,023  [INFO    ]  doc_uploader - Pre-submit verification...
2026-08-22 17:11:30,328  [INFO    ]  doc_uploader - Clicking 'Submit to engine'...
2026-08-22 17:11:41,820  [INFO    ]  doc_uploader - Submitted to engine. Waiting for result...
2026-08-22 17:11:41,820  [INFO    ]  doc_uploader - Waiting for engine result (timeout=90s)...
2026-08-22 17:12:07,066  [INFO    ]  doc_uploader - Result appeared after 25s.
2026-08-22 17:12:08,166  [INFO    ]  doc_uploader - Screenshot saved: D:\ai_doc_automation\output\screenshots\20260822_171208_result_ResidenceCertificate_40_page_0.png.png
2026-08-22 17:12:08,166  [INFO    ]  result_parser - Reading verdict from Overview tab...
2026-08-22 17:12:44,845  [INFO    ]  result_parser - Verdict: SUCCESS (from verdict card)
2026-08-22 17:12:44,845  [INFO    ]  result_parser - Clicking Extraction tab...
2026-08-22 17:12:46,718  [INFO    ]  result_parser - On Extraction tab.
2026-08-22 17:12:46,718  [INFO    ]  result_parser - JS parse: 7 fields
2026-08-22 17:12:46,828  [INFO    ]  doc_uploader - Screenshot saved: D:\ai_doc_automation\output\screenshots\20260822_171246_extracted_ResidenceCertificate_40_page_0.png.png
2026-08-22 17:12:47,299  [INFO    ]  main - [OK] ResidenceCertificate_40_page_0.png: SUCCESS (84.1s)
2026-08-22 17:12:47,299  [INFO    ]  doc_uploader - Resetting form for next submission...
2026-08-22 17:12:49,177  [INFO    ]  doc_uploader - New submission clicked — form reset.
2026-08-22 17:12:49,194  [INFO    ]  doc_uploader - Upload form is ready for next document.
2026-08-22 17:12:49,194  [INFO    ]  main - 
[135/150] D:\ai_doc_automation\Test Data\Residence Certificate for Testing\ResidenceCertificate_41_page_0.png
2026-08-22 17:12:49,194  [INFO    ]  main - ============================================================
2026-08-22 17:12:49,194  [INFO    ]  main - Processing [135/150]: ResidenceCertificate_41_page_0.png  |  Residence Certificate  |  Attempt 1
2026-08-22 17:12:49,194  [INFO    ]  main - ============================================================
2026-08-22 17:12:49,473  [INFO    ]  doc_uploader - Selecting document type: 'Residence Certificate'
2026-08-22 17:12:49,525  [INFO    ]  doc_uploader - Selected by visible text: 'Residence Certificate'
2026-08-22 17:12:49,526  [INFO    ]  doc_uploader - Ensuring 'Plain extraction' is selected...
2026-08-22 17:12:54,946  [INFO    ]  doc_uploader - Clicked Plain extraction text element.
2026-08-22 17:12:54,946  [INFO    ]  doc_uploader - Uploading file: D:\ai_doc_automation\Test Data\Residence Certificate for Testing\ResidenceCertificate_41_page_0.png
2026-08-22 17:12:54,946  [INFO    ]  doc_uploader - File input found via JS querySelector.
2026-08-22 17:13:05,410  [INFO    ]  doc_uploader - Upload preview ready (submit button visible).
2026-08-22 17:13:15,471  [INFO    ]  doc_uploader - File uploaded successfully.
2026-08-22 17:13:15,471  [INFO    ]  doc_uploader - Pre-submit verification...
2026-08-22 17:13:35,680  [INFO    ]  doc_uploader - Clicking 'Submit to engine'...
2026-08-22 17:13:47,203  [INFO    ]  doc_uploader - Submitted to engine. Waiting for result...
2026-08-22 17:13:47,203  [INFO    ]  doc_uploader - Waiting for engine result (timeout=90s)...
2026-08-22 17:13:50,269  [INFO    ]  doc_uploader - Result appeared after 0s.
2026-08-22 17:13:51,386  [INFO    ]  doc_uploader - Screenshot saved: D:\ai_doc_automation\output\screenshots\20260822_171351_result_ResidenceCertificate_41_page_0.png.png
2026-08-22 17:13:51,386  [INFO    ]  result_parser - Reading verdict from Overview tab...
2026-08-22 17:14:28,000  [INFO    ]  result_parser - Verdict: SUCCESS (from verdict card)
2026-08-22 17:14:28,000  [INFO    ]  result_parser - Clicking Extraction tab...
2026-08-22 17:14:29,879  [INFO    ]  result_parser - On Extraction tab.
2026-08-22 17:14:29,879  [INFO    ]  result_parser - JS parse: 7 fields
2026-08-22 17:14:29,996  [INFO    ]  doc_uploader - Screenshot saved: D:\ai_doc_automation\output\screenshots\20260822_171429_extracted_ResidenceCertificate_41_page_0.png.png
2026-08-22 17:14:30,425  [INFO    ]  main - [OK] ResidenceCertificate_41_page_0.png: SUCCESS (61.8s)
2026-08-22 17:14:30,425  [INFO    ]  doc_uploader - Resetting form for next submission...
2026-08-22 17:14:32,293  [INFO    ]  doc_uploader - New submission clicked — form reset.
2026-08-22 17:14:32,314  [INFO    ]  doc_uploader - Upload form is ready for next document.
2026-08-22 17:14:32,314  [INFO    ]  main - 
[136/150] D:\ai_doc_automation\Test Data\Residence Certificate for Testing\ResidenceCertificate_42_page_0.png
2026-08-22 17:14:32,315  [INFO    ]  main - ============================================================
2026-08-22 17:14:32,315  [INFO    ]  main - Processing [136/150]: ResidenceCertificate_42_page_0.png  |  Residence Certificate  |  Attempt 1
2026-08-22 17:14:32,315  [INFO    ]  main - ============================================================
2026-08-22 17:14:32,579  [INFO    ]  doc_uploader - Selecting document type: 'Residence Certificate'
2026-08-22 17:14:32,616  [INFO    ]  doc_uploader - Selected by visible text: 'Residence Certificate'
2026-08-22 17:14:32,616  [INFO    ]  doc_uploader - Ensuring 'Plain extraction' is selected...
2026-08-22 17:14:38,009  [INFO    ]  doc_uploader - Clicked Plain extraction text element.
2026-08-22 17:14:38,025  [INFO    ]  doc_uploader - Uploading file: D:\ai_doc_automation\Test Data\Residence Certificate for Testing\ResidenceCertificate_42_page_0.png
2026-08-22 17:14:38,028  [INFO    ]  doc_uploader - File input found via JS querySelector.
2026-08-22 17:14:48,408  [INFO    ]  doc_uploader - Upload preview ready (submit button visible).
2026-08-22 17:14:58,504  [INFO    ]  doc_uploader - File uploaded successfully.
2026-08-22 17:14:58,504  [INFO    ]  doc_uploader - Pre-submit verification...
2026-08-22 17:15:18,716  [INFO    ]  doc_uploader - Clicking 'Submit to engine'...
2026-08-22 17:15:30,239  [INFO    ]  doc_uploader - Submitted to engine. Waiting for result...
2026-08-22 17:15:30,239  [INFO    ]  doc_uploader - Waiting for engine result (timeout=90s)...
2026-08-22 17:15:31,984  [INFO    ]  doc_uploader - Result appeared after 0s.
2026-08-22 17:15:33,151  [INFO    ]  doc_uploader - Screenshot saved: D:\ai_doc_automation\output\screenshots\20260822_171532_result_ResidenceCertificate_42_page_0.png.png
2026-08-22 17:15:33,151  [INFO    ]  result_parser - Reading verdict from Overview tab...
2026-08-22 17:16:09,769  [INFO    ]  result_parser - Verdict: SUCCESS (from verdict card)
2026-08-22 17:16:09,769  [INFO    ]  result_parser - Clicking Extraction tab...
2026-08-22 17:16:11,674  [INFO    ]  result_parser - On Extraction tab.
2026-08-22 17:16:11,677  [INFO    ]  result_parser - JS parse: 7 fields
2026-08-22 17:16:11,784  [INFO    ]  doc_uploader - Screenshot saved: D:\ai_doc_automation\output\screenshots\20260822_171611_extracted_ResidenceCertificate_42_page_0.png.png
2026-08-22 17:16:12,236  [INFO    ]  main - [OK] ResidenceCertificate_42_page_0.png: SUCCESS (60.4s)
2026-08-22 17:16:12,236  [INFO    ]  doc_uploader - Resetting form for next submission...
2026-08-22 17:16:14,115  [INFO    ]  doc_uploader - New submission clicked — form reset.
2026-08-22 17:16:14,137  [INFO    ]  doc_uploader - Upload form is ready for next document.
2026-08-22 17:16:14,137  [INFO    ]  main - 
[137/150] D:\ai_doc_automation\Test Data\Residence Certificate for Testing\ResidenceCertificate_43_page_0.png
2026-08-22 17:16:14,137  [INFO    ]  main - ============================================================
2026-08-22 17:16:14,137  [INFO    ]  main - Processing [137/150]: ResidenceCertificate_43_page_0.png  |  Residence Certificate  |  Attempt 1
2026-08-22 17:16:14,137  [INFO    ]  main - ============================================================
2026-08-22 17:16:14,452  [INFO    ]  doc_uploader - Selecting document type: 'Residence Certificate'
2026-08-22 17:16:14,499  [INFO    ]  doc_uploader - Selected by visible text: 'Residence Certificate'
2026-08-22 17:16:14,499  [INFO    ]  doc_uploader - Ensuring 'Plain extraction' is selected...
2026-08-22 17:16:19,893  [INFO    ]  doc_uploader - Clicked Plain extraction text element.
2026-08-22 17:16:19,896  [INFO    ]  doc_uploader - Uploading file: D:\ai_doc_automation\Test Data\Residence Certificate for Testing\ResidenceCertificate_43_page_0.png
2026-08-22 17:16:19,905  [INFO    ]  doc_uploader - File input found via JS querySelector.
2026-08-22 17:16:30,360  [INFO    ]  doc_uploader - Upload preview ready (submit button visible).
2026-08-22 17:16:40,480  [INFO    ]  doc_uploader - File uploaded successfully.
2026-08-22 17:16:40,480  [INFO    ]  doc_uploader - Pre-submit verification...
2026-08-22 17:17:00,713  [INFO    ]  doc_uploader - Clicking 'Submit to engine'...
2026-08-22 17:17:12,150  [INFO    ]  doc_uploader - Submitted to engine. Waiting for result...
2026-08-22 17:17:12,151  [INFO    ]  doc_uploader - Waiting for engine result (timeout=90s)...
2026-08-22 17:17:14,181  [INFO    ]  doc_uploader - Result appeared after 0s.
2026-08-22 17:17:15,315  [INFO    ]  doc_uploader - Screenshot saved: D:\ai_doc_automation\output\screenshots\20260822_171715_result_ResidenceCertificate_43_page_0.png.png
2026-08-22 17:17:15,315  [INFO    ]  result_parser - Reading verdict from Overview tab...
2026-08-22 17:17:51,927  [INFO    ]  result_parser - Verdict: SUCCESS (from verdict card)
2026-08-22 17:17:51,927  [INFO    ]  result_parser - Clicking Extraction tab...
2026-08-22 17:17:53,803  [INFO    ]  result_parser - On Extraction tab.
2026-08-22 17:17:53,803  [INFO    ]  result_parser - JS parse: 7 fields
2026-08-22 17:17:53,916  [INFO    ]  doc_uploader - Screenshot saved: D:\ai_doc_automation\output\screenshots\20260822_171753_extracted_ResidenceCertificate_43_page_0.png.png
2026-08-22 17:17:54,367  [INFO    ]  main - [OK] ResidenceCertificate_43_page_0.png: SUCCESS (60.7s)
2026-08-22 17:17:54,367  [INFO    ]  doc_uploader - Resetting form for next submission...
2026-08-22 17:17:56,245  [INFO    ]  doc_uploader - New submission clicked — form reset.
2026-08-22 17:17:56,267  [INFO    ]  doc_uploader - Upload form is ready for next document.
2026-08-22 17:17:56,268  [INFO    ]  main - 
[138/150] D:\ai_doc_automation\Test Data\Residence Certificate for Testing\ResidenceCertificate_44_page_0.png
2026-08-22 17:17:56,268  [INFO    ]  main - ============================================================
2026-08-22 17:17:56,268  [INFO    ]  main - Processing [138/150]: ResidenceCertificate_44_page_0.png  |  Residence Certificate  |  Attempt 1
2026-08-22 17:17:56,268  [INFO    ]  main - ============================================================
2026-08-22 17:17:56,529  [INFO    ]  doc_uploader - Selecting document type: 'Residence Certificate'
2026-08-22 17:17:56,568  [INFO    ]  doc_uploader - Selected by visible text: 'Residence Certificate'
2026-08-22 17:17:56,568  [INFO    ]  doc_uploader - Ensuring 'Plain extraction' is selected...
2026-08-22 17:18:02,044  [INFO    ]  doc_uploader - Clicked Plain extraction text element.
2026-08-22 17:18:02,046  [INFO    ]  doc_uploader - Uploading file: D:\ai_doc_automation\Test Data\Residence Certificate for Testing\ResidenceCertificate_44_page_0.png
2026-08-22 17:18:02,054  [INFO    ]  doc_uploader - File input found via JS querySelector.
2026-08-22 17:18:12,464  [INFO    ]  doc_uploader - Upload preview ready (submit button visible).
2026-08-22 17:18:22,488  [INFO    ]  doc_uploader - File uploaded successfully.
2026-08-22 17:18:22,488  [INFO    ]  doc_uploader - Pre-submit verification...
2026-08-22 17:18:42,741  [INFO    ]  doc_uploader - Clicking 'Submit to engine'...
2026-08-22 17:18:54,260  [INFO    ]  doc_uploader - Submitted to engine. Waiting for result...
2026-08-22 17:18:54,260  [INFO    ]  doc_uploader - Waiting for engine result (timeout=90s)...
2026-08-22 17:18:54,726  [INFO    ]  doc_uploader - Result appeared after 0s.
2026-08-22 17:18:55,845  [INFO    ]  doc_uploader - Screenshot saved: D:\ai_doc_automation\output\screenshots\20260822_171855_result_ResidenceCertificate_44_page_0.png.png
2026-08-22 17:18:55,845  [INFO    ]  result_parser - Reading verdict from Overview tab...
2026-08-22 17:19:32,549  [INFO    ]  result_parser - Verdict: SUCCESS (from verdict card)
2026-08-22 17:19:32,549  [INFO    ]  result_parser - Clicking Extraction tab...
2026-08-22 17:19:34,436  [INFO    ]  result_parser - On Extraction tab.
2026-08-22 17:19:34,437  [INFO    ]  result_parser - JS parse: 7 fields
2026-08-22 17:19:34,537  [INFO    ]  doc_uploader - Screenshot saved: D:\ai_doc_automation\output\screenshots\20260822_171934_extracted_ResidenceCertificate_44_page_0.png.png
2026-08-22 17:19:34,937  [INFO    ]  main - [OK] ResidenceCertificate_44_page_0.png: SUCCESS (59.2s)
2026-08-22 17:19:34,937  [INFO    ]  doc_uploader - Resetting form for next submission...
2026-08-22 17:19:36,826  [INFO    ]  doc_uploader - New submission clicked — form reset.
2026-08-22 17:19:36,847  [INFO    ]  doc_uploader - Upload form is ready for next document.
2026-08-22 17:19:36,848  [INFO    ]  main - 
[139/150] D:\ai_doc_automation\Test Data\Residence Certificate for Testing\ResidenceCertificate_45_page_0.png
2026-08-22 17:19:36,848  [INFO    ]  main - ============================================================
2026-08-22 17:19:36,848  [INFO    ]  main - Processing [139/150]: ResidenceCertificate_45_page_0.png  |  Residence Certificate  |  Attempt 1
2026-08-22 17:19:36,848  [INFO    ]  main - ============================================================
2026-08-22 17:19:37,117  [INFO    ]  doc_uploader - Selecting document type: 'Residence Certificate'
2026-08-22 17:19:37,175  [INFO    ]  doc_uploader - Selected by visible text: 'Residence Certificate'
2026-08-22 17:19:37,175  [INFO    ]  doc_uploader - Ensuring 'Plain extraction' is selected...
2026-08-22 17:19:42,609  [INFO    ]  doc_uploader - Clicked Plain extraction text element.
2026-08-22 17:19:42,609  [INFO    ]  doc_uploader - Uploading file: D:\ai_doc_automation\Test Data\Residence Certificate for Testing\ResidenceCertificate_45_page_0.png
2026-08-22 17:19:42,616  [INFO    ]  doc_uploader - File input found via JS querySelector.
2026-08-22 17:19:53,045  [INFO    ]  doc_uploader - Upload preview ready (submit button visible).
2026-08-22 17:20:03,136  [INFO    ]  doc_uploader - File uploaded successfully.
2026-08-22 17:20:03,136  [INFO    ]  doc_uploader - Pre-submit verification...
2026-08-22 17:20:23,417  [INFO    ]  doc_uploader - Clicking 'Submit to engine'...
2026-08-22 17:20:34,895  [INFO    ]  doc_uploader - Submitted to engine. Waiting for result...
2026-08-22 17:20:34,895  [INFO    ]  doc_uploader - Waiting for engine result (timeout=90s)...
2026-08-22 17:20:35,239  [INFO    ]  doc_uploader - Result appeared after 0s.
2026-08-22 17:20:36,328  [INFO    ]  doc_uploader - Screenshot saved: D:\ai_doc_automation\output\screenshots\20260822_172036_result_ResidenceCertificate_45_page_0.png.png
2026-08-22 17:20:36,328  [INFO    ]  result_parser - Reading verdict from Overview tab...
2026-08-22 17:21:12,939  [INFO    ]  result_parser - Verdict: SUCCESS (from verdict card)
2026-08-22 17:21:12,939  [INFO    ]  result_parser - Clicking Extraction tab...
2026-08-22 17:21:14,813  [INFO    ]  result_parser - On Extraction tab.
2026-08-22 17:21:14,813  [INFO    ]  result_parser - JS parse: 7 fields
2026-08-22 17:21:14,953  [INFO    ]  doc_uploader - Screenshot saved: D:\ai_doc_automation\output\screenshots\20260822_172114_extracted_ResidenceCertificate_45_page_0.png.png
2026-08-22 17:21:15,384  [INFO    ]  main - [OK] ResidenceCertificate_45_page_0.png: SUCCESS (59.1s)
2026-08-22 17:21:15,384  [INFO    ]  doc_uploader - Resetting form for next submission...
2026-08-22 17:21:17,254  [INFO    ]  doc_uploader - New submission clicked — form reset.
2026-08-22 17:21:17,276  [INFO    ]  doc_uploader - Upload form is ready for next document.
2026-08-22 17:21:17,276  [INFO    ]  main - 
[140/150] D:\ai_doc_automation\Test Data\Residence Certificate for Testing\ResidenceCertificate_46_page_0.png
2026-08-22 17:21:17,276  [INFO    ]  main - ============================================================
2026-08-22 17:21:17,276  [INFO    ]  main - Processing [140/150]: ResidenceCertificate_46_page_0.png  |  Residence Certificate  |  Attempt 1
2026-08-22 17:21:17,276  [INFO    ]  main - ============================================================
2026-08-22 17:21:17,537  [INFO    ]  doc_uploader - Selecting document type: 'Residence Certificate'
2026-08-22 17:21:17,572  [INFO    ]  doc_uploader - Selected by visible text: 'Residence Certificate'
2026-08-22 17:21:17,572  [INFO    ]  doc_uploader - Ensuring 'Plain extraction' is selected...
2026-08-22 17:21:23,018  [INFO    ]  doc_uploader - Clicked Plain extraction text element.
2026-08-22 17:21:23,018  [INFO    ]  doc_uploader - Uploading file: D:\ai_doc_automation\Test Data\Residence Certificate for Testing\ResidenceCertificate_46_page_0.png
2026-08-22 17:21:23,024  [INFO    ]  doc_uploader - File input found via JS querySelector.
2026-08-22 17:21:33,480  [INFO    ]  doc_uploader - Upload preview ready (submit button visible).
2026-08-22 17:21:43,560  [INFO    ]  doc_uploader - File uploaded successfully.
2026-08-22 17:21:43,560  [INFO    ]  doc_uploader - Pre-submit verification...
2026-08-22 17:22:03,835  [INFO    ]  doc_uploader - Clicking 'Submit to engine'...
2026-08-22 17:22:15,336  [INFO    ]  doc_uploader - Submitted to engine. Waiting for result...
2026-08-22 17:22:15,336  [INFO    ]  doc_uploader - Waiting for engine result (timeout=90s)...
2026-08-22 17:22:16,936  [INFO    ]  doc_uploader - Result appeared after 0s.
2026-08-22 17:22:18,071  [INFO    ]  doc_uploader - Screenshot saved: D:\ai_doc_automation\output\screenshots\20260822_172217_result_ResidenceCertificate_46_page_0.png.png
2026-08-22 17:22:18,071  [INFO    ]  result_parser - Reading verdict from Overview tab...
2026-08-22 17:22:54,697  [INFO    ]  result_parser - Verdict: SUCCESS (from verdict card)
2026-08-22 17:22:54,697  [INFO    ]  result_parser - Clicking Extraction tab...
2026-08-22 17:22:56,583  [INFO    ]  result_parser - On Extraction tab.
2026-08-22 17:22:56,592  [INFO    ]  result_parser - JS parse: 7 fields
2026-08-22 17:22:56,692  [INFO    ]  doc_uploader - Screenshot saved: D:\ai_doc_automation\output\screenshots\20260822_172256_extracted_ResidenceCertificate_46_page_0.png.png
2026-08-22 17:22:57,122  [INFO    ]  main - [OK] ResidenceCertificate_46_page_0.png: SUCCESS (60.4s)
2026-08-22 17:22:57,122  [INFO    ]  doc_uploader - Resetting form for next submission...
2026-08-22 17:22:59,007  [INFO    ]  doc_uploader - New submission clicked — form reset.
2026-08-22 17:22:59,028  [INFO    ]  doc_uploader - Upload form is ready for next document.
2026-08-22 17:22:59,028  [INFO    ]  main - 
[141/150] D:\ai_doc_automation\Test Data\Residence Certificate for Testing\ResidenceCertificate_47_page_0.png
2026-08-22 17:22:59,028  [INFO    ]  main - ============================================================
2026-08-22 17:22:59,028  [INFO    ]  main - Processing [141/150]: ResidenceCertificate_47_page_0.png  |  Residence Certificate  |  Attempt 1
2026-08-22 17:22:59,028  [INFO    ]  main - ============================================================
2026-08-22 17:22:59,352  [INFO    ]  doc_uploader - Selecting document type: 'Residence Certificate'
2026-08-22 17:22:59,397  [INFO    ]  doc_uploader - Selected by visible text: 'Residence Certificate'
2026-08-22 17:22:59,397  [INFO    ]  doc_uploader - Ensuring 'Plain extraction' is selected...
2026-08-22 17:23:04,814  [INFO    ]  doc_uploader - Clicked Plain extraction text element.
2026-08-22 17:23:04,829  [INFO    ]  doc_uploader - Uploading file: D:\ai_doc_automation\Test Data\Residence Certificate for Testing\ResidenceCertificate_47_page_0.png
2026-08-22 17:23:04,829  [INFO    ]  doc_uploader - File input found via JS querySelector.
2026-08-22 17:23:15,246  [INFO    ]  doc_uploader - Upload preview ready (submit button visible).
2026-08-22 17:23:25,328  [INFO    ]  doc_uploader - File uploaded successfully.
2026-08-22 17:23:25,328  [INFO    ]  doc_uploader - Pre-submit verification...
2026-08-22 17:23:45,523  [INFO    ]  doc_uploader - Clicking 'Submit to engine'...
2026-08-22 17:23:56,951  [INFO    ]  doc_uploader - Submitted to engine. Waiting for result...
2026-08-22 17:23:56,951  [INFO    ]  doc_uploader - Waiting for engine result (timeout=90s)...
2026-08-22 17:23:59,294  [INFO    ]  doc_uploader - Result appeared after 0s.
2026-08-22 17:24:00,386  [INFO    ]  doc_uploader - Screenshot saved: D:\ai_doc_automation\output\screenshots\20260822_172400_result_ResidenceCertificate_47_page_0.png.png
2026-08-22 17:24:00,386  [INFO    ]  result_parser - Reading verdict from Overview tab...
2026-08-22 17:24:36,980  [INFO    ]  result_parser - Verdict: SUCCESS (from verdict card)
2026-08-22 17:24:36,980  [INFO    ]  result_parser - Clicking Extraction tab...
2026-08-22 17:24:38,862  [INFO    ]  result_parser - On Extraction tab.
2026-08-22 17:24:38,862  [INFO    ]  result_parser - JS parse: 7 fields
2026-08-22 17:24:38,961  [INFO    ]  doc_uploader - Screenshot saved: D:\ai_doc_automation\output\screenshots\20260822_172438_extracted_ResidenceCertificate_47_page_0.png.png
2026-08-22 17:24:39,403  [INFO    ]  main - [OK] ResidenceCertificate_47_page_0.png: SUCCESS (60.9s)
2026-08-22 17:24:39,403  [INFO    ]  doc_uploader - Resetting form for next submission...
2026-08-22 17:24:41,270  [INFO    ]  doc_uploader - New submission clicked — form reset.
2026-08-22 17:24:41,291  [INFO    ]  doc_uploader - Upload form is ready for next document.
2026-08-22 17:24:41,292  [INFO    ]  main - 
[142/150] D:\ai_doc_automation\Test Data\Residence Certificate for Testing\ResidenceCertificate_48_page_0.png
2026-08-22 17:24:41,293  [INFO    ]  main - ============================================================
2026-08-22 17:24:41,293  [INFO    ]  main - Processing [142/150]: ResidenceCertificate_48_page_0.png  |  Residence Certificate  |  Attempt 1
2026-08-22 17:24:41,293  [INFO    ]  main - ============================================================
2026-08-22 17:24:41,576  [INFO    ]  doc_uploader - Selecting document type: 'Residence Certificate'
2026-08-22 17:24:41,611  [INFO    ]  doc_uploader - Selected by visible text: 'Residence Certificate'
2026-08-22 17:24:41,611  [INFO    ]  doc_uploader - Ensuring 'Plain extraction' is selected...
2026-08-22 17:24:47,039  [INFO    ]  doc_uploader - Clicked Plain extraction text element.
2026-08-22 17:24:47,041  [INFO    ]  doc_uploader - Uploading file: D:\ai_doc_automation\Test Data\Residence Certificate for Testing\ResidenceCertificate_48_page_0.png
2026-08-22 17:24:47,050  [INFO    ]  doc_uploader - File input found via JS querySelector.
2026-08-22 17:24:57,469  [INFO    ]  doc_uploader - Upload preview ready (submit button visible).
2026-08-22 17:25:07,582  [INFO    ]  doc_uploader - File uploaded successfully.
2026-08-22 17:25:07,582  [INFO    ]  doc_uploader - Pre-submit verification...
2026-08-22 17:25:27,876  [INFO    ]  doc_uploader - Clicking 'Submit to engine'...
2026-08-22 17:25:39,359  [INFO    ]  doc_uploader - Submitted to engine. Waiting for result...
2026-08-22 17:25:39,359  [INFO    ]  doc_uploader - Waiting for engine result (timeout=90s)...
2026-08-22 17:25:41,555  [INFO    ]  doc_uploader - Result appeared after 0s.
2026-08-22 17:25:42,659  [INFO    ]  doc_uploader - Screenshot saved: D:\ai_doc_automation\output\screenshots\20260822_172542_result_ResidenceCertificate_48_page_0.png.png
2026-08-22 17:25:42,660  [INFO    ]  result_parser - Reading verdict from Overview tab...
2026-08-22 17:26:19,296  [INFO    ]  result_parser - Verdict: SUCCESS (from verdict card)
2026-08-22 17:26:19,296  [INFO    ]  result_parser - Clicking Extraction tab...
2026-08-22 17:26:21,177  [INFO    ]  result_parser - On Extraction tab.
2026-08-22 17:26:21,187  [INFO    ]  result_parser - JS parse: 7 fields
2026-08-22 17:26:21,304  [INFO    ]  doc_uploader - Screenshot saved: D:\ai_doc_automation\output\screenshots\20260822_172621_extracted_ResidenceCertificate_48_page_0.png.png
2026-08-22 17:26:21,814  [INFO    ]  main - [OK] ResidenceCertificate_48_page_0.png: SUCCESS (61.0s)
2026-08-22 17:26:21,814  [INFO    ]  doc_uploader - Resetting form for next submission...
2026-08-22 17:26:23,702  [INFO    ]  doc_uploader - New submission clicked — form reset.
2026-08-22 17:26:23,726  [INFO    ]  doc_uploader - Upload form is ready for next document.
2026-08-22 17:26:23,727  [INFO    ]  main - 
[143/150] D:\ai_doc_automation\Test Data\Residence Certificate for Testing\ResidenceCertificate_49_page_0.png
2026-08-22 17:26:23,727  [INFO    ]  main - ============================================================
2026-08-22 17:26:23,727  [INFO    ]  main - Processing [143/150]: ResidenceCertificate_49_page_0.png  |  Residence Certificate  |  Attempt 1
2026-08-22 17:26:23,728  [INFO    ]  main - ============================================================
2026-08-22 17:26:24,076  [INFO    ]  doc_uploader - Selecting document type: 'Residence Certificate'
2026-08-22 17:26:24,139  [INFO    ]  doc_uploader - Selected by visible text: 'Residence Certificate'
2026-08-22 17:26:24,139  [INFO    ]  doc_uploader - Ensuring 'Plain extraction' is selected...
2026-08-22 17:26:29,572  [INFO    ]  doc_uploader - Clicked Plain extraction text element.
2026-08-22 17:26:29,572  [INFO    ]  doc_uploader - Uploading file: D:\ai_doc_automation\Test Data\Residence Certificate for Testing\ResidenceCertificate_49_page_0.png
2026-08-22 17:26:29,580  [INFO    ]  doc_uploader - File input found via JS querySelector.
2026-08-22 17:26:39,987  [INFO    ]  doc_uploader - Upload preview ready (submit button visible).
2026-08-22 17:26:50,053  [INFO    ]  doc_uploader - File uploaded successfully.
2026-08-22 17:26:50,053  [INFO    ]  doc_uploader - Pre-submit verification...
2026-08-22 17:27:10,307  [INFO    ]  doc_uploader - Clicking 'Submit to engine'...
2026-08-22 17:27:21,833  [INFO    ]  doc_uploader - Submitted to engine. Waiting for result...
2026-08-22 17:27:21,833  [INFO    ]  doc_uploader - Waiting for engine result (timeout=90s)...
2026-08-22 17:27:23,800  [INFO    ]  doc_uploader - Result appeared after 0s.
2026-08-22 17:27:24,911  [INFO    ]  doc_uploader - Screenshot saved: D:\ai_doc_automation\output\screenshots\20260822_172724_result_ResidenceCertificate_49_page_0.png.png
2026-08-22 17:27:24,911  [INFO    ]  result_parser - Reading verdict from Overview tab...
2026-08-22 17:27:45,177  [INFO    ]  result_parser - Pipeline failure reason captured: VERIFAI — Document Intelligence — Dashboard — Verify Document — Plain Extraction — Golden Record — Document Linking — Transactions — API Playground — Settings — About — Collapse menu — AI DOCUMENT VERIFICATION ENGINE — Plain extraction — Backend online — AE — TRANSACTION COMPLETE — Pipeline failure result — TXN-20260822-3229966362 — Copy ID — New submission — PIPELINE FAILURE — Processing could not be completed — Decryption failed: fernet_key not present in Kafka payload — Overview — Raw JSON — OVERALL VERDICT — FAILED — SUCCESS — DOCUMENT TYPE — Unknown documentProcessing time not returned — QR CODE RESULTS — No QR code detected. QR presence is optional and does not indicate document validity.
2026-08-22 17:27:45,177  [INFO    ]  result_parser - Verdict: FAILED (Pipeline Failure banner detected: VERIFAI — Document Intelligence — Dashboard — Verify Document — Plain Extraction — Golden Record — Document Linking — Transactions — API Playground — Settings — About — Collapse menu — AI DOCUMENT VERIFICATION ENGINE — Plain extraction — Backend online — AE — TRANSACTION COMPLETE — Pipeline failure result — TXN-20260822-3229966362 — Copy ID — New submission — PIPELINE FAILURE — Processing could not be completed — Decryption failed: fernet_key not present in Kafka payload — Overview — Raw JSON — )
2026-08-22 17:27:45,177  [INFO    ]  result_parser - Skipping extraction (status=FAILED).
2026-08-22 17:27:45,603  [INFO    ]  main - [FAIL] ResidenceCertificate_49_page_0.png: FAILED (60.7s)
2026-08-22 17:27:45,603  [INFO    ]  doc_uploader - Resetting form for next submission...
2026-08-22 17:27:47,478  [INFO    ]  doc_uploader - New submission clicked — form reset.
2026-08-22 17:27:47,500  [INFO    ]  doc_uploader - Upload form is ready for next document.
2026-08-22 17:27:47,502  [INFO    ]  main - 
[144/150] D:\ai_doc_automation\Test Data\Residence Certificate for Testing\ResidenceCertificate_4_page_0.png
2026-08-22 17:27:47,502  [INFO    ]  main - ============================================================
2026-08-22 17:27:47,502  [INFO    ]  main - Processing [144/150]: ResidenceCertificate_4_page_0.png  |  Residence Certificate  |  Attempt 1
2026-08-22 17:27:47,502  [INFO    ]  main - ============================================================
2026-08-22 17:27:47,777  [INFO    ]  doc_uploader - Selecting document type: 'Residence Certificate'
2026-08-22 17:27:47,822  [INFO    ]  doc_uploader - Selected by visible text: 'Residence Certificate'
2026-08-22 17:27:47,823  [INFO    ]  doc_uploader - Ensuring 'Plain extraction' is selected...
2026-08-22 17:27:53,247  [INFO    ]  doc_uploader - Clicked Plain extraction text element.
2026-08-22 17:27:53,248  [INFO    ]  doc_uploader - Uploading file: D:\ai_doc_automation\Test Data\Residence Certificate for Testing\ResidenceCertificate_4_page_0.png
2026-08-22 17:27:53,253  [INFO    ]  doc_uploader - File input found via JS querySelector.
2026-08-22 17:28:03,628  [INFO    ]  doc_uploader - Upload preview ready (submit button visible).
2026-08-22 17:28:13,660  [INFO    ]  doc_uploader - File uploaded successfully.
2026-08-22 17:28:13,660  [INFO    ]  doc_uploader - Pre-submit verification...
2026-08-22 17:28:33,973  [INFO    ]  doc_uploader - Clicking 'Submit to engine'...
2026-08-22 17:28:45,423  [INFO    ]  doc_uploader - Submitted to engine. Waiting for result...
2026-08-22 17:28:45,423  [INFO    ]  doc_uploader - Waiting for engine result (timeout=90s)...
2026-08-22 17:28:49,630  [INFO    ]  doc_uploader - Result appeared after 0s.
2026-08-22 17:28:50,784  [INFO    ]  doc_uploader - Screenshot saved: D:\ai_doc_automation\output\screenshots\20260822_172850_result_ResidenceCertificate_4_page_0.png.png
2026-08-22 17:28:50,784  [INFO    ]  result_parser - Reading verdict from Overview tab...
2026-08-22 17:29:27,333  [INFO    ]  result_parser - Verdict: SUCCESS (from verdict card)
2026-08-22 17:29:27,334  [INFO    ]  result_parser - Clicking Extraction tab...
2026-08-22 17:29:29,220  [INFO    ]  result_parser - On Extraction tab.
2026-08-22 17:29:29,228  [INFO    ]  result_parser - JS parse: 7 fields
2026-08-22 17:29:29,363  [INFO    ]  doc_uploader - Screenshot saved: D:\ai_doc_automation\output\screenshots\20260822_172929_extracted_ResidenceCertificate_4_page_0.png.png
2026-08-22 17:29:29,820  [INFO    ]  main - [OK] ResidenceCertificate_4_page_0.png: SUCCESS (62.9s)
2026-08-22 17:29:29,820  [INFO    ]  doc_uploader - Resetting form for next submission...
2026-08-22 17:29:31,712  [INFO    ]  doc_uploader - New submission clicked — form reset.
2026-08-22 17:29:31,739  [INFO    ]  doc_uploader - Upload form is ready for next document.
2026-08-22 17:29:31,739  [INFO    ]  main - 
[145/150] D:\ai_doc_automation\Test Data\Residence Certificate for Testing\ResidenceCertificate_50_page_0.png
2026-08-22 17:29:31,740  [INFO    ]  main - ============================================================
2026-08-22 17:29:31,740  [INFO    ]  main - Processing [145/150]: ResidenceCertificate_50_page_0.png  |  Residence Certificate  |  Attempt 1
2026-08-22 17:29:31,740  [INFO    ]  main - ============================================================
2026-08-22 17:29:32,032  [INFO    ]  doc_uploader - Selecting document type: 'Residence Certificate'
2026-08-22 17:29:32,089  [INFO    ]  doc_uploader - Selected by visible text: 'Residence Certificate'
2026-08-22 17:29:32,089  [INFO    ]  doc_uploader - Ensuring 'Plain extraction' is selected...
2026-08-22 17:29:37,559  [INFO    ]  doc_uploader - Clicked Plain extraction text element.
2026-08-22 17:29:37,560  [INFO    ]  doc_uploader - Uploading file: D:\ai_doc_automation\Test Data\Residence Certificate for Testing\ResidenceCertificate_50_page_0.png
2026-08-22 17:29:37,568  [INFO    ]  doc_uploader - File input found via JS querySelector.
2026-08-22 17:29:48,008  [INFO    ]  doc_uploader - Upload preview ready (submit button visible).
2026-08-22 17:29:58,051  [INFO    ]  doc_uploader - File uploaded successfully.
2026-08-22 17:29:58,051  [INFO    ]  doc_uploader - Pre-submit verification...
2026-08-22 17:30:18,338  [INFO    ]  doc_uploader - Clicking 'Submit to engine'...
2026-08-22 17:30:29,770  [INFO    ]  doc_uploader - Submitted to engine. Waiting for result...
2026-08-22 17:30:29,772  [INFO    ]  doc_uploader - Waiting for engine result (timeout=90s)...
2026-08-22 17:30:29,915  [INFO    ]  doc_uploader - Result appeared after 0s.
2026-08-22 17:30:31,015  [INFO    ]  doc_uploader - Screenshot saved: D:\ai_doc_automation\output\screenshots\20260822_173030_result_ResidenceCertificate_50_page_0.png.png
2026-08-22 17:30:31,015  [INFO    ]  result_parser - Reading verdict from Overview tab...
2026-08-22 17:31:07,713  [INFO    ]  result_parser - Verdict: SUCCESS (from verdict card)
2026-08-22 17:31:07,714  [INFO    ]  result_parser - Clicking Extraction tab...
2026-08-22 17:31:09,617  [INFO    ]  result_parser - On Extraction tab.
2026-08-22 17:31:09,624  [INFO    ]  result_parser - JS parse: 7 fields
2026-08-22 17:31:09,727  [INFO    ]  doc_uploader - Screenshot saved: D:\ai_doc_automation\output\screenshots\20260822_173109_extracted_ResidenceCertificate_50_page_0.png.png
2026-08-22 17:31:10,218  [INFO    ]  main - [OK] ResidenceCertificate_50_page_0.png: SUCCESS (58.9s)
2026-08-22 17:31:10,218  [INFO    ]  doc_uploader - Resetting form for next submission...
2026-08-22 17:31:12,110  [INFO    ]  doc_uploader - New submission clicked — form reset.
2026-08-22 17:31:12,138  [INFO    ]  doc_uploader - Upload form is ready for next document.
2026-08-22 17:31:12,140  [INFO    ]  main - 
[146/150] D:\ai_doc_automation\Test Data\Residence Certificate for Testing\ResidenceCertificate_5_page_0.png
2026-08-22 17:31:12,140  [INFO    ]  main - ============================================================
2026-08-22 17:31:12,141  [INFO    ]  main - Processing [146/150]: ResidenceCertificate_5_page_0.png  |  Residence Certificate  |  Attempt 1
2026-08-22 17:31:12,141  [INFO    ]  main - ============================================================
2026-08-22 17:31:12,455  [INFO    ]  doc_uploader - Selecting document type: 'Residence Certificate'
2026-08-22 17:31:12,507  [INFO    ]  doc_uploader - Selected by visible text: 'Residence Certificate'
2026-08-22 17:31:12,507  [INFO    ]  doc_uploader - Ensuring 'Plain extraction' is selected...
2026-08-22 17:31:17,973  [INFO    ]  doc_uploader - Clicked Plain extraction text element.
2026-08-22 17:31:17,974  [INFO    ]  doc_uploader - Uploading file: D:\ai_doc_automation\Test Data\Residence Certificate for Testing\ResidenceCertificate_5_page_0.png
2026-08-22 17:31:17,982  [INFO    ]  doc_uploader - File input found via JS querySelector.
2026-08-22 17:31:28,389  [INFO    ]  doc_uploader - Upload preview ready (submit button visible).
2026-08-22 17:31:38,441  [INFO    ]  doc_uploader - File uploaded successfully.
2026-08-22 17:31:38,441  [INFO    ]  doc_uploader - Pre-submit verification...
2026-08-22 17:31:58,702  [INFO    ]  doc_uploader - Clicking 'Submit to engine'...
2026-08-22 17:32:10,174  [INFO    ]  doc_uploader - Submitted to engine. Waiting for result...
2026-08-22 17:32:10,175  [INFO    ]  doc_uploader - Waiting for engine result (timeout=90s)...
2026-08-22 17:32:11,948  [INFO    ]  doc_uploader - Result appeared after 0s.
2026-08-22 17:32:13,086  [INFO    ]  doc_uploader - Screenshot saved: D:\ai_doc_automation\output\screenshots\20260822_173212_result_ResidenceCertificate_5_page_0.png.png
2026-08-22 17:32:13,087  [INFO    ]  result_parser - Reading verdict from Overview tab...
2026-08-22 17:32:49,685  [INFO    ]  result_parser - Verdict: SUCCESS (from verdict card)
2026-08-22 17:32:49,685  [INFO    ]  result_parser - Clicking Extraction tab...
2026-08-22 17:32:51,560  [INFO    ]  result_parser - On Extraction tab.
2026-08-22 17:32:51,566  [INFO    ]  result_parser - JS parse: 7 fields
2026-08-22 17:32:51,667  [INFO    ]  doc_uploader - Screenshot saved: D:\ai_doc_automation\output\screenshots\20260822_173251_extracted_ResidenceCertificate_5_page_0.png.png
2026-08-22 17:32:52,142  [INFO    ]  main - [OK] ResidenceCertificate_5_page_0.png: SUCCESS (60.5s)
2026-08-22 17:32:52,142  [INFO    ]  doc_uploader - Resetting form for next submission...
2026-08-22 17:32:54,022  [INFO    ]  doc_uploader - New submission clicked — form reset.
2026-08-22 17:32:54,054  [INFO    ]  doc_uploader - Upload form is ready for next document.
2026-08-22 17:32:54,055  [INFO    ]  main - 
[147/150] D:\ai_doc_automation\Test Data\Residence Certificate for Testing\ResidenceCertificate_6_page_0.png
2026-08-22 17:32:54,056  [INFO    ]  main - ============================================================
2026-08-22 17:32:54,056  [INFO    ]  main - Processing [147/150]: ResidenceCertificate_6_page_0.png  |  Residence Certificate  |  Attempt 1
2026-08-22 17:32:54,057  [INFO    ]  main - ============================================================
2026-08-22 17:32:54,394  [INFO    ]  doc_uploader - Selecting document type: 'Residence Certificate'
2026-08-22 17:32:54,453  [INFO    ]  doc_uploader - Selected by visible text: 'Residence Certificate'
2026-08-22 17:32:54,455  [INFO    ]  doc_uploader - Ensuring 'Plain extraction' is selected...
2026-08-22 17:32:59,894  [INFO    ]  doc_uploader - Clicked Plain extraction text element.
2026-08-22 17:32:59,926  [INFO    ]  doc_uploader - Uploading file: D:\ai_doc_automation\Test Data\Residence Certificate for Testing\ResidenceCertificate_6_page_0.png
2026-08-22 17:32:59,933  [INFO    ]  doc_uploader - File input found via JS querySelector.
2026-08-22 17:33:10,394  [INFO    ]  doc_uploader - Upload preview ready (submit button visible).
2026-08-22 17:33:20,468  [INFO    ]  doc_uploader - File uploaded successfully.
2026-08-22 17:33:20,469  [INFO    ]  doc_uploader - Pre-submit verification...
2026-08-22 17:33:40,715  [INFO    ]  doc_uploader - Clicking 'Submit to engine'...
2026-08-22 17:33:52,164  [INFO    ]  doc_uploader - Submitted to engine. Waiting for result...
2026-08-22 17:33:52,164  [INFO    ]  doc_uploader - Waiting for engine result (timeout=90s)...
2026-08-22 17:33:53,065  [INFO    ]  doc_uploader - Result appeared after 0s.
2026-08-22 17:33:54,184  [INFO    ]  doc_uploader - Screenshot saved: D:\ai_doc_automation\output\screenshots\20260822_173354_result_ResidenceCertificate_6_page_0.png.png
2026-08-22 17:33:54,185  [INFO    ]  result_parser - Reading verdict from Overview tab...
2026-08-22 17:34:30,784  [INFO    ]  result_parser - Verdict: SUCCESS (from verdict card)
2026-08-22 17:34:30,784  [INFO    ]  result_parser - Clicking Extraction tab...
2026-08-22 17:34:32,668  [INFO    ]  result_parser - On Extraction tab.
2026-08-22 17:34:32,674  [INFO    ]  result_parser - JS parse: 7 fields
2026-08-22 17:34:32,791  [INFO    ]  doc_uploader - Screenshot saved: D:\ai_doc_automation\output\screenshots\20260822_173432_extracted_ResidenceCertificate_6_page_0.png.png
2026-08-22 17:34:33,236  [INFO    ]  main - [OK] ResidenceCertificate_6_page_0.png: SUCCESS (59.7s)
2026-08-22 17:34:33,237  [INFO    ]  doc_uploader - Resetting form for next submission...
2026-08-22 17:34:35,112  [INFO    ]  doc_uploader - New submission clicked — form reset.
2026-08-22 17:34:35,139  [INFO    ]  doc_uploader - Upload form is ready for next document.
2026-08-22 17:34:35,139  [INFO    ]  main - 
[148/150] D:\ai_doc_automation\Test Data\Residence Certificate for Testing\ResidenceCertificate_7_page_0.png
2026-08-22 17:34:35,140  [INFO    ]  main - ============================================================
2026-08-22 17:34:35,140  [INFO    ]  main - Processing [148/150]: ResidenceCertificate_7_page_0.png  |  Residence Certificate  |  Attempt 1
2026-08-22 17:34:35,140  [INFO    ]  main - ============================================================
2026-08-22 17:34:35,482  [INFO    ]  doc_uploader - Selecting document type: 'Residence Certificate'
2026-08-22 17:34:35,536  [INFO    ]  doc_uploader - Selected by visible text: 'Residence Certificate'
2026-08-22 17:34:35,536  [INFO    ]  doc_uploader - Ensuring 'Plain extraction' is selected...
2026-08-22 17:34:40,948  [INFO    ]  doc_uploader - Clicked Plain extraction text element.
2026-08-22 17:34:40,948  [INFO    ]  doc_uploader - Uploading file: D:\ai_doc_automation\Test Data\Residence Certificate for Testing\ResidenceCertificate_7_page_0.png
2026-08-22 17:34:40,956  [INFO    ]  doc_uploader - File input found via JS querySelector.
2026-08-22 17:34:51,343  [INFO    ]  doc_uploader - Upload preview ready (submit button visible).
2026-08-22 17:35:01,426  [INFO    ]  doc_uploader - File uploaded successfully.
2026-08-22 17:35:01,426  [INFO    ]  doc_uploader - Pre-submit verification...
2026-08-22 17:35:21,696  [INFO    ]  doc_uploader - Clicking 'Submit to engine'...
2026-08-22 17:35:33,142  [INFO    ]  doc_uploader - Submitted to engine. Waiting for result...
2026-08-22 17:35:33,142  [INFO    ]  doc_uploader - Waiting for engine result (timeout=90s)...
2026-08-22 17:35:33,288  [INFO    ]  doc_uploader - Result appeared after 0s.
2026-08-22 17:35:34,384  [INFO    ]  doc_uploader - Screenshot saved: D:\ai_doc_automation\output\screenshots\20260822_173534_result_ResidenceCertificate_7_page_0.png.png
2026-08-22 17:35:34,384  [INFO    ]  result_parser - Reading verdict from Overview tab...
2026-08-22 17:36:11,090  [INFO    ]  result_parser - Verdict: SUCCESS (from verdict card)
2026-08-22 17:36:11,090  [INFO    ]  result_parser - Clicking Extraction tab...
2026-08-22 17:36:12,966  [INFO    ]  result_parser - On Extraction tab.
2026-08-22 17:36:12,971  [INFO    ]  result_parser - JS parse: 7 fields
2026-08-22 17:36:13,089  [INFO    ]  doc_uploader - Screenshot saved: D:\ai_doc_automation\output\screenshots\20260822_173612_extracted_ResidenceCertificate_7_page_0.png.png
2026-08-22 17:36:13,537  [INFO    ]  main - [OK] ResidenceCertificate_7_page_0.png: SUCCESS (58.8s)
2026-08-22 17:36:13,537  [INFO    ]  doc_uploader - Resetting form for next submission...
2026-08-22 17:36:15,421  [INFO    ]  doc_uploader - New submission clicked — form reset.
2026-08-22 17:36:15,570  [INFO    ]  doc_uploader - Upload form is ready for next document.
2026-08-22 17:36:15,572  [INFO    ]  main - 
[149/150] D:\ai_doc_automation\Test Data\Residence Certificate for Testing\ResidenceCertificate_8_page_0.png
2026-08-22 17:36:15,572  [INFO    ]  main - ============================================================
2026-08-22 17:36:15,573  [INFO    ]  main - Processing [149/150]: ResidenceCertificate_8_page_0.png  |  Residence Certificate  |  Attempt 1
2026-08-22 17:36:15,574  [INFO    ]  main - ============================================================
2026-08-22 17:36:15,861  [INFO    ]  doc_uploader - Selecting document type: 'Residence Certificate'
2026-08-22 17:36:15,905  [INFO    ]  doc_uploader - Selected by visible text: 'Residence Certificate'
2026-08-22 17:36:15,906  [INFO    ]  doc_uploader - Ensuring 'Plain extraction' is selected...
2026-08-22 17:36:21,333  [INFO    ]  doc_uploader - Clicked Plain extraction text element.
2026-08-22 17:36:21,334  [INFO    ]  doc_uploader - Uploading file: D:\ai_doc_automation\Test Data\Residence Certificate for Testing\ResidenceCertificate_8_page_0.png
2026-08-22 17:36:21,341  [INFO    ]  doc_uploader - File input found via JS querySelector.
2026-08-22 17:36:31,757  [INFO    ]  doc_uploader - Upload preview ready (submit button visible).
2026-08-22 17:36:41,801  [INFO    ]  doc_uploader - File uploaded successfully.
2026-08-22 17:36:41,802  [INFO    ]  doc_uploader - Pre-submit verification...
2026-08-22 17:37:02,085  [INFO    ]  doc_uploader - Clicking 'Submit to engine'...
2026-08-22 17:37:13,560  [INFO    ]  doc_uploader - Submitted to engine. Waiting for result...
2026-08-22 17:37:13,561  [INFO    ]  doc_uploader - Waiting for engine result (timeout=90s)...
2026-08-22 17:37:14,651  [INFO    ]  doc_uploader - Result appeared after 0s.
2026-08-22 17:37:15,768  [INFO    ]  doc_uploader - Screenshot saved: D:\ai_doc_automation\output\screenshots\20260822_173715_result_ResidenceCertificate_8_page_0.png.png
2026-08-22 17:37:15,769  [INFO    ]  result_parser - Reading verdict from Overview tab...
2026-08-22 17:37:52,361  [INFO    ]  result_parser - Verdict: SUCCESS (from verdict card)
2026-08-22 17:37:52,362  [INFO    ]  result_parser - Clicking Extraction tab...
2026-08-22 17:37:54,271  [INFO    ]  result_parser - On Extraction tab.
2026-08-22 17:37:54,277  [INFO    ]  result_parser - JS parse: 7 fields
2026-08-22 17:37:54,427  [INFO    ]  doc_uploader - Screenshot saved: D:\ai_doc_automation\output\screenshots\20260822_173754_extracted_ResidenceCertificate_8_page_0.png.png
2026-08-22 17:37:54,978  [INFO    ]  main - [OK] ResidenceCertificate_8_page_0.png: SUCCESS (59.8s)
2026-08-22 17:37:54,978  [INFO    ]  doc_uploader - Resetting form for next submission...
2026-08-22 17:37:56,865  [INFO    ]  doc_uploader - New submission clicked — form reset.
2026-08-22 17:37:56,978  [INFO    ]  doc_uploader - Upload form is ready for next document.
2026-08-22 17:37:56,978  [INFO    ]  main - 
[150/150] D:\ai_doc_automation\Test Data\Residence Certificate for Testing\ResidenceCertificate_9_page_0.png
2026-08-22 17:37:56,980  [INFO    ]  main - ============================================================
2026-08-22 17:37:56,980  [INFO    ]  main - Processing [150/150]: ResidenceCertificate_9_page_0.png  |  Residence Certificate  |  Attempt 1
2026-08-22 17:37:56,980  [INFO    ]  main - ============================================================
2026-08-22 17:37:57,638  [INFO    ]  doc_uploader - Selecting document type: 'Residence Certificate'
2026-08-22 17:37:57,749  [INFO    ]  doc_uploader - Selected by visible text: 'Residence Certificate'
2026-08-22 17:37:57,750  [INFO    ]  doc_uploader - Ensuring 'Plain extraction' is selected...
2026-08-22 17:38:03,181  [INFO    ]  doc_uploader - Clicked Plain extraction text element.
2026-08-22 17:38:03,183  [INFO    ]  doc_uploader - Uploading file: D:\ai_doc_automation\Test Data\Residence Certificate for Testing\ResidenceCertificate_9_page_0.png
2026-08-22 17:38:03,192  [INFO    ]  doc_uploader - File input found via JS querySelector.
2026-08-22 17:38:13,624  [INFO    ]  doc_uploader - Upload preview ready (submit button visible).
2026-08-22 17:38:23,704  [INFO    ]  doc_uploader - File uploaded successfully.
2026-08-22 17:38:23,705  [INFO    ]  doc_uploader - Pre-submit verification...
2026-08-22 17:38:43,919  [INFO    ]  doc_uploader - Clicking 'Submit to engine'...
2026-08-22 17:38:55,405  [INFO    ]  doc_uploader - Submitted to engine. Waiting for result...
2026-08-22 17:38:55,405  [INFO    ]  doc_uploader - Waiting for engine result (timeout=90s)...
2026-08-22 17:38:55,426  [INFO    ]  doc_uploader - Result appeared after 0s.
2026-08-22 17:38:56,527  [INFO    ]  doc_uploader - Screenshot saved: D:\ai_doc_automation\output\screenshots\20260822_173856_result_ResidenceCertificate_9_page_0.png.png
2026-08-22 17:38:56,527  [INFO    ]  result_parser - Reading verdict from Overview tab...
2026-08-22 17:39:33,726  [INFO    ]  result_parser - Verdict: SUCCESS (from verdict card)
2026-08-22 17:39:33,727  [INFO    ]  result_parser - Clicking Extraction tab...
2026-08-22 17:39:35,670  [INFO    ]  result_parser - On Extraction tab.
2026-08-22 17:39:35,676  [INFO    ]  result_parser - JS parse: 7 fields
2026-08-22 17:39:35,774  [INFO    ]  doc_uploader - Screenshot saved: D:\ai_doc_automation\output\screenshots\20260822_173935_extracted_ResidenceCertificate_9_page_0.png.png
2026-08-22 17:39:36,246  [INFO    ]  main - [OK] ResidenceCertificate_9_page_0.png: SUCCESS (58.8s)
2026-08-22 17:39:36,253  [INFO    ]  excel_writer - Summary sheet written with overall timing statistics.
2026-08-22 17:39:36,440  [INFO    ]  excel_writer - Excel saved: D:\ai_doc_automation\output\ai_doc_results_20260822_130959.xlsx
2026-08-22 17:39:36,440  [INFO    ]  main - 
============================================================
2026-08-22 17:39:36,440  [INFO    ]  main -   COMPLETE
2026-08-22 17:39:36,441  [INFO    ]  main -   Total   : 150
2026-08-22 17:39:36,441  [INFO    ]  main -   Success : 122
2026-08-22 17:39:36,441  [INFO    ]  main -   Failed  : 14
2026-08-22 17:39:36,441  [INFO    ]  main -   Errors  : 14
2026-08-22 17:39:36,441  [INFO    ]  main -   Output  : D:\ai_doc_automation\output\ai_doc_results_20260822_130959.xlsx
2026-08-22 17:39:36,443  [INFO    ]  main - ============================================================
2026-08-22 17:39:38,912  [INFO    ]  main - Browser closed.
