2026-08-20 17:36:07,902  [INFO    ]  main - ============================================================
2026-08-20 17:36:07,902  [INFO    ]  main -   VERIFAI Document Automation - Starting
2026-08-20 17:36:07,902  [INFO    ]  main - ============================================================
2026-08-20 17:36:07,902  [INFO    ]  main - Input file : D:\ai_doc_automation\input\input_map.xlsx
2026-08-20 17:36:07,902  [INFO    ]  main - [--type]   Running only: 'Graduation Certificate'
2026-08-20 17:36:08,145  [INFO    ]  main - Records to process: 43
2026-08-20 17:36:10,135  [INFO    ]  driver_setup - Chrome WebDriver started successfully.
2026-08-20 17:36:10,351  [INFO    ]  excel_writer - Output Excel: D:\ai_doc_automation\output\ai_doc_results_20260820_173610.xlsx
2026-08-20 17:36:10,360  [INFO    ]  main - Opening portal: https://aiprojects.odisha.gov.in/demo
2026-08-20 17:36:14,501  [INFO    ]  doc_uploader - Screenshot saved: D:\ai_doc_automation\output\screenshots\20260820_173614_01_dashboard.png
2026-08-20 17:36:14,502  [INFO    ]  doc_uploader - Navigating to 'Verify Document' page...
2026-08-20 17:36:16,448  [INFO    ]  doc_uploader - On Verify Document page.
2026-08-20 17:36:16,566  [INFO    ]  doc_uploader - Screenshot saved: D:\ai_doc_automation\output\screenshots\20260820_173616_02_verify_form.png
2026-08-20 17:36:16,566  [INFO    ]  main - 
[1/43] D:\ai_doc_automation\Degree Certificate\Andhra University.png
2026-08-20 17:36:16,580  [INFO    ]  main - ============================================================
2026-08-20 17:36:16,580  [INFO    ]  main - Processing [1/43]: Andhra University.png  |  Graduation Certificate  |  Attempt 1
2026-08-20 17:36:16,581  [INFO    ]  main - ============================================================
2026-08-20 17:36:16,777  [INFO    ]  doc_uploader - Selecting document type: 'Graduation Certificate'
2026-08-20 17:36:16,866  [INFO    ]  doc_uploader - Selected by visible text: 'Graduation Certificate'
2026-08-20 17:36:16,866  [INFO    ]  doc_uploader - Ensuring 'Plain extraction' is selected...
2026-08-20 17:36:22,281  [INFO    ]  doc_uploader - Clicked Plain extraction text element.
2026-08-20 17:36:22,282  [INFO    ]  doc_uploader - Uploading file: D:\ai_doc_automation\Degree Certificate\Andhra University.png
2026-08-20 17:36:22,293  [INFO    ]  doc_uploader - File input found via JS querySelector.
2026-08-20 17:36:24,633  [INFO    ]  doc_uploader - File uploaded successfully.
2026-08-20 17:36:24,633  [INFO    ]  doc_uploader - Pre-submit verification...
2026-08-20 17:36:24,693  [WARNING ]  doc_uploader - Dropdown mismatch! Expected 'Graduation Certificate', found 'Aadhaar Card'. Re-selecting.
2026-08-20 17:36:24,694  [INFO    ]  doc_uploader - Selecting document type: 'Graduation Certificate'
2026-08-20 17:36:24,766  [INFO    ]  doc_uploader - Selected by visible text: 'Graduation Certificate'
2026-08-20 17:36:24,766  [INFO    ]  doc_uploader - Ensuring 'Plain extraction' is selected...
2026-08-20 17:36:30,157  [INFO    ]  doc_uploader - Clicked Plain extraction text element.
2026-08-20 17:36:30,157  [INFO    ]  doc_uploader - Clicking 'Submit to engine'...
2026-08-20 17:36:30,537  [INFO    ]  doc_uploader - Submitted to engine. Waiting for result...
2026-08-20 17:36:30,537  [INFO    ]  doc_uploader - Waiting for engine result (timeout=180s)...
2026-08-20 17:36:30,558  [INFO    ]  doc_uploader -   [0s] Engine processing...
2026-08-20 17:36:35,579  [INFO    ]  doc_uploader -   [5s] Engine processing...
2026-08-20 17:36:40,581  [INFO    ]  doc_uploader -   [10s] Engine processing...
2026-08-20 17:36:45,611  [INFO    ]  doc_uploader -   [15s] Engine processing...
2026-08-20 17:36:55,663  [INFO    ]  doc_uploader - Result appeared after 20s.
2026-08-20 17:36:56,758  [INFO    ]  doc_uploader - Screenshot saved: D:\ai_doc_automation\output\screenshots\20260820_173656_result_Andhra University.png.png
2026-08-20 17:36:56,758  [INFO    ]  result_parser - Reading verdict from Overview tab...
2026-08-20 17:36:58,366  [INFO    ]  result_parser - Verdict: SUCCESS
2026-08-20 17:36:58,366  [INFO    ]  result_parser - Clicking Extraction tab...
2026-08-20 17:37:00,251  [INFO    ]  result_parser - On Extraction tab.
2026-08-20 17:37:00,256  [INFO    ]  result_parser - JS parse: 16 fields
2026-08-20 17:37:00,359  [INFO    ]  doc_uploader - Screenshot saved: D:\ai_doc_automation\output\screenshots\20260820_173700_extracted_Andhra University.png.png
2026-08-20 17:37:00,359  [INFO    ]  excel_writer - Created sheet: 'Graduation Certificate'  headers: ['Filename', 'Document Type', 'Status', 'Error Message', 'Screenshot', 'Processing Time (s)', 'Timestamp', 'Cgpa Secured', 'College Name', 'Degree Name', 'Enrollment Number', 'Father Name', 'Grade', 'Mother Name', 'Percentage', 'Registration Number', 'Result', 'Roll Number', 'Stream Or Specialization', 'Student Name', 'Total Marks Secured', 'University Name', 'Year Of Passing']
2026-08-20 17:37:00,479  [INFO    ]  main - [OK] Andhra University.png: SUCCESS (39.9s)
2026-08-20 17:37:00,479  [INFO    ]  doc_uploader - Clicking 'New submission'...
2026-08-20 17:37:02,850  [INFO    ]  doc_uploader - New submission clicked — form reset.
2026-08-20 17:37:03,851  [INFO    ]  main - 
[2/43] D:\ai_doc_automation\Degree Certificate\Annamalai University.png
2026-08-20 17:37:03,851  [INFO    ]  main - ============================================================
2026-08-20 17:37:03,851  [INFO    ]  main - Processing [2/43]: Annamalai University.png  |  Graduation Certificate  |  Attempt 1
2026-08-20 17:37:03,851  [INFO    ]  main - ============================================================
2026-08-20 17:37:03,969  [INFO    ]  doc_uploader - Selecting document type: 'Graduation Certificate'
2026-08-20 17:37:04,011  [INFO    ]  doc_uploader - Selected by visible text: 'Graduation Certificate'
2026-08-20 17:37:04,011  [INFO    ]  doc_uploader - Ensuring 'Plain extraction' is selected...
2026-08-20 17:37:09,408  [INFO    ]  doc_uploader - Clicked Plain extraction text element.
2026-08-20 17:37:09,408  [INFO    ]  doc_uploader - Uploading file: D:\ai_doc_automation\Degree Certificate\Annamalai University.png
2026-08-20 17:37:09,408  [INFO    ]  doc_uploader - File input found via JS querySelector.
2026-08-20 17:37:11,738  [INFO    ]  doc_uploader - File uploaded successfully.
2026-08-20 17:37:11,738  [INFO    ]  doc_uploader - Pre-submit verification...
2026-08-20 17:37:11,809  [INFO    ]  doc_uploader - Ensuring 'Plain extraction' is selected...
2026-08-20 17:37:17,214  [INFO    ]  doc_uploader - Clicked Plain extraction text element.
2026-08-20 17:37:17,214  [INFO    ]  doc_uploader - Clicking 'Submit to engine'...
2026-08-20 17:37:17,583  [INFO    ]  doc_uploader - Submitted to engine. Waiting for result...
2026-08-20 17:37:17,586  [INFO    ]  doc_uploader - Waiting for engine result (timeout=180s)...
2026-08-20 17:37:17,606  [INFO    ]  doc_uploader -   [0s] Engine processing...
2026-08-20 17:37:22,608  [INFO    ]  doc_uploader -   [5s] Engine processing...
2026-08-20 17:37:27,623  [INFO    ]  doc_uploader -   [10s] Engine processing...
2026-08-20 17:37:32,655  [INFO    ]  doc_uploader -   [15s] Engine processing...
2026-08-20 17:37:42,697  [INFO    ]  doc_uploader - Result appeared after 20s.
2026-08-20 17:37:43,802  [INFO    ]  doc_uploader - Screenshot saved: D:\ai_doc_automation\output\screenshots\20260820_173743_result_Annamalai University.png.png
2026-08-20 17:37:43,802  [INFO    ]  result_parser - Reading verdict from Overview tab...
2026-08-20 17:37:45,411  [INFO    ]  result_parser - Verdict: SUCCESS
2026-08-20 17:37:45,411  [INFO    ]  result_parser - Clicking Extraction tab...
2026-08-20 17:37:47,282  [INFO    ]  result_parser - On Extraction tab.
2026-08-20 17:37:47,282  [INFO    ]  result_parser - JS parse: 16 fields
2026-08-20 17:37:47,385  [INFO    ]  doc_uploader - Screenshot saved: D:\ai_doc_automation\output\screenshots\20260820_173747_extracted_Annamalai University.png.png
2026-08-20 17:37:47,512  [INFO    ]  main - [OK] Annamalai University.png: SUCCESS (39.7s)
2026-08-20 17:37:47,512  [INFO    ]  doc_uploader - Clicking 'New submission'...
2026-08-20 17:37:49,880  [INFO    ]  doc_uploader - New submission clicked — form reset.
2026-08-20 17:37:50,881  [INFO    ]  main - 
[3/43] D:\ai_doc_automation\Degree Certificate\Banki College.png
2026-08-20 17:37:50,881  [INFO    ]  main - ============================================================
2026-08-20 17:37:50,881  [INFO    ]  main - Processing [3/43]: Banki College.png  |  Graduation Certificate  |  Attempt 1
2026-08-20 17:37:50,881  [INFO    ]  main - ============================================================
2026-08-20 17:37:50,986  [INFO    ]  doc_uploader - Selecting document type: 'Graduation Certificate'
2026-08-20 17:37:51,013  [INFO    ]  doc_uploader - Selected by visible text: 'Graduation Certificate'
2026-08-20 17:37:51,013  [INFO    ]  doc_uploader - Ensuring 'Plain extraction' is selected...
2026-08-20 17:37:56,413  [INFO    ]  doc_uploader - Clicked Plain extraction text element.
2026-08-20 17:37:56,414  [INFO    ]  doc_uploader - Uploading file: D:\ai_doc_automation\Degree Certificate\Banki College.png
2026-08-20 17:37:56,419  [INFO    ]  doc_uploader - File input found via JS querySelector.
2026-08-20 17:37:58,747  [INFO    ]  doc_uploader - File uploaded successfully.
2026-08-20 17:37:58,747  [INFO    ]  doc_uploader - Pre-submit verification...
2026-08-20 17:37:58,833  [INFO    ]  doc_uploader - Ensuring 'Plain extraction' is selected...
2026-08-20 17:38:04,254  [INFO    ]  doc_uploader - Clicked Plain extraction text element.
2026-08-20 17:38:04,255  [INFO    ]  doc_uploader - Clicking 'Submit to engine'...
2026-08-20 17:38:04,642  [INFO    ]  doc_uploader - Submitted to engine. Waiting for result...
2026-08-20 17:38:04,642  [INFO    ]  doc_uploader - Waiting for engine result (timeout=180s)...
2026-08-20 17:38:04,668  [INFO    ]  doc_uploader -   [0s] Engine processing...
2026-08-20 17:38:09,683  [INFO    ]  doc_uploader -   [5s] Engine processing...
2026-08-20 17:38:14,699  [INFO    ]  doc_uploader -   [10s] Engine processing...
2026-08-20 17:38:19,715  [INFO    ]  doc_uploader -   [15s] Engine processing...
2026-08-20 17:38:29,770  [INFO    ]  doc_uploader - Result appeared after 20s.
2026-08-20 17:38:30,879  [INFO    ]  doc_uploader - Screenshot saved: D:\ai_doc_automation\output\screenshots\20260820_173830_result_Banki College.png.png
2026-08-20 17:38:30,879  [INFO    ]  result_parser - Reading verdict from Overview tab...
2026-08-20 17:38:32,474  [INFO    ]  result_parser - Verdict: SUCCESS
2026-08-20 17:38:32,474  [INFO    ]  result_parser - Clicking Extraction tab...
2026-08-20 17:38:34,340  [INFO    ]  result_parser - On Extraction tab.
2026-08-20 17:38:34,349  [INFO    ]  result_parser - JS parse: 16 fields
2026-08-20 17:38:34,446  [INFO    ]  doc_uploader - Screenshot saved: D:\ai_doc_automation\output\screenshots\20260820_173834_extracted_Banki College.png.png
2026-08-20 17:38:34,563  [INFO    ]  main - [OK] Banki College.png: SUCCESS (39.8s)
2026-08-20 17:38:34,563  [INFO    ]  doc_uploader - Clicking 'New submission'...
2026-08-20 17:38:36,928  [INFO    ]  doc_uploader - New submission clicked — form reset.
2026-08-20 17:38:37,929  [INFO    ]  main - 
[4/43] D:\ai_doc_automation\Degree Certificate\Berhampur University.png
2026-08-20 17:38:37,929  [INFO    ]  main - ============================================================
2026-08-20 17:38:37,929  [INFO    ]  main - Processing [4/43]: Berhampur University.png  |  Graduation Certificate  |  Attempt 1
2026-08-20 17:38:37,929  [INFO    ]  main - ============================================================
2026-08-20 17:38:38,021  [INFO    ]  doc_uploader - Selecting document type: 'Graduation Certificate'
2026-08-20 17:38:38,052  [INFO    ]  doc_uploader - Selected by visible text: 'Graduation Certificate'
2026-08-20 17:38:38,052  [INFO    ]  doc_uploader - Ensuring 'Plain extraction' is selected...
2026-08-20 17:38:43,462  [INFO    ]  doc_uploader - Clicked Plain extraction text element.
2026-08-20 17:38:43,463  [INFO    ]  doc_uploader - Uploading file: D:\ai_doc_automation\Degree Certificate\Berhampur University.png
2026-08-20 17:38:43,467  [INFO    ]  doc_uploader - File input found via JS querySelector.
2026-08-20 17:38:45,794  [INFO    ]  doc_uploader - File uploaded successfully.
2026-08-20 17:38:45,794  [INFO    ]  doc_uploader - Pre-submit verification...
2026-08-20 17:38:45,885  [INFO    ]  doc_uploader - Ensuring 'Plain extraction' is selected...
2026-08-20 17:38:51,275  [INFO    ]  doc_uploader - Clicked Plain extraction text element.
2026-08-20 17:38:51,276  [INFO    ]  doc_uploader - Clicking 'Submit to engine'...
2026-08-20 17:38:51,640  [INFO    ]  doc_uploader - Submitted to engine. Waiting for result...
2026-08-20 17:38:51,640  [INFO    ]  doc_uploader - Waiting for engine result (timeout=180s)...
2026-08-20 17:38:51,653  [INFO    ]  doc_uploader -   [0s] Engine processing...
2026-08-20 17:38:56,678  [INFO    ]  doc_uploader -   [5s] Engine processing...
2026-08-20 17:39:01,692  [INFO    ]  doc_uploader -   [10s] Engine processing...
2026-08-20 17:39:06,708  [INFO    ]  doc_uploader -   [15s] Engine processing...
2026-08-20 17:39:16,754  [INFO    ]  doc_uploader - Result appeared after 20s.
2026-08-20 17:39:17,856  [INFO    ]  doc_uploader - Screenshot saved: D:\ai_doc_automation\output\screenshots\20260820_173917_result_Berhampur University.png.png
2026-08-20 17:39:17,856  [INFO    ]  result_parser - Reading verdict from Overview tab...
2026-08-20 17:39:19,449  [INFO    ]  result_parser - Verdict: SUCCESS
2026-08-20 17:39:19,449  [INFO    ]  result_parser - Clicking Extraction tab...
2026-08-20 17:39:21,317  [INFO    ]  result_parser - On Extraction tab.
2026-08-20 17:39:21,319  [INFO    ]  result_parser - JS parse: 16 fields
2026-08-20 17:39:21,425  [INFO    ]  doc_uploader - Screenshot saved: D:\ai_doc_automation\output\screenshots\20260820_173921_extracted_Berhampur University.png.png
2026-08-20 17:39:21,548  [INFO    ]  main - [OK] Berhampur University.png: SUCCESS (39.7s)
2026-08-20 17:39:21,548  [INFO    ]  doc_uploader - Clicking 'New submission'...
2026-08-20 17:39:23,917  [INFO    ]  doc_uploader - New submission clicked — form reset.
2026-08-20 17:39:24,918  [INFO    ]  main - 
[5/43] D:\ai_doc_automation\Degree Certificate\BPUT Degree Certificate.pdf
2026-08-20 17:39:24,918  [INFO    ]  main - ============================================================
2026-08-20 17:39:24,918  [INFO    ]  main - Processing [5/43]: BPUT Degree Certificate.pdf  |  Graduation Certificate  |  Attempt 1
2026-08-20 17:39:24,918  [INFO    ]  main - ============================================================
2026-08-20 17:39:25,008  [INFO    ]  doc_uploader - Selecting document type: 'Graduation Certificate'
2026-08-20 17:39:25,039  [INFO    ]  doc_uploader - Selected by visible text: 'Graduation Certificate'
2026-08-20 17:39:25,039  [INFO    ]  doc_uploader - Ensuring 'Plain extraction' is selected...
2026-08-20 17:39:30,442  [INFO    ]  doc_uploader - Clicked Plain extraction text element.
2026-08-20 17:39:30,443  [INFO    ]  doc_uploader - Uploading file: D:\ai_doc_automation\Degree Certificate\BPUT Degree Certificate.pdf
2026-08-20 17:39:30,448  [INFO    ]  doc_uploader - File input found via JS querySelector.
2026-08-20 17:39:32,779  [INFO    ]  doc_uploader - File uploaded successfully.
2026-08-20 17:39:32,779  [INFO    ]  doc_uploader - Pre-submit verification...
2026-08-20 17:39:32,857  [INFO    ]  doc_uploader - Ensuring 'Plain extraction' is selected...
2026-08-20 17:39:38,286  [INFO    ]  doc_uploader - Clicked Plain extraction text element.
2026-08-20 17:39:38,286  [INFO    ]  doc_uploader - Clicking 'Submit to engine'...
2026-08-20 17:39:38,658  [INFO    ]  doc_uploader - Submitted to engine. Waiting for result...
2026-08-20 17:39:38,659  [INFO    ]  doc_uploader - Waiting for engine result (timeout=180s)...
2026-08-20 17:39:38,671  [INFO    ]  doc_uploader -   [0s] Engine processing...
2026-08-20 17:39:43,686  [INFO    ]  doc_uploader -   [5s] Engine processing...
2026-08-20 17:39:48,709  [INFO    ]  doc_uploader -   [10s] Engine processing...
2026-08-20 17:39:53,732  [INFO    ]  doc_uploader -   [15s] Engine processing...
2026-08-20 17:40:03,786  [INFO    ]  doc_uploader - Result appeared after 20s.
2026-08-20 17:40:04,922  [INFO    ]  doc_uploader - Screenshot saved: D:\ai_doc_automation\output\screenshots\20260820_174004_result_BPUT Degree Certificate.pdf.png
2026-08-20 17:40:04,923  [INFO    ]  result_parser - Reading verdict from Overview tab...
2026-08-20 17:40:06,529  [INFO    ]  result_parser - Verdict: SUCCESS
2026-08-20 17:40:06,529  [INFO    ]  result_parser - Clicking Extraction tab...
2026-08-20 17:40:08,395  [INFO    ]  result_parser - On Extraction tab.
2026-08-20 17:40:08,398  [INFO    ]  result_parser - JS parse: 16 fields
2026-08-20 17:40:08,500  [INFO    ]  doc_uploader - Screenshot saved: D:\ai_doc_automation\output\screenshots\20260820_174008_extracted_BPUT Degree Certificate.pdf.png
2026-08-20 17:40:08,618  [INFO    ]  main - [OK] BPUT Degree Certificate.pdf: SUCCESS (39.8s)
2026-08-20 17:40:08,618  [INFO    ]  doc_uploader - Clicking 'New submission'...
2026-08-20 17:40:11,010  [INFO    ]  doc_uploader - New submission clicked — form reset.
2026-08-20 17:40:12,011  [INFO    ]  main - 
[6/43] D:\ai_doc_automation\Degree Certificate\Buxi Jagabandhu Bidyadhar Autonomous College.png
2026-08-20 17:40:12,011  [INFO    ]  main - ============================================================
2026-08-20 17:40:12,011  [INFO    ]  main - Processing [6/43]: Buxi Jagabandhu Bidyadhar Autonomous College.png  |  Graduation Certificate  |  Attempt 1
2026-08-20 17:40:12,011  [INFO    ]  main - ============================================================
2026-08-20 17:40:12,138  [INFO    ]  doc_uploader - Selecting document type: 'Graduation Certificate'
2026-08-20 17:40:12,166  [INFO    ]  doc_uploader - Selected by visible text: 'Graduation Certificate'
2026-08-20 17:40:12,166  [INFO    ]  doc_uploader - Ensuring 'Plain extraction' is selected...
2026-08-20 17:40:17,545  [INFO    ]  doc_uploader - Clicked Plain extraction text element.
2026-08-20 17:40:17,545  [INFO    ]  doc_uploader - Uploading file: D:\ai_doc_automation\Degree Certificate\Buxi Jagabandhu Bidyadhar Autonomous College.png
2026-08-20 17:40:17,545  [INFO    ]  doc_uploader - File input found via JS querySelector.
2026-08-20 17:40:19,889  [INFO    ]  doc_uploader - File uploaded successfully.
2026-08-20 17:40:19,889  [INFO    ]  doc_uploader - Pre-submit verification...
2026-08-20 17:40:20,014  [INFO    ]  doc_uploader - Ensuring 'Plain extraction' is selected...
2026-08-20 17:40:25,390  [INFO    ]  doc_uploader - Clicked Plain extraction text element.
2026-08-20 17:40:25,390  [INFO    ]  doc_uploader - Clicking 'Submit to engine'...
2026-08-20 17:40:25,771  [INFO    ]  doc_uploader - Submitted to engine. Waiting for result...
2026-08-20 17:40:25,771  [INFO    ]  doc_uploader - Waiting for engine result (timeout=180s)...
2026-08-20 17:40:25,796  [INFO    ]  doc_uploader -   [0s] Engine processing...
2026-08-20 17:40:30,816  [INFO    ]  doc_uploader -   [5s] Engine processing...
2026-08-20 17:40:35,829  [INFO    ]  doc_uploader -   [10s] Engine processing...
2026-08-20 17:40:40,845  [INFO    ]  doc_uploader -   [15s] Engine processing...
2026-08-20 17:40:50,908  [INFO    ]  doc_uploader - Result appeared after 20s.
2026-08-20 17:40:52,010  [INFO    ]  doc_uploader - Screenshot saved: D:\ai_doc_automation\output\screenshots\20260820_174051_result_Buxi Jagabandhu Bidyadhar Autonomous College.png.png
2026-08-20 17:40:52,010  [INFO    ]  result_parser - Reading verdict from Overview tab...
2026-08-20 17:40:53,605  [INFO    ]  result_parser - Verdict: SUCCESS
2026-08-20 17:40:53,605  [INFO    ]  result_parser - Clicking Extraction tab...
2026-08-20 17:40:55,487  [INFO    ]  result_parser - On Extraction tab.
2026-08-20 17:40:55,489  [INFO    ]  result_parser - JS parse: 16 fields
2026-08-20 17:40:55,593  [INFO    ]  doc_uploader - Screenshot saved: D:\ai_doc_automation\output\screenshots\20260820_174055_extracted_Buxi Jagabandhu Bidyadhar Autonomous College.png.png
2026-08-20 17:40:55,709  [INFO    ]  main - [OK] Buxi Jagabandhu Bidyadhar Autonomous College.png: SUCCESS (39.8s)
2026-08-20 17:40:55,709  [INFO    ]  doc_uploader - Clicking 'New submission'...
2026-08-20 17:40:58,088  [INFO    ]  doc_uploader - New submission clicked — form reset.
2026-08-20 17:40:59,089  [INFO    ]  main - 
[7/43] D:\ai_doc_automation\Degree Certificate\Central Sanskit University.png
2026-08-20 17:40:59,089  [INFO    ]  main - ============================================================
2026-08-20 17:40:59,089  [INFO    ]  main - Processing [7/43]: Central Sanskit University.png  |  Graduation Certificate  |  Attempt 1
2026-08-20 17:40:59,089  [INFO    ]  main - ============================================================
2026-08-20 17:40:59,193  [INFO    ]  doc_uploader - Selecting document type: 'Graduation Certificate'
2026-08-20 17:40:59,231  [INFO    ]  doc_uploader - Selected by visible text: 'Graduation Certificate'
2026-08-20 17:40:59,231  [INFO    ]  doc_uploader - Ensuring 'Plain extraction' is selected...
2026-08-20 17:41:04,657  [INFO    ]  doc_uploader - Clicked Plain extraction text element.
2026-08-20 17:41:04,657  [INFO    ]  doc_uploader - Uploading file: D:\ai_doc_automation\Degree Certificate\Central Sanskit University.png
2026-08-20 17:41:04,657  [INFO    ]  doc_uploader - File input found via JS querySelector.
2026-08-20 17:41:06,999  [INFO    ]  doc_uploader - File uploaded successfully.
2026-08-20 17:41:06,999  [INFO    ]  doc_uploader - Pre-submit verification...
2026-08-20 17:41:07,075  [INFO    ]  doc_uploader - Ensuring 'Plain extraction' is selected...
2026-08-20 17:41:12,498  [INFO    ]  doc_uploader - Clicked Plain extraction text element.
2026-08-20 17:41:12,498  [INFO    ]  doc_uploader - Clicking 'Submit to engine'...
2026-08-20 17:41:12,860  [INFO    ]  doc_uploader - Submitted to engine. Waiting for result...
2026-08-20 17:41:12,860  [INFO    ]  doc_uploader - Waiting for engine result (timeout=180s)...
2026-08-20 17:41:12,886  [INFO    ]  doc_uploader -   [0s] Engine processing...
2026-08-20 17:41:17,904  [INFO    ]  doc_uploader -   [5s] Engine processing...
2026-08-20 17:41:22,907  [INFO    ]  doc_uploader -   [10s] Engine processing...
2026-08-20 17:41:27,922  [INFO    ]  doc_uploader -   [15s] Engine processing...
2026-08-20 17:41:37,993  [INFO    ]  doc_uploader - Result appeared after 20s.
2026-08-20 17:41:39,086  [INFO    ]  doc_uploader - Screenshot saved: D:\ai_doc_automation\output\screenshots\20260820_174138_result_Central Sanskit University.png.png
2026-08-20 17:41:39,086  [INFO    ]  result_parser - Reading verdict from Overview tab...
2026-08-20 17:41:40,680  [INFO    ]  result_parser - Verdict: SUCCESS
2026-08-20 17:41:40,680  [INFO    ]  result_parser - Clicking Extraction tab...
2026-08-20 17:41:42,590  [INFO    ]  result_parser - On Extraction tab.
2026-08-20 17:41:42,593  [INFO    ]  result_parser - JS parse: 16 fields
2026-08-20 17:41:42,706  [INFO    ]  doc_uploader - Screenshot saved: D:\ai_doc_automation\output\screenshots\20260820_174142_extracted_Central Sanskit University.png.png
2026-08-20 17:41:42,819  [INFO    ]  main - [OK] Central Sanskit University.png: SUCCESS (39.8s)
2026-08-20 17:41:42,819  [INFO    ]  doc_uploader - Clicking 'New submission'...
2026-08-20 17:41:45,197  [INFO    ]  doc_uploader - New submission clicked — form reset.
2026-08-20 17:41:46,198  [INFO    ]  main - 
[8/43] D:\ai_doc_automation\Degree Certificate\DAV Autonomous College.png
2026-08-20 17:41:46,198  [INFO    ]  main - ============================================================
2026-08-20 17:41:46,198  [INFO    ]  main - Processing [8/43]: DAV Autonomous College.png  |  Graduation Certificate  |  Attempt 1
2026-08-20 17:41:46,198  [INFO    ]  main - ============================================================
2026-08-20 17:41:46,286  [INFO    ]  doc_uploader - Selecting document type: 'Graduation Certificate'
2026-08-20 17:41:46,336  [INFO    ]  doc_uploader - Selected by visible text: 'Graduation Certificate'
2026-08-20 17:41:46,336  [INFO    ]  doc_uploader - Ensuring 'Plain extraction' is selected...
2026-08-20 17:41:51,739  [INFO    ]  doc_uploader - Clicked Plain extraction text element.
2026-08-20 17:41:51,740  [INFO    ]  doc_uploader - Uploading file: D:\ai_doc_automation\Degree Certificate\DAV Autonomous College.png
2026-08-20 17:41:51,745  [INFO    ]  doc_uploader - File input found via JS querySelector.
2026-08-20 17:41:54,068  [INFO    ]  doc_uploader - File uploaded successfully.
2026-08-20 17:41:54,068  [INFO    ]  doc_uploader - Pre-submit verification...
2026-08-20 17:41:54,151  [INFO    ]  doc_uploader - Ensuring 'Plain extraction' is selected...
2026-08-20 17:41:59,566  [INFO    ]  doc_uploader - Clicked Plain extraction text element.
2026-08-20 17:41:59,566  [INFO    ]  doc_uploader - Clicking 'Submit to engine'...
2026-08-20 17:41:59,925  [INFO    ]  doc_uploader - Submitted to engine. Waiting for result...
2026-08-20 17:41:59,925  [INFO    ]  doc_uploader - Waiting for engine result (timeout=180s)...
2026-08-20 17:41:59,937  [INFO    ]  doc_uploader -   [0s] Engine processing...
2026-08-20 17:42:04,950  [INFO    ]  doc_uploader -   [5s] Engine processing...
2026-08-20 17:42:09,968  [INFO    ]  doc_uploader -   [10s] Engine processing...
2026-08-20 17:42:14,983  [INFO    ]  doc_uploader -   [15s] Engine processing...
2026-08-20 17:42:25,031  [INFO    ]  doc_uploader - Result appeared after 20s.
2026-08-20 17:42:26,130  [INFO    ]  doc_uploader - Screenshot saved: D:\ai_doc_automation\output\screenshots\20260820_174226_result_DAV Autonomous College.png.png
2026-08-20 17:42:26,130  [INFO    ]  result_parser - Reading verdict from Overview tab...
2026-08-20 17:42:27,718  [INFO    ]  result_parser - Verdict: SUCCESS
2026-08-20 17:42:27,718  [INFO    ]  result_parser - Clicking Extraction tab...
2026-08-20 17:42:29,593  [INFO    ]  result_parser - On Extraction tab.
2026-08-20 17:42:29,593  [INFO    ]  result_parser - JS parse: 16 fields
2026-08-20 17:42:29,697  [INFO    ]  doc_uploader - Screenshot saved: D:\ai_doc_automation\output\screenshots\20260820_174229_extracted_DAV Autonomous College.png.png
2026-08-20 17:42:29,833  [INFO    ]  main - [OK] DAV Autonomous College.png: SUCCESS (39.7s)
2026-08-20 17:42:29,833  [INFO    ]  doc_uploader - Clicking 'New submission'...
2026-08-20 17:42:32,210  [INFO    ]  doc_uploader - New submission clicked — form reset.
2026-08-20 17:42:33,212  [INFO    ]  main - 
[9/43] D:\ai_doc_automation\Degree Certificate\Dhenkanal Autonomous College.png
2026-08-20 17:42:33,212  [INFO    ]  main - ============================================================
2026-08-20 17:42:33,212  [INFO    ]  main - Processing [9/43]: Dhenkanal Autonomous College.png  |  Graduation Certificate  |  Attempt 1
2026-08-20 17:42:33,212  [INFO    ]  main - ============================================================
2026-08-20 17:42:33,313  [INFO    ]  doc_uploader - Selecting document type: 'Graduation Certificate'
2026-08-20 17:42:33,348  [INFO    ]  doc_uploader - Selected by visible text: 'Graduation Certificate'
2026-08-20 17:42:33,348  [INFO    ]  doc_uploader - Ensuring 'Plain extraction' is selected...
2026-08-20 17:42:38,774  [INFO    ]  doc_uploader - Clicked Plain extraction text element.
2026-08-20 17:42:38,775  [INFO    ]  doc_uploader - Uploading file: D:\ai_doc_automation\Degree Certificate\Dhenkanal Autonomous College.png
2026-08-20 17:42:38,780  [INFO    ]  doc_uploader - File input found via JS querySelector.
2026-08-20 17:42:41,111  [INFO    ]  doc_uploader - File uploaded successfully.
2026-08-20 17:42:41,111  [INFO    ]  doc_uploader - Pre-submit verification...
2026-08-20 17:42:41,195  [INFO    ]  doc_uploader - Ensuring 'Plain extraction' is selected...
2026-08-20 17:42:46,626  [INFO    ]  doc_uploader - Clicked Plain extraction text element.
2026-08-20 17:42:46,626  [INFO    ]  doc_uploader - Clicking 'Submit to engine'...
2026-08-20 17:42:47,003  [INFO    ]  doc_uploader - Submitted to engine. Waiting for result...
2026-08-20 17:42:47,003  [INFO    ]  doc_uploader - Waiting for engine result (timeout=180s)...
2026-08-20 17:42:47,018  [INFO    ]  doc_uploader -   [0s] Engine processing...
2026-08-20 17:42:52,040  [INFO    ]  doc_uploader -   [5s] Engine processing...
2026-08-20 17:42:57,056  [INFO    ]  doc_uploader -   [10s] Engine processing...
2026-08-20 17:43:02,072  [INFO    ]  doc_uploader -   [15s] Engine processing...
2026-08-20 17:43:12,098  [INFO    ]  doc_uploader - Result appeared after 20s.
2026-08-20 17:43:13,206  [INFO    ]  doc_uploader - Screenshot saved: D:\ai_doc_automation\output\screenshots\20260820_174313_result_Dhenkanal Autonomous College.png.png
2026-08-20 17:43:13,206  [INFO    ]  result_parser - Reading verdict from Overview tab...
2026-08-20 17:43:14,803  [INFO    ]  result_parser - Verdict: SUCCESS
2026-08-20 17:43:14,803  [INFO    ]  result_parser - Clicking Extraction tab...
2026-08-20 17:43:16,680  [INFO    ]  result_parser - On Extraction tab.
2026-08-20 17:43:16,685  [INFO    ]  result_parser - JS parse: 16 fields
2026-08-20 17:43:16,790  [INFO    ]  doc_uploader - Screenshot saved: D:\ai_doc_automation\output\screenshots\20260820_174316_extracted_Dhenkanal Autonomous College.png.png
2026-08-20 17:43:16,919  [INFO    ]  main - [OK] Dhenkanal Autonomous College.png: SUCCESS (39.8s)
2026-08-20 17:43:16,919  [INFO    ]  doc_uploader - Clicking 'New submission'...
2026-08-20 17:43:19,295  [INFO    ]  doc_uploader - New submission clicked — form reset.
2026-08-20 17:43:20,295  [INFO    ]  main - 
[10/43] D:\ai_doc_automation\Degree Certificate\Gangadhar Meher University.png
2026-08-20 17:43:20,295  [INFO    ]  main - ============================================================
2026-08-20 17:43:20,296  [INFO    ]  main - Processing [10/43]: Gangadhar Meher University.png  |  Graduation Certificate  |  Attempt 1
2026-08-20 17:43:20,296  [INFO    ]  main - ============================================================
2026-08-20 17:43:20,419  [INFO    ]  doc_uploader - Selecting document type: 'Graduation Certificate'
2026-08-20 17:43:20,470  [INFO    ]  doc_uploader - Selected by visible text: 'Graduation Certificate'
2026-08-20 17:43:20,470  [INFO    ]  doc_uploader - Ensuring 'Plain extraction' is selected...
2026-08-20 17:43:25,872  [INFO    ]  doc_uploader - Clicked Plain extraction text element.
2026-08-20 17:43:25,872  [INFO    ]  doc_uploader - Uploading file: D:\ai_doc_automation\Degree Certificate\Gangadhar Meher University.png
2026-08-20 17:43:25,891  [INFO    ]  doc_uploader - File input found via JS querySelector.
2026-08-20 17:43:28,217  [INFO    ]  doc_uploader - File uploaded successfully.
2026-08-20 17:43:28,217  [INFO    ]  doc_uploader - Pre-submit verification...
2026-08-20 17:43:28,322  [INFO    ]  doc_uploader - Ensuring 'Plain extraction' is selected...
2026-08-20 17:43:33,745  [INFO    ]  doc_uploader - Clicked Plain extraction text element.
2026-08-20 17:43:33,745  [INFO    ]  doc_uploader - Clicking 'Submit to engine'...
2026-08-20 17:43:34,106  [INFO    ]  doc_uploader - Submitted to engine. Waiting for result...
2026-08-20 17:43:34,106  [INFO    ]  doc_uploader - Waiting for engine result (timeout=180s)...
2026-08-20 17:43:34,121  [INFO    ]  doc_uploader -   [0s] Engine processing...
2026-08-20 17:43:39,138  [INFO    ]  doc_uploader -   [5s] Engine processing...
2026-08-20 17:43:44,153  [INFO    ]  doc_uploader -   [10s] Engine processing...
2026-08-20 17:43:49,170  [INFO    ]  doc_uploader -   [15s] Engine processing...
2026-08-20 17:43:59,357  [INFO    ]  doc_uploader - Result appeared after 20s.
2026-08-20 17:44:00,555  [INFO    ]  doc_uploader - Screenshot saved: D:\ai_doc_automation\output\screenshots\20260820_174400_result_Gangadhar Meher University.png.png
2026-08-20 17:44:00,555  [INFO    ]  result_parser - Reading verdict from Overview tab...
2026-08-20 17:44:02,154  [INFO    ]  result_parser - Verdict: SUCCESS
2026-08-20 17:44:02,154  [INFO    ]  result_parser - Clicking Extraction tab...
2026-08-20 17:44:04,025  [INFO    ]  result_parser - On Extraction tab.
2026-08-20 17:44:04,034  [INFO    ]  result_parser - JS parse: 16 fields
2026-08-20 17:44:04,157  [INFO    ]  doc_uploader - Screenshot saved: D:\ai_doc_automation\output\screenshots\20260820_174404_extracted_Gangadhar Meher University.png.png
2026-08-20 17:44:04,300  [INFO    ]  main - [OK] Gangadhar Meher University.png: SUCCESS (40.0s)
2026-08-20 17:44:04,300  [INFO    ]  doc_uploader - Clicking 'New submission'...
2026-08-20 17:44:06,674  [INFO    ]  doc_uploader - New submission clicked — form reset.
2026-08-20 17:44:07,675  [INFO    ]  main - 
[11/43] D:\ai_doc_automation\Degree Certificate\GIET Cirtificate .pdf
2026-08-20 17:44:07,675  [INFO    ]  main - ============================================================
2026-08-20 17:44:07,676  [INFO    ]  main - Processing [11/43]: GIET Cirtificate .pdf  |  Graduation Certificate  |  Attempt 1
2026-08-20 17:44:07,676  [INFO    ]  main - ============================================================
2026-08-20 17:44:07,782  [INFO    ]  doc_uploader - Selecting document type: 'Graduation Certificate'
2026-08-20 17:44:07,817  [INFO    ]  doc_uploader - Selected by visible text: 'Graduation Certificate'
2026-08-20 17:44:07,817  [INFO    ]  doc_uploader - Ensuring 'Plain extraction' is selected...
2026-08-20 17:44:13,245  [INFO    ]  doc_uploader - Clicked Plain extraction text element.
2026-08-20 17:44:13,245  [INFO    ]  doc_uploader - Uploading file: D:\ai_doc_automation\Degree Certificate\GIET Cirtificate .pdf
2026-08-20 17:44:13,252  [INFO    ]  doc_uploader - File input found via JS querySelector.
2026-08-20 17:44:15,585  [INFO    ]  doc_uploader - File uploaded successfully.
2026-08-20 17:44:15,585  [INFO    ]  doc_uploader - Pre-submit verification...
2026-08-20 17:44:15,691  [INFO    ]  doc_uploader - Ensuring 'Plain extraction' is selected...
2026-08-20 17:44:21,090  [INFO    ]  doc_uploader - Clicked Plain extraction text element.
2026-08-20 17:44:21,090  [INFO    ]  doc_uploader - Clicking 'Submit to engine'...
2026-08-20 17:44:21,454  [INFO    ]  doc_uploader - Submitted to engine. Waiting for result...
2026-08-20 17:44:21,454  [INFO    ]  doc_uploader - Waiting for engine result (timeout=180s)...
2026-08-20 17:44:21,484  [INFO    ]  doc_uploader -   [0s] Engine processing...
2026-08-20 17:44:26,497  [INFO    ]  doc_uploader -   [5s] Engine processing...
2026-08-20 17:44:31,524  [INFO    ]  doc_uploader -   [10s] Engine processing...
2026-08-20 17:44:36,536  [INFO    ]  doc_uploader -   [15s] Engine processing...
2026-08-20 17:44:41,546  [INFO    ]  doc_uploader -   [20s] Engine processing...
2026-08-20 17:44:46,577  [INFO    ]  doc_uploader -   [25s] Engine processing...
2026-08-20 17:44:51,596  [INFO    ]  doc_uploader -   [30s] Engine processing...
2026-08-20 17:44:56,612  [INFO    ]  doc_uploader -   [35s] Engine processing...
2026-08-20 17:45:01,628  [INFO    ]  doc_uploader -   [40s] Engine processing...
2026-08-20 17:45:06,655  [INFO    ]  doc_uploader -   [45s] Engine processing...
2026-08-20 17:45:11,669  [INFO    ]  doc_uploader -   [50s] Engine processing...
2026-08-20 17:45:16,686  [INFO    ]  doc_uploader -   [55s] Engine processing...
2026-08-20 17:45:21,690  [INFO    ]  doc_uploader -   [60s] Engine processing...
2026-08-20 17:45:26,713  [INFO    ]  doc_uploader -   [65s] Engine processing...
2026-08-20 17:45:31,722  [INFO    ]  doc_uploader -   [70s] Engine processing...
2026-08-20 17:45:36,746  [INFO    ]  doc_uploader -   [75s] Engine processing...
2026-08-20 17:45:41,774  [INFO    ]  doc_uploader -   [80s] Engine processing...
2026-08-20 17:45:46,793  [INFO    ]  doc_uploader -   [85s] Engine processing...
2026-08-20 17:45:51,812  [INFO    ]  doc_uploader -   [90s] Engine processing...
2026-08-20 17:45:56,831  [INFO    ]  doc_uploader -   [95s] Engine processing...
2026-08-20 17:46:01,832  [INFO    ]  doc_uploader -   [100s] Engine processing...
2026-08-20 17:46:06,863  [INFO    ]  doc_uploader -   [105s] Engine processing...
2026-08-20 17:46:11,883  [INFO    ]  doc_uploader -   [110s] Engine processing...
2026-08-20 17:46:16,902  [INFO    ]  doc_uploader -   [115s] Engine processing...
2026-08-20 17:46:21,907  [INFO    ]  doc_uploader -   [120s] Engine processing...
2026-08-20 17:46:26,937  [INFO    ]  doc_uploader -   [125s] Engine processing...
2026-08-20 17:46:31,948  [INFO    ]  doc_uploader -   [130s] Engine processing...
2026-08-20 17:46:36,980  [INFO    ]  doc_uploader -   [135s] Engine processing...
2026-08-20 17:46:41,997  [INFO    ]  doc_uploader -   [140s] Engine processing...
2026-08-20 17:46:47,002  [INFO    ]  doc_uploader -   [145s] Engine processing...
2026-08-20 17:46:52,023  [INFO    ]  doc_uploader -   [150s] Engine processing...
2026-08-20 17:46:57,030  [INFO    ]  doc_uploader -   [155s] Engine processing...
2026-08-20 17:47:02,058  [INFO    ]  doc_uploader -   [160s] Engine processing...
2026-08-20 17:47:07,064  [INFO    ]  doc_uploader -   [165s] Engine processing...
2026-08-20 17:47:12,090  [INFO    ]  doc_uploader -   [170s] Engine processing...
2026-08-20 17:47:17,100  [INFO    ]  doc_uploader -   [175s] Engine processing...
2026-08-20 17:47:22,110  [WARNING ]  doc_uploader - Engine timeout after 180s.
2026-08-20 17:47:22,110  [WARNING ]  main - Timeout on attempt 1. Retrying...
2026-08-20 17:47:22,207  [INFO    ]  doc_uploader - Clicking 'New submission'...
2026-08-20 17:47:24,593  [INFO    ]  doc_uploader - New submission clicked — form reset.
2026-08-20 17:47:24,593  [INFO    ]  doc_uploader - Navigating to 'Verify Document' page...
2026-08-20 17:47:26,481  [INFO    ]  doc_uploader - On Verify Document page.
2026-08-20 17:47:26,481  [INFO    ]  main - ============================================================
2026-08-20 17:47:26,482  [INFO    ]  main - Processing [11/43]: GIET Cirtificate .pdf  |  Graduation Certificate  |  Attempt 2
2026-08-20 17:47:26,482  [INFO    ]  main - ============================================================
2026-08-20 17:47:26,593  [INFO    ]  doc_uploader - Selecting document type: 'Graduation Certificate'
2026-08-20 17:47:26,674  [INFO    ]  doc_uploader - Selected by visible text: 'Graduation Certificate'
2026-08-20 17:47:26,676  [INFO    ]  doc_uploader - Ensuring 'Plain extraction' is selected...
2026-08-20 17:47:32,108  [INFO    ]  doc_uploader - Clicked Plain extraction text element.
2026-08-20 17:47:32,108  [INFO    ]  doc_uploader - Uploading file: D:\ai_doc_automation\Degree Certificate\GIET Cirtificate .pdf
2026-08-20 17:47:32,128  [INFO    ]  doc_uploader - File input found via JS querySelector.
2026-08-20 17:47:34,470  [INFO    ]  doc_uploader - File uploaded successfully.
2026-08-20 17:47:34,470  [INFO    ]  doc_uploader - Pre-submit verification...
2026-08-20 17:47:34,537  [WARNING ]  doc_uploader - Dropdown mismatch! Expected 'Graduation Certificate', found 'Aadhaar Card'. Re-selecting.
2026-08-20 17:47:34,537  [INFO    ]  doc_uploader - Selecting document type: 'Graduation Certificate'
2026-08-20 17:47:34,609  [INFO    ]  doc_uploader - Selected by visible text: 'Graduation Certificate'
2026-08-20 17:47:34,609  [INFO    ]  doc_uploader - Ensuring 'Plain extraction' is selected...
2026-08-20 17:47:40,029  [INFO    ]  doc_uploader - Clicked Plain extraction text element.
2026-08-20 17:47:40,029  [INFO    ]  doc_uploader - Clicking 'Submit to engine'...
2026-08-20 17:47:40,409  [INFO    ]  doc_uploader - Submitted to engine. Waiting for result...
2026-08-20 17:47:40,409  [INFO    ]  doc_uploader - Waiting for engine result (timeout=180s)...
2026-08-20 17:47:40,429  [INFO    ]  doc_uploader -   [0s] Engine processing...
2026-08-20 17:47:45,451  [INFO    ]  doc_uploader -   [5s] Engine processing...
2026-08-20 17:47:50,465  [INFO    ]  doc_uploader -   [10s] Engine processing...
2026-08-20 17:47:55,468  [INFO    ]  doc_uploader -   [15s] Engine processing...
2026-08-20 17:48:00,483  [INFO    ]  doc_uploader -   [20s] Engine processing...
2026-08-20 17:48:05,520  [INFO    ]  doc_uploader -   [25s] Engine processing...
2026-08-20 17:48:10,531  [INFO    ]  doc_uploader -   [30s] Engine processing...
2026-08-20 17:48:15,564  [INFO    ]  doc_uploader -   [35s] Engine processing...
2026-08-20 17:48:20,582  [INFO    ]  doc_uploader -   [40s] Engine processing...
2026-08-20 17:48:25,596  [INFO    ]  doc_uploader -   [45s] Engine processing...
2026-08-20 17:48:30,612  [INFO    ]  doc_uploader -   [50s] Engine processing...
2026-08-20 17:48:35,628  [INFO    ]  doc_uploader -   [55s] Engine processing...
2026-08-20 17:48:40,644  [INFO    ]  doc_uploader -   [60s] Engine processing...
2026-08-20 17:48:45,661  [INFO    ]  doc_uploader -   [65s] Engine processing...
2026-08-20 17:48:50,684  [INFO    ]  doc_uploader -   [70s] Engine processing...
2026-08-20 17:48:55,709  [INFO    ]  doc_uploader -   [75s] Engine processing...
2026-08-20 17:49:00,730  [INFO    ]  doc_uploader -   [80s] Engine processing...
2026-08-20 17:49:05,749  [INFO    ]  doc_uploader -   [85s] Engine processing...
2026-08-20 17:49:10,757  [INFO    ]  doc_uploader -   [90s] Engine processing...
2026-08-20 17:49:15,785  [INFO    ]  doc_uploader -   [95s] Engine processing...
2026-08-20 17:49:20,807  [INFO    ]  doc_uploader -   [100s] Engine processing...
2026-08-20 17:49:25,821  [INFO    ]  doc_uploader -   [105s] Engine processing...
2026-08-20 17:49:30,837  [INFO    ]  doc_uploader -   [110s] Engine processing...
2026-08-20 17:49:35,853  [INFO    ]  doc_uploader -   [115s] Engine processing...
2026-08-20 17:49:40,869  [INFO    ]  doc_uploader -   [120s] Engine processing...
2026-08-20 17:49:45,885  [INFO    ]  doc_uploader -   [125s] Engine processing...
2026-08-20 17:49:50,901  [INFO    ]  doc_uploader -   [130s] Engine processing...
2026-08-20 17:49:55,918  [INFO    ]  doc_uploader -   [135s] Engine processing...
2026-08-20 17:50:00,972  [INFO    ]  doc_uploader -   [140s] Engine processing...
2026-08-20 17:50:05,989  [INFO    ]  doc_uploader -   [145s] Engine processing...
2026-08-20 17:50:11,021  [INFO    ]  doc_uploader -   [150s] Engine processing...
2026-08-20 17:50:16,036  [INFO    ]  doc_uploader -   [155s] Engine processing...
2026-08-20 17:50:21,052  [INFO    ]  doc_uploader -   [160s] Engine processing...
2026-08-20 17:50:26,068  [INFO    ]  doc_uploader -   [165s] Engine processing...
2026-08-20 17:50:31,074  [INFO    ]  doc_uploader -   [170s] Engine processing...
2026-08-20 17:50:36,092  [INFO    ]  doc_uploader -   [175s] Engine processing...
2026-08-20 17:50:41,101  [WARNING ]  doc_uploader - Engine timeout after 180s.
2026-08-20 17:50:41,317  [INFO    ]  doc_uploader - Screenshot saved: D:\ai_doc_automation\output\screenshots\20260820_175041_timeout_GIET Cirtificate .pdf.png
2026-08-20 17:50:41,410  [INFO    ]  doc_uploader - Screenshot saved: D:\ai_doc_automation\output\screenshots\20260820_175041_timeout_GIET Cirtificate .pdf.png
2026-08-20 17:50:41,559  [INFO    ]  main - [FAIL] GIET Cirtificate .pdf: TIMEOUT (194.5s)
2026-08-20 17:50:41,559  [INFO    ]  doc_uploader - Clicking 'New submission'...
2026-08-20 17:50:43,939  [INFO    ]  doc_uploader - New submission clicked — form reset.
2026-08-20 17:50:44,940  [INFO    ]  main - 
[12/43] D:\ai_doc_automation\Degree Certificate\Govt Autonomous College Anugul.png
2026-08-20 17:50:44,940  [INFO    ]  main - ============================================================
2026-08-20 17:50:44,940  [INFO    ]  main - Processing [12/43]: Govt Autonomous College Anugul.png  |  Graduation Certificate  |  Attempt 1
2026-08-20 17:50:44,940  [INFO    ]  main - ============================================================
2026-08-20 17:50:45,050  [INFO    ]  doc_uploader - Selecting document type: 'Graduation Certificate'
2026-08-20 17:50:45,095  [INFO    ]  doc_uploader - Selected by visible text: 'Graduation Certificate'
2026-08-20 17:50:45,095  [INFO    ]  doc_uploader - Ensuring 'Plain extraction' is selected...
2026-08-20 17:50:50,503  [INFO    ]  doc_uploader - Clicked Plain extraction text element.
2026-08-20 17:50:50,504  [INFO    ]  doc_uploader - Uploading file: D:\ai_doc_automation\Degree Certificate\Govt Autonomous College Anugul.png
2026-08-20 17:50:50,509  [INFO    ]  doc_uploader - File input found via JS querySelector.
2026-08-20 17:50:52,841  [INFO    ]  doc_uploader - File uploaded successfully.
2026-08-20 17:50:52,841  [INFO    ]  doc_uploader - Pre-submit verification...
2026-08-20 17:50:52,927  [INFO    ]  doc_uploader - Ensuring 'Plain extraction' is selected...
2026-08-20 17:50:58,317  [INFO    ]  doc_uploader - Clicked Plain extraction text element.
2026-08-20 17:50:58,317  [INFO    ]  doc_uploader - Clicking 'Submit to engine'...
2026-08-20 17:50:58,685  [INFO    ]  doc_uploader - Submitted to engine. Waiting for result...
2026-08-20 17:50:58,685  [INFO    ]  doc_uploader - Waiting for engine result (timeout=180s)...
2026-08-20 17:50:58,701  [INFO    ]  doc_uploader -   [0s] Engine processing...
2026-08-20 17:51:03,708  [INFO    ]  doc_uploader -   [5s] Engine processing...
2026-08-20 17:51:08,742  [INFO    ]  doc_uploader -   [10s] Engine processing...
2026-08-20 17:51:13,756  [INFO    ]  doc_uploader -   [15s] Engine processing...
2026-08-20 17:51:23,793  [INFO    ]  doc_uploader - Result appeared after 20s.
2026-08-20 17:51:25,001  [INFO    ]  doc_uploader - Screenshot saved: D:\ai_doc_automation\output\screenshots\20260820_175124_result_Govt Autonomous College Anugul.png.png
2026-08-20 17:51:25,001  [INFO    ]  result_parser - Reading verdict from Overview tab...
2026-08-20 17:51:26,619  [INFO    ]  result_parser - Verdict: SUCCESS
2026-08-20 17:51:26,620  [INFO    ]  result_parser - Clicking Extraction tab...
2026-08-20 17:51:28,498  [INFO    ]  result_parser - On Extraction tab.
2026-08-20 17:51:28,507  [INFO    ]  result_parser - JS parse: 16 fields
2026-08-20 17:51:28,628  [INFO    ]  doc_uploader - Screenshot saved: D:\ai_doc_automation\output\screenshots\20260820_175128_extracted_Govt Autonomous College Anugul.png.png
2026-08-20 17:51:28,737  [INFO    ]  main - [OK] Govt Autonomous College Anugul.png: SUCCESS (39.7s)
2026-08-20 17:51:28,737  [INFO    ]  doc_uploader - Clicking 'New submission'...
2026-08-20 17:51:31,124  [INFO    ]  doc_uploader - New submission clicked — form reset.
2026-08-20 17:51:32,124  [INFO    ]  main - 
[13/43] D:\ai_doc_automation\Degree Certificate\Gulbarga University Degree Certificate.pdf
2026-08-20 17:51:32,124  [INFO    ]  main - ============================================================
2026-08-20 17:51:32,124  [INFO    ]  main - Processing [13/43]: Gulbarga University Degree Certificate.pdf  |  Graduation Certificate  |  Attempt 1
2026-08-20 17:51:32,124  [INFO    ]  main - ============================================================
2026-08-20 17:51:32,227  [INFO    ]  doc_uploader - Selecting document type: 'Graduation Certificate'
2026-08-20 17:51:32,257  [INFO    ]  doc_uploader - Selected by visible text: 'Graduation Certificate'
2026-08-20 17:51:32,257  [INFO    ]  doc_uploader - Ensuring 'Plain extraction' is selected...
2026-08-20 17:51:37,646  [INFO    ]  doc_uploader - Clicked Plain extraction text element.
2026-08-20 17:51:37,647  [INFO    ]  doc_uploader - Uploading file: D:\ai_doc_automation\Degree Certificate\Gulbarga University Degree Certificate.pdf
2026-08-20 17:51:37,653  [INFO    ]  doc_uploader - File input found via JS querySelector.
2026-08-20 17:51:39,989  [INFO    ]  doc_uploader - File uploaded successfully.
2026-08-20 17:51:39,989  [INFO    ]  doc_uploader - Pre-submit verification...
2026-08-20 17:51:40,074  [INFO    ]  doc_uploader - Ensuring 'Plain extraction' is selected...
2026-08-20 17:51:45,453  [INFO    ]  doc_uploader - Clicked Plain extraction text element.
2026-08-20 17:51:45,453  [INFO    ]  doc_uploader - Clicking 'Submit to engine'...
2026-08-20 17:51:45,843  [INFO    ]  doc_uploader - Submitted to engine. Waiting for result...
2026-08-20 17:51:45,843  [INFO    ]  doc_uploader - Waiting for engine result (timeout=180s)...
2026-08-20 17:51:45,869  [INFO    ]  doc_uploader -   [0s] Engine processing...
2026-08-20 17:51:50,876  [INFO    ]  doc_uploader -   [5s] Engine processing...
2026-08-20 17:51:55,901  [INFO    ]  doc_uploader -   [10s] Engine processing...
2026-08-20 17:52:00,924  [INFO    ]  doc_uploader -   [15s] Engine processing...
2026-08-20 17:52:11,027  [INFO    ]  doc_uploader - Result appeared after 20s.
2026-08-20 17:52:12,223  [INFO    ]  doc_uploader - Screenshot saved: D:\ai_doc_automation\output\screenshots\20260820_175212_result_Gulbarga University Degree Certificate.pdf.png
2026-08-20 17:52:12,223  [INFO    ]  result_parser - Reading verdict from Overview tab...
2026-08-20 17:52:23,288  [WARNING ]  result_parser - Overview tab not found — reading current page.
2026-08-20 17:52:33,396  [INFO    ]  result_parser - Verdict: FAILED - Unknown error
2026-08-20 17:52:33,396  [INFO    ]  result_parser - Skipping extraction (status=FAILED).
2026-08-20 17:52:33,528  [INFO    ]  main - [FAIL] Gulbarga University Degree Certificate.pdf: FAILED (39.8s)
2026-08-20 17:52:33,528  [INFO    ]  doc_uploader - Clicking 'New submission'...
2026-08-20 17:52:44,084  [WARNING ]  doc_uploader - 'New submission' not found. Navigating to Verify Document via sidebar.
2026-08-20 17:52:44,084  [INFO    ]  doc_uploader - Navigating to 'Verify Document' page...
2026-08-20 17:52:45,967  [INFO    ]  doc_uploader - On Verify Document page.
2026-08-20 17:52:46,968  [INFO    ]  main - 
[14/43] D:\ai_doc_automation\Degree Certificate\Gurukul Kangri Vishwavidyalaya.png
2026-08-20 17:52:46,968  [INFO    ]  main - ============================================================
2026-08-20 17:52:46,968  [INFO    ]  main - Processing [14/43]: Gurukul Kangri Vishwavidyalaya.png  |  Graduation Certificate  |  Attempt 1
2026-08-20 17:52:46,968  [INFO    ]  main - ============================================================
2026-08-20 17:52:47,073  [INFO    ]  doc_uploader - Selecting document type: 'Graduation Certificate'
2026-08-20 17:52:47,143  [INFO    ]  doc_uploader - Selected by visible text: 'Graduation Certificate'
2026-08-20 17:52:47,143  [INFO    ]  doc_uploader - Ensuring 'Plain extraction' is selected...
2026-08-20 17:52:52,594  [INFO    ]  doc_uploader - Clicked Plain extraction text element.
2026-08-20 17:52:52,594  [INFO    ]  doc_uploader - Uploading file: D:\ai_doc_automation\Degree Certificate\Gurukul Kangri Vishwavidyalaya.png
2026-08-20 17:52:52,594  [INFO    ]  doc_uploader - File input found via JS querySelector.
2026-08-20 17:52:54,927  [INFO    ]  doc_uploader - File uploaded successfully.
2026-08-20 17:52:54,927  [INFO    ]  doc_uploader - Pre-submit verification...
2026-08-20 17:52:54,991  [WARNING ]  doc_uploader - Dropdown mismatch! Expected 'Graduation Certificate', found 'Aadhaar Card'. Re-selecting.
2026-08-20 17:52:54,992  [INFO    ]  doc_uploader - Selecting document type: 'Graduation Certificate'
2026-08-20 17:52:55,059  [INFO    ]  doc_uploader - Selected by visible text: 'Graduation Certificate'
2026-08-20 17:52:55,059  [INFO    ]  doc_uploader - Ensuring 'Plain extraction' is selected...
2026-08-20 17:53:00,458  [INFO    ]  doc_uploader - Clicked Plain extraction text element.
2026-08-20 17:53:00,458  [INFO    ]  doc_uploader - Clicking 'Submit to engine'...
2026-08-20 17:53:00,843  [INFO    ]  doc_uploader - Submitted to engine. Waiting for result...
2026-08-20 17:53:00,843  [INFO    ]  doc_uploader - Waiting for engine result (timeout=180s)...
2026-08-20 17:53:00,858  [INFO    ]  doc_uploader -   [0s] Engine processing...
2026-08-20 17:53:05,874  [INFO    ]  doc_uploader -   [5s] Engine processing...
2026-08-20 17:53:10,889  [INFO    ]  doc_uploader -   [10s] Engine processing...
2026-08-20 17:53:15,918  [INFO    ]  doc_uploader -   [15s] Engine processing...
2026-08-20 17:53:20,922  [INFO    ]  doc_uploader -   [20s] Engine processing...
2026-08-20 17:53:31,008  [INFO    ]  doc_uploader - Result appeared after 25s.
2026-08-20 17:53:32,129  [INFO    ]  doc_uploader - Screenshot saved: D:\ai_doc_automation\output\screenshots\20260820_175332_result_Gurukul Kangri Vishwavidyalaya.png.png
2026-08-20 17:53:32,129  [INFO    ]  result_parser - Reading verdict from Overview tab...
2026-08-20 17:53:33,725  [INFO    ]  result_parser - Verdict: SUCCESS
2026-08-20 17:53:33,725  [INFO    ]  result_parser - Clicking Extraction tab...
2026-08-20 17:53:35,591  [INFO    ]  result_parser - On Extraction tab.
2026-08-20 17:53:35,591  [INFO    ]  result_parser - JS parse: 16 fields
2026-08-20 17:53:35,703  [INFO    ]  doc_uploader - Screenshot saved: D:\ai_doc_automation\output\screenshots\20260820_175335_extracted_Gurukul Kangri Vishwavidyalaya.png.png
2026-08-20 17:53:35,835  [INFO    ]  main - [OK] Gurukul Kangri Vishwavidyalaya.png: SUCCESS (44.9s)
2026-08-20 17:53:35,835  [INFO    ]  doc_uploader - Clicking 'New submission'...
2026-08-20 17:53:38,216  [INFO    ]  doc_uploader - New submission clicked — form reset.
2026-08-20 17:53:39,218  [INFO    ]  main - 
[15/43] D:\ai_doc_automation\Degree Certificate\India Result Image .png
2026-08-20 17:53:39,218  [INFO    ]  main - ============================================================
2026-08-20 17:53:39,220  [INFO    ]  main - Processing [15/43]: India Result Image .png  |  Graduation Certificate  |  Attempt 1
2026-08-20 17:53:39,220  [INFO    ]  main - ============================================================
2026-08-20 17:53:39,340  [INFO    ]  doc_uploader - Selecting document type: 'Graduation Certificate'
2026-08-20 17:53:39,368  [INFO    ]  doc_uploader - Selected by visible text: 'Graduation Certificate'
2026-08-20 17:53:39,368  [INFO    ]  doc_uploader - Ensuring 'Plain extraction' is selected...
2026-08-20 17:53:44,797  [INFO    ]  doc_uploader - Clicked Plain extraction text element.
2026-08-20 17:53:44,813  [INFO    ]  doc_uploader - Uploading file: D:\ai_doc_automation\Degree Certificate\India Result Image .png
2026-08-20 17:53:44,813  [INFO    ]  doc_uploader - File input found via JS querySelector.
2026-08-20 17:53:47,150  [INFO    ]  doc_uploader - File uploaded successfully.
2026-08-20 17:53:47,150  [INFO    ]  doc_uploader - Pre-submit verification...
2026-08-20 17:53:47,240  [INFO    ]  doc_uploader - Ensuring 'Plain extraction' is selected...
2026-08-20 17:53:52,651  [INFO    ]  doc_uploader - Clicked Plain extraction text element.
2026-08-20 17:53:52,651  [INFO    ]  doc_uploader - Clicking 'Submit to engine'...
2026-08-20 17:53:53,020  [INFO    ]  doc_uploader - Submitted to engine. Waiting for result...
2026-08-20 17:53:53,020  [INFO    ]  doc_uploader - Waiting for engine result (timeout=180s)...
2026-08-20 17:53:53,044  [INFO    ]  doc_uploader -   [0s] Engine processing...
2026-08-20 17:53:58,050  [INFO    ]  doc_uploader -   [5s] Engine processing...
2026-08-20 17:54:03,066  [INFO    ]  doc_uploader -   [10s] Engine processing...
2026-08-20 17:54:08,082  [INFO    ]  doc_uploader -   [15s] Engine processing...
2026-08-20 17:54:18,113  [INFO    ]  doc_uploader - Result appeared after 20s.
2026-08-20 17:54:19,222  [INFO    ]  doc_uploader - Screenshot saved: D:\ai_doc_automation\output\screenshots\20260820_175419_result_India Result Image .png.png
2026-08-20 17:54:19,223  [INFO    ]  result_parser - Reading verdict from Overview tab...
2026-08-20 17:54:20,826  [INFO    ]  result_parser - Verdict: SUCCESS
2026-08-20 17:54:20,826  [INFO    ]  result_parser - Clicking Extraction tab...
2026-08-20 17:54:22,694  [INFO    ]  result_parser - On Extraction tab.
2026-08-20 17:54:22,699  [INFO    ]  result_parser - JS parse: 16 fields
2026-08-20 17:54:22,847  [INFO    ]  doc_uploader - Screenshot saved: D:\ai_doc_automation\output\screenshots\20260820_175422_extracted_India Result Image .png.png
2026-08-20 17:54:23,023  [INFO    ]  main - [OK] India Result Image .png: SUCCESS (39.8s)
2026-08-20 17:54:23,023  [INFO    ]  doc_uploader - Clicking 'New submission'...
2026-08-20 17:54:25,409  [INFO    ]  doc_uploader - New submission clicked — form reset.
2026-08-20 17:54:26,410  [INFO    ]  main - 
[16/43] D:\ai_doc_automation\Degree Certificate\Indira Gandhi Naional Tribal University.png
2026-08-20 17:54:26,410  [INFO    ]  main - ============================================================
2026-08-20 17:54:26,410  [INFO    ]  main - Processing [16/43]: Indira Gandhi Naional Tribal University.png  |  Graduation Certificate  |  Attempt 1
2026-08-20 17:54:26,410  [INFO    ]  main - ============================================================
2026-08-20 17:54:26,503  [INFO    ]  doc_uploader - Selecting document type: 'Graduation Certificate'
2026-08-20 17:54:26,551  [INFO    ]  doc_uploader - Selected by visible text: 'Graduation Certificate'
2026-08-20 17:54:26,551  [INFO    ]  doc_uploader - Ensuring 'Plain extraction' is selected...
2026-08-20 17:54:31,979  [INFO    ]  doc_uploader - Clicked Plain extraction text element.
2026-08-20 17:54:31,979  [INFO    ]  doc_uploader - Uploading file: D:\ai_doc_automation\Degree Certificate\Indira Gandhi Naional Tribal University.png
2026-08-20 17:54:31,998  [INFO    ]  doc_uploader - File input found via JS querySelector.
2026-08-20 17:54:34,328  [INFO    ]  doc_uploader - File uploaded successfully.
2026-08-20 17:54:34,328  [INFO    ]  doc_uploader - Pre-submit verification...
2026-08-20 17:54:34,412  [INFO    ]  doc_uploader - Ensuring 'Plain extraction' is selected...
2026-08-20 17:54:39,835  [INFO    ]  doc_uploader - Clicked Plain extraction text element.
2026-08-20 17:54:39,836  [INFO    ]  doc_uploader - Clicking 'Submit to engine'...
2026-08-20 17:54:40,213  [INFO    ]  doc_uploader - Submitted to engine. Waiting for result...
2026-08-20 17:54:40,213  [INFO    ]  doc_uploader - Waiting for engine result (timeout=180s)...
2026-08-20 17:54:40,230  [INFO    ]  doc_uploader -   [0s] Engine processing...
2026-08-20 17:54:45,244  [INFO    ]  doc_uploader -   [5s] Engine processing...
2026-08-20 17:54:50,258  [INFO    ]  doc_uploader -   [10s] Engine processing...
2026-08-20 17:54:55,260  [INFO    ]  doc_uploader -   [15s] Engine processing...
2026-08-20 17:55:05,315  [INFO    ]  doc_uploader - Result appeared after 20s.
2026-08-20 17:55:06,489  [INFO    ]  doc_uploader - Screenshot saved: D:\ai_doc_automation\output\screenshots\20260820_175506_result_Indira Gandhi Naional Tribal University.png.png
2026-08-20 17:55:06,489  [INFO    ]  result_parser - Reading verdict from Overview tab...
2026-08-20 17:55:08,092  [INFO    ]  result_parser - Verdict: SUCCESS
2026-08-20 17:55:08,092  [INFO    ]  result_parser - Clicking Extraction tab...
2026-08-20 17:55:09,984  [INFO    ]  result_parser - On Extraction tab.
2026-08-20 17:55:09,990  [INFO    ]  result_parser - JS parse: 16 fields
2026-08-20 17:55:10,119  [INFO    ]  doc_uploader - Screenshot saved: D:\ai_doc_automation\output\screenshots\20260820_175509_extracted_Indira Gandhi Naional Tribal University.png.png
2026-08-20 17:55:10,288  [INFO    ]  main - [OK] Indira Gandhi Naional Tribal University.png: SUCCESS (39.8s)
2026-08-20 17:55:10,289  [INFO    ]  doc_uploader - Clicking 'New submission'...
2026-08-20 17:55:12,684  [INFO    ]  doc_uploader - New submission clicked — form reset.
2026-08-20 17:55:13,685  [INFO    ]  main - 
[17/43] D:\ai_doc_automation\Degree Certificate\Indra Gandhi National Open University.png
2026-08-20 17:55:13,685  [INFO    ]  main - ============================================================
2026-08-20 17:55:13,685  [INFO    ]  main - Processing [17/43]: Indra Gandhi National Open University.png  |  Graduation Certificate  |  Attempt 1
2026-08-20 17:55:13,685  [INFO    ]  main - ============================================================
2026-08-20 17:55:13,812  [INFO    ]  doc_uploader - Selecting document type: 'Graduation Certificate'
2026-08-20 17:55:13,859  [INFO    ]  doc_uploader - Selected by visible text: 'Graduation Certificate'
2026-08-20 17:55:13,860  [INFO    ]  doc_uploader - Ensuring 'Plain extraction' is selected...
2026-08-20 17:55:19,256  [INFO    ]  doc_uploader - Clicked Plain extraction text element.
2026-08-20 17:55:19,256  [INFO    ]  doc_uploader - Uploading file: D:\ai_doc_automation\Degree Certificate\Indra Gandhi National Open University.png
2026-08-20 17:55:19,256  [INFO    ]  doc_uploader - File input found via JS querySelector.
2026-08-20 17:55:21,599  [INFO    ]  doc_uploader - File uploaded successfully.
2026-08-20 17:55:21,599  [INFO    ]  doc_uploader - Pre-submit verification...
2026-08-20 17:55:21,707  [INFO    ]  doc_uploader - Ensuring 'Plain extraction' is selected...
2026-08-20 17:55:27,121  [INFO    ]  doc_uploader - Clicked Plain extraction text element.
2026-08-20 17:55:27,121  [INFO    ]  doc_uploader - Clicking 'Submit to engine'...
2026-08-20 17:55:27,504  [INFO    ]  doc_uploader - Submitted to engine. Waiting for result...
2026-08-20 17:55:27,504  [INFO    ]  doc_uploader - Waiting for engine result (timeout=180s)...
2026-08-20 17:55:27,523  [INFO    ]  doc_uploader -   [0s] Engine processing...
2026-08-20 17:55:32,554  [INFO    ]  doc_uploader -   [5s] Engine processing...
2026-08-20 17:55:37,568  [INFO    ]  doc_uploader -   [10s] Engine processing...
2026-08-20 17:55:42,585  [INFO    ]  doc_uploader -   [15s] Engine processing...
2026-08-20 17:55:47,605  [INFO    ]  doc_uploader -   [20s] Engine processing...
2026-08-20 17:55:52,623  [INFO    ]  doc_uploader -   [25s] Engine processing...
2026-08-20 17:55:57,633  [INFO    ]  doc_uploader -   [30s] Engine processing...
2026-08-20 17:56:02,641  [INFO    ]  doc_uploader -   [35s] Engine processing...
2026-08-20 17:56:07,662  [INFO    ]  doc_uploader -   [40s] Engine processing...
2026-08-20 17:56:12,681  [INFO    ]  doc_uploader -   [45s] Engine processing...
2026-08-20 17:56:17,712  [INFO    ]  doc_uploader -   [50s] Engine processing...
2026-08-20 17:56:22,734  [INFO    ]  doc_uploader -   [55s] Engine processing...
2026-08-20 17:56:27,746  [INFO    ]  doc_uploader -   [60s] Engine processing...
2026-08-20 17:56:32,752  [INFO    ]  doc_uploader -   [65s] Engine processing...
2026-08-20 17:56:37,776  [INFO    ]  doc_uploader -   [70s] Engine processing...
2026-08-20 17:56:42,794  [INFO    ]  doc_uploader -   [75s] Engine processing...
2026-08-20 17:56:47,805  [INFO    ]  doc_uploader -   [80s] Engine processing...
2026-08-20 17:56:52,816  [INFO    ]  doc_uploader -   [85s] Engine processing...
2026-08-20 17:56:57,832  [INFO    ]  doc_uploader -   [90s] Engine processing...
2026-08-20 17:57:02,871  [INFO    ]  doc_uploader -   [95s] Engine processing...
2026-08-20 17:57:07,897  [INFO    ]  doc_uploader -   [100s] Engine processing...
2026-08-20 17:57:12,900  [INFO    ]  doc_uploader -   [105s] Engine processing...
2026-08-20 17:57:17,918  [INFO    ]  doc_uploader -   [110s] Engine processing...
2026-08-20 17:57:22,939  [INFO    ]  doc_uploader -   [115s] Engine processing...
2026-08-20 17:57:27,964  [INFO    ]  doc_uploader -   [120s] Engine processing...
2026-08-20 17:57:32,980  [INFO    ]  doc_uploader -   [125s] Engine processing...
2026-08-20 17:57:37,985  [INFO    ]  doc_uploader -   [130s] Engine processing...
2026-08-20 17:57:43,015  [INFO    ]  doc_uploader -   [135s] Engine processing...
2026-08-20 17:57:48,031  [INFO    ]  doc_uploader -   [140s] Engine processing...
2026-08-20 17:57:53,052  [INFO    ]  doc_uploader -   [145s] Engine processing...
2026-08-20 17:57:58,071  [INFO    ]  doc_uploader -   [150s] Engine processing...
2026-08-20 17:58:03,090  [INFO    ]  doc_uploader -   [155s] Engine processing...
2026-08-20 17:58:08,103  [INFO    ]  doc_uploader -   [160s] Engine processing...
2026-08-20 17:58:13,115  [INFO    ]  doc_uploader -   [165s] Engine processing...
2026-08-20 17:58:18,132  [INFO    ]  doc_uploader -   [170s] Engine processing...
2026-08-20 17:58:23,147  [INFO    ]  doc_uploader -   [175s] Engine processing...
2026-08-20 17:58:28,158  [WARNING ]  doc_uploader - Engine timeout after 180s.
2026-08-20 17:58:28,158  [WARNING ]  main - Timeout on attempt 1. Retrying...
2026-08-20 17:58:28,275  [INFO    ]  doc_uploader - Clicking 'New submission'...
2026-08-20 17:58:38,852  [WARNING ]  doc_uploader - 'New submission' not found. Navigating to Verify Document via sidebar.
2026-08-20 17:58:38,852  [INFO    ]  doc_uploader - Navigating to 'Verify Document' page...
2026-08-20 17:58:40,737  [INFO    ]  doc_uploader - On Verify Document page.
2026-08-20 17:58:40,737  [INFO    ]  doc_uploader - Navigating to 'Verify Document' page...
2026-08-20 17:58:42,604  [INFO    ]  doc_uploader - On Verify Document page.
2026-08-20 17:58:42,604  [INFO    ]  main - ============================================================
2026-08-20 17:58:42,604  [INFO    ]  main - Processing [17/43]: Indra Gandhi National Open University.png  |  Graduation Certificate  |  Attempt 2
2026-08-20 17:58:42,604  [INFO    ]  main - ============================================================
2026-08-20 17:58:42,703  [INFO    ]  doc_uploader - Selecting document type: 'Graduation Certificate'
2026-08-20 17:58:42,813  [INFO    ]  doc_uploader - Selected by visible text: 'Graduation Certificate'
2026-08-20 17:58:42,813  [INFO    ]  doc_uploader - Ensuring 'Plain extraction' is selected...
2026-08-20 17:58:48,292  [INFO    ]  doc_uploader - Clicked Plain extraction text element.
2026-08-20 17:58:48,292  [INFO    ]  doc_uploader - Uploading file: D:\ai_doc_automation\Degree Certificate\Indra Gandhi National Open University.png
2026-08-20 17:58:48,292  [INFO    ]  doc_uploader - File input found via JS querySelector.
2026-08-20 17:58:50,642  [INFO    ]  doc_uploader - File uploaded successfully.
2026-08-20 17:58:50,642  [INFO    ]  doc_uploader - Pre-submit verification...
2026-08-20 17:58:50,709  [WARNING ]  doc_uploader - Dropdown mismatch! Expected 'Graduation Certificate', found 'Aadhaar Card'. Re-selecting.
2026-08-20 17:58:50,709  [INFO    ]  doc_uploader - Selecting document type: 'Graduation Certificate'
2026-08-20 17:58:50,784  [INFO    ]  doc_uploader - Selected by visible text: 'Graduation Certificate'
2026-08-20 17:58:50,784  [INFO    ]  doc_uploader - Ensuring 'Plain extraction' is selected...
2026-08-20 17:58:56,183  [INFO    ]  doc_uploader - Clicked Plain extraction text element.
2026-08-20 17:58:56,183  [INFO    ]  doc_uploader - Clicking 'Submit to engine'...
2026-08-20 17:58:56,574  [INFO    ]  doc_uploader - Submitted to engine. Waiting for result...
2026-08-20 17:58:56,574  [INFO    ]  doc_uploader - Waiting for engine result (timeout=180s)...
2026-08-20 17:58:56,596  [INFO    ]  doc_uploader -   [0s] Engine processing...
2026-08-20 17:59:01,615  [INFO    ]  doc_uploader -   [5s] Engine processing...
2026-08-20 17:59:06,620  [INFO    ]  doc_uploader -   [10s] Engine processing...
2026-08-20 17:59:11,639  [INFO    ]  doc_uploader -   [15s] Engine processing...
2026-08-20 17:59:16,665  [INFO    ]  doc_uploader -   [20s] Engine processing...
2026-08-20 17:59:21,672  [INFO    ]  doc_uploader -   [25s] Engine processing...
2026-08-20 17:59:26,686  [INFO    ]  doc_uploader -   [30s] Engine processing...
2026-08-20 17:59:31,702  [INFO    ]  doc_uploader -   [35s] Engine processing...
2026-08-20 17:59:36,719  [INFO    ]  doc_uploader -   [40s] Engine processing...
2026-08-20 17:59:41,735  [INFO    ]  doc_uploader -   [45s] Engine processing...
2026-08-20 17:59:46,762  [INFO    ]  doc_uploader -   [50s] Engine processing...
2026-08-20 17:59:51,771  [INFO    ]  doc_uploader -   [55s] Engine processing...
2026-08-20 17:59:56,791  [INFO    ]  doc_uploader -   [60s] Engine processing...
2026-08-20 18:00:01,807  [INFO    ]  doc_uploader -   [65s] Engine processing...
2026-08-20 18:00:06,829  [INFO    ]  doc_uploader -   [70s] Engine processing...
2026-08-20 18:00:11,837  [INFO    ]  doc_uploader -   [75s] Engine processing...
2026-08-20 18:00:16,868  [INFO    ]  doc_uploader -   [80s] Engine processing...
2026-08-20 18:00:21,888  [INFO    ]  doc_uploader -   [85s] Engine processing...
2026-08-20 18:00:26,913  [INFO    ]  doc_uploader -   [90s] Engine processing...
2026-08-20 18:00:31,925  [INFO    ]  doc_uploader -   [95s] Engine processing...
2026-08-20 18:00:36,945  [INFO    ]  doc_uploader -   [100s] Engine processing...
2026-08-20 18:00:41,968  [INFO    ]  doc_uploader -   [105s] Engine processing...
2026-08-20 18:00:46,988  [INFO    ]  doc_uploader -   [110s] Engine processing...
2026-08-20 18:00:52,006  [INFO    ]  doc_uploader -   [115s] Engine processing...
2026-08-20 18:00:57,023  [INFO    ]  doc_uploader -   [120s] Engine processing...
2026-08-20 18:01:02,028  [INFO    ]  doc_uploader -   [125s] Engine processing...
2026-08-20 18:01:07,057  [INFO    ]  doc_uploader -   [130s] Engine processing...
2026-08-20 18:01:12,098  [INFO    ]  doc_uploader -   [135s] Engine processing...
2026-08-20 18:01:17,115  [INFO    ]  doc_uploader -   [140s] Engine processing...
2026-08-20 18:01:22,123  [INFO    ]  doc_uploader -   [145s] Engine processing...
2026-08-20 18:01:27,147  [INFO    ]  doc_uploader -   [150s] Engine processing...
2026-08-20 18:01:32,185  [INFO    ]  doc_uploader -   [155s] Engine processing...
2026-08-20 18:01:37,204  [INFO    ]  doc_uploader -   [160s] Engine processing...
2026-08-20 18:01:42,227  [INFO    ]  doc_uploader -   [165s] Engine processing...
2026-08-20 18:01:47,243  [INFO    ]  doc_uploader -   [170s] Engine processing...
2026-08-20 18:01:52,263  [INFO    ]  doc_uploader -   [175s] Engine processing...
2026-08-20 18:01:57,265  [WARNING ]  doc_uploader - Engine timeout after 180s.
2026-08-20 18:01:57,530  [INFO    ]  doc_uploader - Screenshot saved: D:\ai_doc_automation\output\screenshots\20260820_180157_timeout_Indra Gandhi National Open University.png.png
2026-08-20 18:01:57,663  [INFO    ]  doc_uploader - Screenshot saved: D:\ai_doc_automation\output\screenshots\20260820_180157_timeout_Indra Gandhi National Open University.png.png
2026-08-20 18:01:57,793  [INFO    ]  main - [FAIL] Indra Gandhi National Open University.png: TIMEOUT (194.6s)
2026-08-20 18:01:57,793  [INFO    ]  doc_uploader - Clicking 'New submission'...
2026-08-20 18:02:08,357  [WARNING ]  doc_uploader - 'New submission' not found. Navigating to Verify Document via sidebar.
2026-08-20 18:02:08,357  [INFO    ]  doc_uploader - Navigating to 'Verify Document' page...
2026-08-20 18:02:10,250  [INFO    ]  doc_uploader - On Verify Document page.
2026-08-20 18:02:11,251  [INFO    ]  main - 
[18/43] D:\ai_doc_automation\Degree Certificate\ISPAT Autonomous College Rourkela.png
2026-08-20 18:02:11,251  [INFO    ]  main - ============================================================
2026-08-20 18:02:11,253  [INFO    ]  main - Processing [18/43]: ISPAT Autonomous College Rourkela.png  |  Graduation Certificate  |  Attempt 1
2026-08-20 18:02:11,253  [INFO    ]  main - ============================================================
2026-08-20 18:02:11,464  [INFO    ]  doc_uploader - Selecting document type: 'Graduation Certificate'
2026-08-20 18:02:11,563  [INFO    ]  doc_uploader - Selected by visible text: 'Graduation Certificate'
2026-08-20 18:02:11,564  [INFO    ]  doc_uploader - Ensuring 'Plain extraction' is selected...
2026-08-20 18:02:16,986  [INFO    ]  doc_uploader - Clicked Plain extraction text element.
2026-08-20 18:02:16,986  [INFO    ]  doc_uploader - Uploading file: D:\ai_doc_automation\Degree Certificate\ISPAT Autonomous College Rourkela.png
2026-08-20 18:02:16,996  [INFO    ]  doc_uploader - File input found via JS querySelector.
2026-08-20 18:02:19,332  [INFO    ]  doc_uploader - File uploaded successfully.
2026-08-20 18:02:19,332  [INFO    ]  doc_uploader - Pre-submit verification...
2026-08-20 18:02:19,383  [WARNING ]  doc_uploader - Dropdown mismatch! Expected 'Graduation Certificate', found 'Aadhaar Card'. Re-selecting.
2026-08-20 18:02:19,383  [INFO    ]  doc_uploader - Selecting document type: 'Graduation Certificate'
2026-08-20 18:02:19,453  [INFO    ]  doc_uploader - Selected by visible text: 'Graduation Certificate'
2026-08-20 18:02:19,453  [INFO    ]  doc_uploader - Ensuring 'Plain extraction' is selected...
2026-08-20 18:02:24,844  [INFO    ]  doc_uploader - Clicked Plain extraction text element.
2026-08-20 18:02:24,844  [INFO    ]  doc_uploader - Clicking 'Submit to engine'...
2026-08-20 18:02:25,218  [INFO    ]  doc_uploader - Submitted to engine. Waiting for result...
2026-08-20 18:02:25,218  [INFO    ]  doc_uploader - Waiting for engine result (timeout=180s)...
2026-08-20 18:02:25,229  [INFO    ]  doc_uploader -   [0s] Engine processing...
2026-08-20 18:02:30,246  [INFO    ]  doc_uploader -   [5s] Engine processing...
2026-08-20 18:02:35,275  [INFO    ]  doc_uploader -   [10s] Engine processing...
2026-08-20 18:02:40,291  [INFO    ]  doc_uploader -   [15s] Engine processing...
2026-08-20 18:02:45,315  [INFO    ]  doc_uploader -   [20s] Engine processing...
2026-08-20 18:02:55,373  [INFO    ]  doc_uploader - Result appeared after 25s.
2026-08-20 18:02:56,606  [INFO    ]  doc_uploader - Screenshot saved: D:\ai_doc_automation\output\screenshots\20260820_180256_result_ISPAT Autonomous College Rourkela.png.png
2026-08-20 18:02:56,606  [INFO    ]  result_parser - Reading verdict from Overview tab...
2026-08-20 18:02:58,215  [INFO    ]  result_parser - Verdict: SUCCESS
2026-08-20 18:02:58,215  [INFO    ]  result_parser - Clicking Extraction tab...
2026-08-20 18:03:00,092  [INFO    ]  result_parser - On Extraction tab.
2026-08-20 18:03:00,104  [INFO    ]  result_parser - JS parse: 16 fields
2026-08-20 18:03:00,265  [INFO    ]  doc_uploader - Screenshot saved: D:\ai_doc_automation\output\screenshots\20260820_180300_extracted_ISPAT Autonomous College Rourkela.png.png
2026-08-20 18:03:00,389  [INFO    ]  main - [OK] ISPAT Autonomous College Rourkela.png: SUCCESS (44.9s)
2026-08-20 18:03:00,389  [INFO    ]  doc_uploader - Clicking 'New submission'...
2026-08-20 18:03:02,772  [INFO    ]  doc_uploader - New submission clicked — form reset.
2026-08-20 18:03:03,773  [INFO    ]  main - 
[19/43] D:\ai_doc_automation\Degree Certificate\JAMIA MILIA ISLAMIA Unversity Defgree Certificate.pdf
2026-08-20 18:03:03,773  [INFO    ]  main - ============================================================
2026-08-20 18:03:03,773  [INFO    ]  main - Processing [19/43]: JAMIA MILIA ISLAMIA Unversity Defgree Certificate.pdf  |  Graduation Certificate  |  Attempt 1
2026-08-20 18:03:03,773  [INFO    ]  main - ============================================================
2026-08-20 18:03:03,856  [INFO    ]  doc_uploader - Selecting document type: 'Graduation Certificate'
2026-08-20 18:03:03,908  [INFO    ]  doc_uploader - Selected by visible text: 'Graduation Certificate'
2026-08-20 18:03:03,908  [INFO    ]  doc_uploader - Ensuring 'Plain extraction' is selected...
2026-08-20 18:03:09,329  [INFO    ]  doc_uploader - Clicked Plain extraction text element.
2026-08-20 18:03:09,329  [INFO    ]  doc_uploader - Uploading file: D:\ai_doc_automation\Degree Certificate\JAMIA MILIA ISLAMIA Unversity Defgree Certificate.pdf
2026-08-20 18:03:09,329  [INFO    ]  doc_uploader - File input found via JS querySelector.
2026-08-20 18:03:11,673  [INFO    ]  doc_uploader - File uploaded successfully.
2026-08-20 18:03:11,673  [INFO    ]  doc_uploader - Pre-submit verification...
2026-08-20 18:03:11,755  [INFO    ]  doc_uploader - Ensuring 'Plain extraction' is selected...
2026-08-20 18:03:17,154  [INFO    ]  doc_uploader - Clicked Plain extraction text element.
2026-08-20 18:03:17,154  [INFO    ]  doc_uploader - Clicking 'Submit to engine'...
2026-08-20 18:03:17,525  [INFO    ]  doc_uploader - Submitted to engine. Waiting for result...
2026-08-20 18:03:17,526  [INFO    ]  doc_uploader - Waiting for engine result (timeout=180s)...
2026-08-20 18:03:17,541  [INFO    ]  doc_uploader -   [0s] Engine processing...
2026-08-20 18:03:22,565  [INFO    ]  doc_uploader -   [5s] Engine processing...
2026-08-20 18:03:27,582  [INFO    ]  doc_uploader -   [10s] Engine processing...
2026-08-20 18:03:32,599  [INFO    ]  doc_uploader -   [15s] Engine processing...
2026-08-20 18:03:42,667  [INFO    ]  doc_uploader - Result appeared after 20s.
2026-08-20 18:03:43,878  [INFO    ]  doc_uploader - Screenshot saved: D:\ai_doc_automation\output\screenshots\20260820_180343_result_JAMIA MILIA ISLAMIA Unversity Defgree Certificate.pdf.png
2026-08-20 18:03:43,878  [INFO    ]  result_parser - Reading verdict from Overview tab...
2026-08-20 18:03:45,467  [INFO    ]  result_parser - Verdict: SUCCESS
2026-08-20 18:03:45,467  [INFO    ]  result_parser - Clicking Extraction tab...
2026-08-20 18:03:47,334  [INFO    ]  result_parser - On Extraction tab.
2026-08-20 18:03:47,340  [INFO    ]  result_parser - JS parse: 16 fields
2026-08-20 18:03:47,506  [INFO    ]  doc_uploader - Screenshot saved: D:\ai_doc_automation\output\screenshots\20260820_180347_extracted_JAMIA MILIA ISLAMIA Unversity Defgree Certificate.pdf.png
2026-08-20 18:03:47,645  [INFO    ]  main - [OK] JAMIA MILIA ISLAMIA Unversity Defgree Certificate.pdf: SUCCESS (39.8s)
2026-08-20 18:03:47,646  [INFO    ]  doc_uploader - Clicking 'New submission'...
2026-08-20 18:03:50,040  [INFO    ]  doc_uploader - New submission clicked — form reset.
2026-08-20 18:03:51,040  [INFO    ]  main - 
[20/43] D:\ai_doc_automation\Degree Certificate\KIIT University.png
2026-08-20 18:03:51,040  [INFO    ]  main - ============================================================
2026-08-20 18:03:51,040  [INFO    ]  main - Processing [20/43]: KIIT University.png  |  Graduation Certificate  |  Attempt 1
2026-08-20 18:03:51,040  [INFO    ]  main - ============================================================
2026-08-20 18:03:51,133  [INFO    ]  doc_uploader - Selecting document type: 'Graduation Certificate'
2026-08-20 18:03:51,171  [INFO    ]  doc_uploader - Selected by visible text: 'Graduation Certificate'
2026-08-20 18:03:51,171  [INFO    ]  doc_uploader - Ensuring 'Plain extraction' is selected...
2026-08-20 18:03:56,562  [INFO    ]  doc_uploader - Clicked Plain extraction text element.
2026-08-20 18:03:56,563  [INFO    ]  doc_uploader - Uploading file: D:\ai_doc_automation\Degree Certificate\KIIT University.png
2026-08-20 18:03:56,569  [INFO    ]  doc_uploader - File input found via JS querySelector.
2026-08-20 18:03:58,890  [INFO    ]  doc_uploader - File uploaded successfully.
2026-08-20 18:03:58,890  [INFO    ]  doc_uploader - Pre-submit verification...
2026-08-20 18:03:58,999  [INFO    ]  doc_uploader - Ensuring 'Plain extraction' is selected...
2026-08-20 18:04:04,464  [INFO    ]  doc_uploader - Clicked Plain extraction text element.
2026-08-20 18:04:04,464  [INFO    ]  doc_uploader - Clicking 'Submit to engine'...
2026-08-20 18:04:04,831  [INFO    ]  doc_uploader - Submitted to engine. Waiting for result...
2026-08-20 18:04:04,831  [INFO    ]  doc_uploader - Waiting for engine result (timeout=180s)...
2026-08-20 18:04:04,849  [INFO    ]  doc_uploader -   [0s] Engine processing...
2026-08-20 18:04:09,864  [INFO    ]  doc_uploader -   [5s] Engine processing...
2026-08-20 18:04:14,883  [INFO    ]  doc_uploader -   [10s] Engine processing...
2026-08-20 18:04:19,899  [INFO    ]  doc_uploader -   [15s] Engine processing...
2026-08-20 18:04:29,935  [INFO    ]  doc_uploader - Result appeared after 20s.
2026-08-20 18:04:31,093  [INFO    ]  doc_uploader - Screenshot saved: D:\ai_doc_automation\output\screenshots\20260820_180430_result_KIIT University.png.png
2026-08-20 18:04:31,093  [INFO    ]  result_parser - Reading verdict from Overview tab...
2026-08-20 18:04:32,684  [INFO    ]  result_parser - Verdict: SUCCESS
2026-08-20 18:04:32,684  [INFO    ]  result_parser - Clicking Extraction tab...
2026-08-20 18:04:34,557  [INFO    ]  result_parser - On Extraction tab.
2026-08-20 18:04:34,567  [INFO    ]  result_parser - JS parse: 16 fields
2026-08-20 18:04:34,661  [INFO    ]  doc_uploader - Screenshot saved: D:\ai_doc_automation\output\screenshots\20260820_180434_extracted_KIIT University.png.png
2026-08-20 18:04:34,791  [INFO    ]  main - [OK] KIIT University.png: SUCCESS (39.8s)
2026-08-20 18:04:34,791  [INFO    ]  doc_uploader - Clicking 'New submission'...
2026-08-20 18:04:37,165  [INFO    ]  doc_uploader - New submission clicked — form reset.
2026-08-20 18:04:38,166  [INFO    ]  main - 
[21/43] D:\ai_doc_automation\Degree Certificate\LaxmiNarayan College Jarsuguda .png
2026-08-20 18:04:38,166  [INFO    ]  main - ============================================================
2026-08-20 18:04:38,166  [INFO    ]  main - Processing [21/43]: LaxmiNarayan College Jarsuguda .png  |  Graduation Certificate  |  Attempt 1
2026-08-20 18:04:38,166  [INFO    ]  main - ============================================================
2026-08-20 18:04:38,264  [INFO    ]  doc_uploader - Selecting document type: 'Graduation Certificate'
2026-08-20 18:04:38,293  [INFO    ]  doc_uploader - Selected by visible text: 'Graduation Certificate'
2026-08-20 18:04:38,293  [INFO    ]  doc_uploader - Ensuring 'Plain extraction' is selected...
2026-08-20 18:04:43,713  [INFO    ]  doc_uploader - Clicked Plain extraction text element.
2026-08-20 18:04:43,713  [INFO    ]  doc_uploader - Uploading file: D:\ai_doc_automation\Degree Certificate\LaxmiNarayan College Jarsuguda .png
2026-08-20 18:04:43,713  [INFO    ]  doc_uploader - File input found via JS querySelector.
2026-08-20 18:04:46,045  [INFO    ]  doc_uploader - File uploaded successfully.
2026-08-20 18:04:46,045  [INFO    ]  doc_uploader - Pre-submit verification...
2026-08-20 18:04:46,126  [INFO    ]  doc_uploader - Ensuring 'Plain extraction' is selected...
2026-08-20 18:04:51,509  [INFO    ]  doc_uploader - Clicked Plain extraction text element.
2026-08-20 18:04:51,509  [INFO    ]  doc_uploader - Clicking 'Submit to engine'...
2026-08-20 18:04:51,886  [INFO    ]  doc_uploader - Submitted to engine. Waiting for result...
2026-08-20 18:04:51,886  [INFO    ]  doc_uploader - Waiting for engine result (timeout=180s)...
2026-08-20 18:04:51,902  [INFO    ]  doc_uploader -   [0s] Engine processing...
2026-08-20 18:04:56,913  [INFO    ]  doc_uploader -   [5s] Engine processing...
2026-08-20 18:05:01,938  [INFO    ]  doc_uploader -   [10s] Engine processing...
2026-08-20 18:05:06,964  [INFO    ]  doc_uploader -   [15s] Engine processing...
2026-08-20 18:05:16,994  [INFO    ]  doc_uploader - Result appeared after 20s.
2026-08-20 18:05:18,153  [INFO    ]  doc_uploader - Screenshot saved: D:\ai_doc_automation\output\screenshots\20260820_180517_result_LaxmiNarayan College Jarsuguda .png.png
2026-08-20 18:05:18,153  [INFO    ]  result_parser - Reading verdict from Overview tab...
2026-08-20 18:05:19,748  [INFO    ]  result_parser - Verdict: SUCCESS
2026-08-20 18:05:19,748  [INFO    ]  result_parser - Clicking Extraction tab...
2026-08-20 18:05:21,625  [INFO    ]  result_parser - On Extraction tab.
2026-08-20 18:05:21,625  [INFO    ]  result_parser - JS parse: 16 fields
2026-08-20 18:05:21,737  [INFO    ]  doc_uploader - Screenshot saved: D:\ai_doc_automation\output\screenshots\20260820_180521_extracted_LaxmiNarayan College Jarsuguda .png.png
2026-08-20 18:05:21,855  [INFO    ]  main - [OK] LaxmiNarayan College Jarsuguda .png: SUCCESS (39.7s)
2026-08-20 18:05:21,869  [INFO    ]  doc_uploader - Clicking 'New submission'...
2026-08-20 18:05:24,231  [INFO    ]  doc_uploader - New submission clicked — form reset.
2026-08-20 18:05:25,233  [INFO    ]  main - 
[22/43] D:\ai_doc_automation\Degree Certificate\Maharaja Shri RamChandra Bhanja Deo University.png
2026-08-20 18:05:25,233  [INFO    ]  main - ============================================================
2026-08-20 18:05:25,234  [INFO    ]  main - Processing [22/43]: Maharaja Shri RamChandra Bhanja Deo University.png  |  Graduation Certificate  |  Attempt 1
2026-08-20 18:05:25,234  [INFO    ]  main - ============================================================
2026-08-20 18:05:25,333  [INFO    ]  doc_uploader - Selecting document type: 'Graduation Certificate'
2026-08-20 18:05:25,370  [INFO    ]  doc_uploader - Selected by visible text: 'Graduation Certificate'
2026-08-20 18:05:25,370  [INFO    ]  doc_uploader - Ensuring 'Plain extraction' is selected...
2026-08-20 18:05:30,770  [INFO    ]  doc_uploader - Clicked Plain extraction text element.
2026-08-20 18:05:30,771  [INFO    ]  doc_uploader - Uploading file: D:\ai_doc_automation\Degree Certificate\Maharaja Shri RamChandra Bhanja Deo University.png
2026-08-20 18:05:30,775  [INFO    ]  doc_uploader - File input found via JS querySelector.
2026-08-20 18:05:33,103  [INFO    ]  doc_uploader - File uploaded successfully.
2026-08-20 18:05:33,103  [INFO    ]  doc_uploader - Pre-submit verification...
2026-08-20 18:05:33,183  [INFO    ]  doc_uploader - Ensuring 'Plain extraction' is selected...
2026-08-20 18:05:38,568  [INFO    ]  doc_uploader - Clicked Plain extraction text element.
2026-08-20 18:05:38,568  [INFO    ]  doc_uploader - Clicking 'Submit to engine'...
2026-08-20 18:05:38,933  [INFO    ]  doc_uploader - Submitted to engine. Waiting for result...
2026-08-20 18:05:38,933  [INFO    ]  doc_uploader - Waiting for engine result (timeout=180s)...
2026-08-20 18:05:38,951  [INFO    ]  doc_uploader -   [0s] Engine processing...
2026-08-20 18:05:43,957  [INFO    ]  doc_uploader -   [5s] Engine processing...
2026-08-20 18:05:48,984  [INFO    ]  doc_uploader -   [10s] Engine processing...
2026-08-20 18:05:53,999  [INFO    ]  doc_uploader -   [15s] Engine processing...
2026-08-20 18:06:04,056  [INFO    ]  doc_uploader - Result appeared after 20s.
2026-08-20 18:06:05,164  [INFO    ]  doc_uploader - Screenshot saved: D:\ai_doc_automation\output\screenshots\20260820_180605_result_Maharaja Shri RamChandra Bhanja Deo University.png.png
2026-08-20 18:06:05,164  [INFO    ]  result_parser - Reading verdict from Overview tab...
2026-08-20 18:06:06,782  [INFO    ]  result_parser - Verdict: SUCCESS
2026-08-20 18:06:06,782  [INFO    ]  result_parser - Clicking Extraction tab...
2026-08-20 18:06:08,666  [INFO    ]  result_parser - On Extraction tab.
2026-08-20 18:06:08,670  [INFO    ]  result_parser - JS parse: 16 fields
2026-08-20 18:06:08,763  [INFO    ]  doc_uploader - Screenshot saved: D:\ai_doc_automation\output\screenshots\20260820_180608_extracted_Maharaja Shri RamChandra Bhanja Deo University.png.png
2026-08-20 18:06:08,895  [INFO    ]  main - [OK] Maharaja Shri RamChandra Bhanja Deo University.png: SUCCESS (39.7s)
2026-08-20 18:06:08,895  [INFO    ]  doc_uploader - Clicking 'New submission'...
2026-08-20 18:06:11,264  [INFO    ]  doc_uploader - New submission clicked — form reset.
2026-08-20 18:06:12,265  [INFO    ]  main - 
[23/43] D:\ai_doc_automation\Degree Certificate\Maharaja Sriram Chandra Deo University.pdf
2026-08-20 18:06:12,265  [INFO    ]  main - ============================================================
2026-08-20 18:06:12,265  [INFO    ]  main - Processing [23/43]: Maharaja Sriram Chandra Deo University.pdf  |  Graduation Certificate  |  Attempt 1
2026-08-20 18:06:12,265  [INFO    ]  main - ============================================================
2026-08-20 18:06:12,364  [INFO    ]  doc_uploader - Selecting document type: 'Graduation Certificate'
2026-08-20 18:06:12,420  [INFO    ]  doc_uploader - Selected by visible text: 'Graduation Certificate'
2026-08-20 18:06:12,420  [INFO    ]  doc_uploader - Ensuring 'Plain extraction' is selected...
2026-08-20 18:06:17,824  [INFO    ]  doc_uploader - Clicked Plain extraction text element.
2026-08-20 18:06:17,825  [INFO    ]  doc_uploader - Uploading file: D:\ai_doc_automation\Degree Certificate\Maharaja Sriram Chandra Deo University.pdf
2026-08-20 18:06:17,831  [INFO    ]  doc_uploader - File input found via JS querySelector.
2026-08-20 18:06:20,165  [INFO    ]  doc_uploader - File uploaded successfully.
2026-08-20 18:06:20,165  [INFO    ]  doc_uploader - Pre-submit verification...
2026-08-20 18:06:20,254  [INFO    ]  doc_uploader - Ensuring 'Plain extraction' is selected...
2026-08-20 18:06:25,650  [INFO    ]  doc_uploader - Clicked Plain extraction text element.
2026-08-20 18:06:25,651  [INFO    ]  doc_uploader - Clicking 'Submit to engine'...
2026-08-20 18:06:26,034  [INFO    ]  doc_uploader - Submitted to engine. Waiting for result...
2026-08-20 18:06:26,035  [INFO    ]  doc_uploader - Waiting for engine result (timeout=180s)...
2026-08-20 18:06:26,055  [INFO    ]  doc_uploader -   [0s] Engine processing...
2026-08-20 18:06:31,060  [INFO    ]  doc_uploader -   [5s] Engine processing...
2026-08-20 18:06:36,076  [INFO    ]  doc_uploader -   [10s] Engine processing...
2026-08-20 18:06:41,092  [INFO    ]  doc_uploader -   [15s] Engine processing...
2026-08-20 18:06:51,144  [INFO    ]  doc_uploader - Result appeared after 20s.
2026-08-20 18:06:52,257  [INFO    ]  doc_uploader - Screenshot saved: D:\ai_doc_automation\output\screenshots\20260820_180652_result_Maharaja Sriram Chandra Deo University.pdf.png
2026-08-20 18:06:52,257  [INFO    ]  result_parser - Reading verdict from Overview tab...
2026-08-20 18:06:53,857  [INFO    ]  result_parser - Verdict: SUCCESS
2026-08-20 18:06:53,857  [INFO    ]  result_parser - Clicking Extraction tab...
2026-08-20 18:06:55,725  [INFO    ]  result_parser - On Extraction tab.
2026-08-20 18:06:55,732  [INFO    ]  result_parser - JS parse: 16 fields
2026-08-20 18:06:55,823  [INFO    ]  doc_uploader - Screenshot saved: D:\ai_doc_automation\output\screenshots\20260820_180655_extracted_Maharaja Sriram Chandra Deo University.pdf.png
2026-08-20 18:06:55,940  [INFO    ]  main - [OK] Maharaja Sriram Chandra Deo University.pdf: SUCCESS (39.8s)
2026-08-20 18:06:55,940  [INFO    ]  doc_uploader - Clicking 'New submission'...
2026-08-20 18:06:58,330  [INFO    ]  doc_uploader - New submission clicked — form reset.
2026-08-20 18:06:59,332  [INFO    ]  main - 
[24/43] D:\ai_doc_automation\Degree Certificate\MCP Autonomous College Takhatpur Baripada.png
2026-08-20 18:06:59,332  [INFO    ]  main - ============================================================
2026-08-20 18:06:59,332  [INFO    ]  main - Processing [24/43]: MCP Autonomous College Takhatpur Baripada.png  |  Graduation Certificate  |  Attempt 1
2026-08-20 18:06:59,332  [INFO    ]  main - ============================================================
2026-08-20 18:06:59,433  [INFO    ]  doc_uploader - Selecting document type: 'Graduation Certificate'
2026-08-20 18:06:59,456  [INFO    ]  doc_uploader - Selected by visible text: 'Graduation Certificate'
2026-08-20 18:06:59,456  [INFO    ]  doc_uploader - Ensuring 'Plain extraction' is selected...
2026-08-20 18:07:04,879  [INFO    ]  doc_uploader - Clicked Plain extraction text element.
2026-08-20 18:07:04,880  [INFO    ]  doc_uploader - Uploading file: D:\ai_doc_automation\Degree Certificate\MCP Autonomous College Takhatpur Baripada.png
2026-08-20 18:07:04,885  [INFO    ]  doc_uploader - File input found via JS querySelector.
2026-08-20 18:07:07,214  [INFO    ]  doc_uploader - File uploaded successfully.
2026-08-20 18:07:07,214  [INFO    ]  doc_uploader - Pre-submit verification...
2026-08-20 18:07:07,302  [INFO    ]  doc_uploader - Ensuring 'Plain extraction' is selected...
2026-08-20 18:07:12,726  [INFO    ]  doc_uploader - Clicked Plain extraction text element.
2026-08-20 18:07:12,727  [INFO    ]  doc_uploader - Clicking 'Submit to engine'...
2026-08-20 18:07:13,103  [INFO    ]  doc_uploader - Submitted to engine. Waiting for result...
2026-08-20 18:07:13,104  [INFO    ]  doc_uploader - Waiting for engine result (timeout=180s)...
2026-08-20 18:07:13,113  [INFO    ]  doc_uploader -   [0s] Engine processing...
2026-08-20 18:07:18,133  [INFO    ]  doc_uploader -   [5s] Engine processing...
2026-08-20 18:07:23,154  [INFO    ]  doc_uploader -   [10s] Engine processing...
2026-08-20 18:07:28,169  [INFO    ]  doc_uploader -   [15s] Engine processing...
2026-08-20 18:07:38,244  [INFO    ]  doc_uploader - Result appeared after 20s.
2026-08-20 18:07:39,391  [INFO    ]  doc_uploader - Screenshot saved: D:\ai_doc_automation\output\screenshots\20260820_180739_result_MCP Autonomous College Takhatpur Baripada.png.png
2026-08-20 18:07:39,391  [INFO    ]  result_parser - Reading verdict from Overview tab...
2026-08-20 18:07:40,990  [INFO    ]  result_parser - Verdict: SUCCESS
2026-08-20 18:07:40,996  [INFO    ]  result_parser - Clicking Extraction tab...
2026-08-20 18:07:42,864  [INFO    ]  result_parser - On Extraction tab.
2026-08-20 18:07:42,871  [INFO    ]  result_parser - JS parse: 16 fields
2026-08-20 18:07:42,977  [INFO    ]  doc_uploader - Screenshot saved: D:\ai_doc_automation\output\screenshots\20260820_180742_extracted_MCP Autonomous College Takhatpur Baripada.png.png
2026-08-20 18:07:43,123  [INFO    ]  main - [OK] MCP Autonomous College Takhatpur Baripada.png: SUCCESS (39.8s)
2026-08-20 18:07:43,123  [INFO    ]  doc_uploader - Clicking 'New submission'...
2026-08-20 18:07:45,498  [INFO    ]  doc_uploader - New submission clicked — form reset.
2026-08-20 18:07:46,499  [INFO    ]  main - 
[25/43] D:\ai_doc_automation\Degree Certificate\National Open School 12th Marksheet.pdf
2026-08-20 18:07:46,499  [INFO    ]  main - ============================================================
2026-08-20 18:07:46,499  [INFO    ]  main - Processing [25/43]: National Open School 12th Marksheet.pdf  |  Graduation Certificate  |  Attempt 1
2026-08-20 18:07:46,499  [INFO    ]  main - ============================================================
2026-08-20 18:07:46,597  [INFO    ]  doc_uploader - Selecting document type: 'Graduation Certificate'
2026-08-20 18:07:46,642  [INFO    ]  doc_uploader - Selected by visible text: 'Graduation Certificate'
2026-08-20 18:07:46,642  [INFO    ]  doc_uploader - Ensuring 'Plain extraction' is selected...
2026-08-20 18:07:52,055  [INFO    ]  doc_uploader - Clicked Plain extraction text element.
2026-08-20 18:07:52,055  [INFO    ]  doc_uploader - Uploading file: D:\ai_doc_automation\Degree Certificate\National Open School 12th Marksheet.pdf
2026-08-20 18:07:52,055  [INFO    ]  doc_uploader - File input found via JS querySelector.
2026-08-20 18:07:54,398  [INFO    ]  doc_uploader - File uploaded successfully.
2026-08-20 18:07:54,398  [INFO    ]  doc_uploader - Pre-submit verification...
2026-08-20 18:07:54,506  [INFO    ]  doc_uploader - Ensuring 'Plain extraction' is selected...
2026-08-20 18:07:59,915  [INFO    ]  doc_uploader - Clicked Plain extraction text element.
2026-08-20 18:07:59,915  [INFO    ]  doc_uploader - Clicking 'Submit to engine'...
2026-08-20 18:08:00,286  [INFO    ]  doc_uploader - Submitted to engine. Waiting for result...
2026-08-20 18:08:00,286  [INFO    ]  doc_uploader - Waiting for engine result (timeout=180s)...
2026-08-20 18:08:00,305  [INFO    ]  doc_uploader -   [0s] Engine processing...
2026-08-20 18:08:05,315  [INFO    ]  doc_uploader -   [5s] Engine processing...
2026-08-20 18:08:10,339  [INFO    ]  doc_uploader -   [10s] Engine processing...
2026-08-20 18:08:15,361  [INFO    ]  doc_uploader -   [15s] Engine processing...
2026-08-20 18:08:20,380  [INFO    ]  doc_uploader -   [20s] Engine processing...
2026-08-20 18:08:25,392  [INFO    ]  doc_uploader -   [25s] Engine processing...
2026-08-20 18:08:30,401  [INFO    ]  doc_uploader -   [30s] Engine processing...
2026-08-20 18:08:35,434  [INFO    ]  doc_uploader -   [35s] Engine processing...
2026-08-20 18:08:40,442  [INFO    ]  doc_uploader -   [40s] Engine processing...
2026-08-20 18:08:45,469  [INFO    ]  doc_uploader -   [45s] Engine processing...
2026-08-20 18:08:50,491  [INFO    ]  doc_uploader -   [50s] Engine processing...
2026-08-20 18:08:55,502  [INFO    ]  doc_uploader -   [55s] Engine processing...
2026-08-20 18:09:00,528  [INFO    ]  doc_uploader -   [60s] Engine processing...
2026-08-20 18:09:05,553  [INFO    ]  doc_uploader -   [65s] Engine processing...
2026-08-20 18:09:10,561  [INFO    ]  doc_uploader -   [70s] Engine processing...
2026-08-20 18:09:15,587  [INFO    ]  doc_uploader -   [75s] Engine processing...
2026-08-20 18:09:20,597  [INFO    ]  doc_uploader -   [80s] Engine processing...
2026-08-20 18:09:25,616  [INFO    ]  doc_uploader -   [85s] Engine processing...
2026-08-20 18:09:30,643  [INFO    ]  doc_uploader -   [90s] Engine processing...
2026-08-20 18:09:35,664  [INFO    ]  doc_uploader -   [95s] Engine processing...
2026-08-20 18:09:40,677  [INFO    ]  doc_uploader -   [100s] Engine processing...
2026-08-20 18:09:45,700  [INFO    ]  doc_uploader -   [105s] Engine processing...
2026-08-20 18:09:50,717  [INFO    ]  doc_uploader -   [110s] Engine processing...
2026-08-20 18:09:55,729  [INFO    ]  doc_uploader -   [115s] Engine processing...
2026-08-20 18:10:00,757  [INFO    ]  doc_uploader -   [120s] Engine processing...
2026-08-20 18:10:05,777  [INFO    ]  doc_uploader -   [125s] Engine processing...
2026-08-20 18:10:10,792  [INFO    ]  doc_uploader -   [130s] Engine processing...
2026-08-20 18:10:15,813  [INFO    ]  doc_uploader -   [135s] Engine processing...
2026-08-20 18:10:20,826  [INFO    ]  doc_uploader -   [140s] Engine processing...
2026-08-20 18:10:25,845  [INFO    ]  doc_uploader -   [145s] Engine processing...
2026-08-20 18:10:30,860  [INFO    ]  doc_uploader -   [150s] Engine processing...
2026-08-20 18:10:35,881  [INFO    ]  doc_uploader -   [155s] Engine processing...
2026-08-20 18:10:40,886  [INFO    ]  doc_uploader -   [160s] Engine processing...
2026-08-20 18:10:45,912  [INFO    ]  doc_uploader -   [165s] Engine processing...
2026-08-20 18:10:50,925  [INFO    ]  doc_uploader -   [170s] Engine processing...
2026-08-20 18:10:55,937  [INFO    ]  doc_uploader -   [175s] Engine processing...
2026-08-20 18:11:00,949  [WARNING ]  doc_uploader - Engine timeout after 180s.
2026-08-20 18:11:00,949  [WARNING ]  main - Timeout on attempt 1. Retrying...
2026-08-20 18:11:01,064  [INFO    ]  doc_uploader - Clicking 'New submission'...
2026-08-20 18:11:03,431  [INFO    ]  doc_uploader - New submission clicked — form reset.
2026-08-20 18:11:03,431  [INFO    ]  doc_uploader - Navigating to 'Verify Document' page...
2026-08-20 18:11:05,311  [INFO    ]  doc_uploader - On Verify Document page.
2026-08-20 18:11:05,311  [INFO    ]  main - ============================================================
2026-08-20 18:11:05,311  [INFO    ]  main - Processing [25/43]: National Open School 12th Marksheet.pdf  |  Graduation Certificate  |  Attempt 2
2026-08-20 18:11:05,311  [INFO    ]  main - ============================================================
2026-08-20 18:11:05,397  [INFO    ]  doc_uploader - Selecting document type: 'Graduation Certificate'
2026-08-20 18:11:05,465  [INFO    ]  doc_uploader - Selected by visible text: 'Graduation Certificate'
2026-08-20 18:11:05,466  [INFO    ]  doc_uploader - Ensuring 'Plain extraction' is selected...
2026-08-20 18:11:10,892  [INFO    ]  doc_uploader - Clicked Plain extraction text element.
2026-08-20 18:11:10,892  [INFO    ]  doc_uploader - Uploading file: D:\ai_doc_automation\Degree Certificate\National Open School 12th Marksheet.pdf
2026-08-20 18:11:10,907  [INFO    ]  doc_uploader - File input found via JS querySelector.
2026-08-20 18:11:13,240  [INFO    ]  doc_uploader - File uploaded successfully.
2026-08-20 18:11:13,240  [INFO    ]  doc_uploader - Pre-submit verification...
2026-08-20 18:11:13,287  [WARNING ]  doc_uploader - Dropdown mismatch! Expected 'Graduation Certificate', found 'Aadhaar Card'. Re-selecting.
2026-08-20 18:11:13,287  [INFO    ]  doc_uploader - Selecting document type: 'Graduation Certificate'
2026-08-20 18:11:13,355  [INFO    ]  doc_uploader - Selected by visible text: 'Graduation Certificate'
2026-08-20 18:11:13,355  [INFO    ]  doc_uploader - Ensuring 'Plain extraction' is selected...
2026-08-20 18:11:18,792  [INFO    ]  doc_uploader - Clicked Plain extraction text element.
2026-08-20 18:11:18,792  [INFO    ]  doc_uploader - Clicking 'Submit to engine'...
2026-08-20 18:11:19,165  [INFO    ]  doc_uploader - Submitted to engine. Waiting for result...
2026-08-20 18:11:19,165  [INFO    ]  doc_uploader - Waiting for engine result (timeout=180s)...
2026-08-20 18:11:19,187  [INFO    ]  doc_uploader -   [0s] Engine processing...
2026-08-20 18:11:24,203  [INFO    ]  doc_uploader -   [5s] Engine processing...
2026-08-20 18:11:29,232  [INFO    ]  doc_uploader -   [10s] Engine processing...
2026-08-20 18:11:34,239  [INFO    ]  doc_uploader -   [15s] Engine processing...
2026-08-20 18:11:39,265  [INFO    ]  doc_uploader -   [20s] Engine processing...
2026-08-20 18:11:44,286  [INFO    ]  doc_uploader -   [25s] Engine processing...
2026-08-20 18:11:49,299  [INFO    ]  doc_uploader -   [30s] Engine processing...
2026-08-20 18:11:54,336  [INFO    ]  doc_uploader -   [35s] Engine processing...
2026-08-20 18:11:59,355  [INFO    ]  doc_uploader -   [40s] Engine processing...
2026-08-20 18:12:04,370  [INFO    ]  doc_uploader -   [45s] Engine processing...
2026-08-20 18:12:09,387  [INFO    ]  doc_uploader -   [50s] Engine processing...
2026-08-20 18:12:14,402  [INFO    ]  doc_uploader -   [55s] Engine processing...
2026-08-20 18:12:19,425  [INFO    ]  doc_uploader -   [60s] Engine processing...
2026-08-20 18:12:24,436  [INFO    ]  doc_uploader -   [65s] Engine processing...
2026-08-20 18:12:29,456  [INFO    ]  doc_uploader -   [70s] Engine processing...
2026-08-20 18:12:34,469  [INFO    ]  doc_uploader -   [75s] Engine processing...
2026-08-20 18:12:39,475  [INFO    ]  doc_uploader -   [80s] Engine processing...
2026-08-20 18:12:44,504  [INFO    ]  doc_uploader -   [85s] Engine processing...
2026-08-20 18:12:49,511  [INFO    ]  doc_uploader -   [90s] Engine processing...
2026-08-20 18:12:54,539  [INFO    ]  doc_uploader -   [95s] Engine processing...
2026-08-20 18:12:59,554  [INFO    ]  doc_uploader -   [100s] Engine processing...
2026-08-20 18:13:04,576  [INFO    ]  doc_uploader -   [105s] Engine processing...
2026-08-20 18:13:09,579  [INFO    ]  doc_uploader -   [110s] Engine processing...
2026-08-20 18:13:14,608  [INFO    ]  doc_uploader -   [115s] Engine processing...
2026-08-20 18:13:19,624  [INFO    ]  doc_uploader -   [120s] Engine processing...
2026-08-20 18:13:24,653  [INFO    ]  doc_uploader -   [125s] Engine processing...
2026-08-20 18:13:29,675  [INFO    ]  doc_uploader -   [130s] Engine processing...
2026-08-20 18:13:34,693  [INFO    ]  doc_uploader -   [135s] Engine processing...
2026-08-20 18:13:39,711  [INFO    ]  doc_uploader -   [140s] Engine processing...
2026-08-20 18:13:44,726  [INFO    ]  doc_uploader -   [145s] Engine processing...
2026-08-20 18:13:49,747  [INFO    ]  doc_uploader -   [150s] Engine processing...
2026-08-20 18:13:54,766  [INFO    ]  doc_uploader -   [155s] Engine processing...
2026-08-20 18:13:59,779  [INFO    ]  doc_uploader -   [160s] Engine processing...
2026-08-20 18:14:04,803  [INFO    ]  doc_uploader -   [165s] Engine processing...
2026-08-20 18:14:09,818  [INFO    ]  doc_uploader -   [170s] Engine processing...
2026-08-20 18:14:14,833  [INFO    ]  doc_uploader -   [175s] Engine processing...
2026-08-20 18:14:19,836  [WARNING ]  doc_uploader - Engine timeout after 180s.
2026-08-20 18:14:20,028  [INFO    ]  doc_uploader - Screenshot saved: D:\ai_doc_automation\output\screenshots\20260820_181419_timeout_National Open School 12th Marksheet.pdf.png
2026-08-20 18:14:20,144  [INFO    ]  doc_uploader - Screenshot saved: D:\ai_doc_automation\output\screenshots\20260820_181420_timeout_National Open School 12th Marksheet.pdf.png
2026-08-20 18:14:20,293  [INFO    ]  main - [FAIL] National Open School 12th Marksheet.pdf: TIMEOUT (194.4s)
2026-08-20 18:14:20,293  [INFO    ]  doc_uploader - Clicking 'New submission'...
2026-08-20 18:14:22,683  [INFO    ]  doc_uploader - New submission clicked — form reset.
2026-08-20 18:14:23,684  [INFO    ]  main - 
[26/43] D:\ai_doc_automation\Degree Certificate\National Sanskrit University.png
2026-08-20 18:14:23,684  [INFO    ]  main - ============================================================
2026-08-20 18:14:23,684  [INFO    ]  main - Processing [26/43]: National Sanskrit University.png  |  Graduation Certificate  |  Attempt 1
2026-08-20 18:14:23,684  [INFO    ]  main - ============================================================
2026-08-20 18:14:23,811  [INFO    ]  doc_uploader - Selecting document type: 'Graduation Certificate'
2026-08-20 18:14:23,866  [INFO    ]  doc_uploader - Selected by visible text: 'Graduation Certificate'
2026-08-20 18:14:23,866  [INFO    ]  doc_uploader - Ensuring 'Plain extraction' is selected...
2026-08-20 18:14:29,270  [INFO    ]  doc_uploader - Clicked Plain extraction text element.
2026-08-20 18:14:29,271  [INFO    ]  doc_uploader - Uploading file: D:\ai_doc_automation\Degree Certificate\National Sanskrit University.png
2026-08-20 18:14:29,277  [INFO    ]  doc_uploader - File input found via JS querySelector.
2026-08-20 18:14:31,612  [INFO    ]  doc_uploader - File uploaded successfully.
2026-08-20 18:14:31,612  [INFO    ]  doc_uploader - Pre-submit verification...
2026-08-20 18:14:31,702  [INFO    ]  doc_uploader - Ensuring 'Plain extraction' is selected...
2026-08-20 18:14:37,103  [INFO    ]  doc_uploader - Clicked Plain extraction text element.
2026-08-20 18:14:37,103  [INFO    ]  doc_uploader - Clicking 'Submit to engine'...
2026-08-20 18:14:37,482  [INFO    ]  doc_uploader - Submitted to engine. Waiting for result...
2026-08-20 18:14:37,482  [INFO    ]  doc_uploader - Waiting for engine result (timeout=180s)...
2026-08-20 18:14:37,496  [INFO    ]  doc_uploader -   [0s] Engine processing...
2026-08-20 18:14:42,509  [INFO    ]  doc_uploader -   [5s] Engine processing...
2026-08-20 18:14:47,524  [INFO    ]  doc_uploader -   [10s] Engine processing...
2026-08-20 18:14:52,540  [INFO    ]  doc_uploader -   [15s] Engine processing...
2026-08-20 18:15:02,598  [INFO    ]  doc_uploader - Result appeared after 20s.
2026-08-20 18:15:03,721  [INFO    ]  doc_uploader - Screenshot saved: D:\ai_doc_automation\output\screenshots\20260820_181503_result_National Sanskrit University.png.png
2026-08-20 18:15:03,721  [INFO    ]  result_parser - Reading verdict from Overview tab...
2026-08-20 18:15:05,320  [INFO    ]  result_parser - Verdict: SUCCESS
2026-08-20 18:15:05,320  [INFO    ]  result_parser - Clicking Extraction tab...
2026-08-20 18:15:07,202  [INFO    ]  result_parser - On Extraction tab.
2026-08-20 18:15:07,215  [INFO    ]  result_parser - JS parse: 16 fields
2026-08-20 18:15:07,321  [INFO    ]  doc_uploader - Screenshot saved: D:\ai_doc_automation\output\screenshots\20260820_181507_extracted_National Sanskrit University.png.png
2026-08-20 18:15:07,454  [INFO    ]  main - [OK] National Sanskrit University.png: SUCCESS (39.8s)
2026-08-20 18:15:07,454  [INFO    ]  doc_uploader - Clicking 'New submission'...
2026-08-20 18:15:09,835  [INFO    ]  doc_uploader - New submission clicked — form reset.
2026-08-20 18:15:10,836  [INFO    ]  main - 
[27/43] D:\ai_doc_automation\Degree Certificate\Orissa GIET University Degree Certificate.pdf
2026-08-20 18:15:10,836  [INFO    ]  main - ============================================================
2026-08-20 18:15:10,836  [INFO    ]  main - Processing [27/43]: Orissa GIET University Degree Certificate.pdf  |  Graduation Certificate  |  Attempt 1
2026-08-20 18:15:10,836  [INFO    ]  main - ============================================================
2026-08-20 18:15:10,936  [INFO    ]  doc_uploader - Selecting document type: 'Graduation Certificate'
2026-08-20 18:15:11,014  [INFO    ]  doc_uploader - Selected by visible text: 'Graduation Certificate'
2026-08-20 18:15:11,014  [INFO    ]  doc_uploader - Ensuring 'Plain extraction' is selected...
2026-08-20 18:15:16,441  [INFO    ]  doc_uploader - Clicked Plain extraction text element.
2026-08-20 18:15:16,442  [INFO    ]  doc_uploader - Uploading file: D:\ai_doc_automation\Degree Certificate\Orissa GIET University Degree Certificate.pdf
2026-08-20 18:15:16,446  [INFO    ]  doc_uploader - File input found via JS querySelector.
2026-08-20 18:15:18,776  [INFO    ]  doc_uploader - File uploaded successfully.
2026-08-20 18:15:18,776  [INFO    ]  doc_uploader - Pre-submit verification...
2026-08-20 18:15:18,867  [INFO    ]  doc_uploader - Ensuring 'Plain extraction' is selected...
2026-08-20 18:15:24,276  [INFO    ]  doc_uploader - Clicked Plain extraction text element.
2026-08-20 18:15:24,276  [INFO    ]  doc_uploader - Clicking 'Submit to engine'...
2026-08-20 18:15:24,645  [INFO    ]  doc_uploader - Submitted to engine. Waiting for result...
2026-08-20 18:15:24,645  [INFO    ]  doc_uploader - Waiting for engine result (timeout=180s)...
2026-08-20 18:15:24,657  [INFO    ]  doc_uploader -   [0s] Engine processing...
2026-08-20 18:15:29,671  [INFO    ]  doc_uploader -   [5s] Engine processing...
2026-08-20 18:15:34,685  [INFO    ]  doc_uploader -   [10s] Engine processing...
2026-08-20 18:15:39,701  [INFO    ]  doc_uploader -   [15s] Engine processing...
2026-08-20 18:15:49,751  [INFO    ]  doc_uploader - Result appeared after 20s.
2026-08-20 18:15:50,865  [INFO    ]  doc_uploader - Screenshot saved: D:\ai_doc_automation\output\screenshots\20260820_181550_result_Orissa GIET University Degree Certificate.pdf.png
2026-08-20 18:15:50,865  [INFO    ]  result_parser - Reading verdict from Overview tab...
2026-08-20 18:15:52,461  [INFO    ]  result_parser - Verdict: SUCCESS
2026-08-20 18:15:52,461  [INFO    ]  result_parser - Clicking Extraction tab...
2026-08-20 18:15:54,341  [INFO    ]  result_parser - On Extraction tab.
2026-08-20 18:15:54,341  [INFO    ]  result_parser - JS parse: 16 fields
2026-08-20 18:15:54,452  [INFO    ]  doc_uploader - Screenshot saved: D:\ai_doc_automation\output\screenshots\20260820_181554_extracted_Orissa GIET University Degree Certificate.pdf.png
2026-08-20 18:15:54,579  [INFO    ]  main - [OK] Orissa GIET University Degree Certificate.pdf: SUCCESS (39.8s)
2026-08-20 18:15:54,579  [INFO    ]  doc_uploader - Clicking 'New submission'...
2026-08-20 18:15:56,958  [INFO    ]  doc_uploader - New submission clicked — form reset.
2026-08-20 18:15:57,959  [INFO    ]  main - 
[28/43] D:\ai_doc_automation\Degree Certificate\Prananath College Autonomous Khorda.png
2026-08-20 18:15:57,959  [INFO    ]  main - ============================================================
2026-08-20 18:15:57,959  [INFO    ]  main - Processing [28/43]: Prananath College Autonomous Khorda.png  |  Graduation Certificate  |  Attempt 1
2026-08-20 18:15:57,959  [INFO    ]  main - ============================================================
2026-08-20 18:15:58,064  [INFO    ]  doc_uploader - Selecting document type: 'Graduation Certificate'
2026-08-20 18:15:58,098  [INFO    ]  doc_uploader - Selected by visible text: 'Graduation Certificate'
2026-08-20 18:15:58,098  [INFO    ]  doc_uploader - Ensuring 'Plain extraction' is selected...
2026-08-20 18:16:03,522  [INFO    ]  doc_uploader - Clicked Plain extraction text element.
2026-08-20 18:16:03,523  [INFO    ]  doc_uploader - Uploading file: D:\ai_doc_automation\Degree Certificate\Prananath College Autonomous Khorda.png
2026-08-20 18:16:03,527  [INFO    ]  doc_uploader - File input found via JS querySelector.
2026-08-20 18:16:05,859  [INFO    ]  doc_uploader - File uploaded successfully.
2026-08-20 18:16:05,859  [INFO    ]  doc_uploader - Pre-submit verification...
2026-08-20 18:16:05,943  [INFO    ]  doc_uploader - Ensuring 'Plain extraction' is selected...
2026-08-20 18:16:11,370  [INFO    ]  doc_uploader - Clicked Plain extraction text element.
2026-08-20 18:16:11,370  [INFO    ]  doc_uploader - Clicking 'Submit to engine'...
2026-08-20 18:16:11,737  [INFO    ]  doc_uploader - Submitted to engine. Waiting for result...
2026-08-20 18:16:11,737  [INFO    ]  doc_uploader - Waiting for engine result (timeout=180s)...
2026-08-20 18:16:11,755  [INFO    ]  doc_uploader -   [0s] Engine processing...
2026-08-20 18:16:16,762  [INFO    ]  doc_uploader -   [5s] Engine processing...
2026-08-20 18:16:21,778  [INFO    ]  doc_uploader -   [10s] Engine processing...
2026-08-20 18:16:26,795  [INFO    ]  doc_uploader -   [15s] Engine processing...
2026-08-20 18:16:36,862  [INFO    ]  doc_uploader - Result appeared after 20s.
2026-08-20 18:16:37,984  [INFO    ]  doc_uploader - Screenshot saved: D:\ai_doc_automation\output\screenshots\20260820_181637_result_Prananath College Autonomous Khorda.png.png
2026-08-20 18:16:37,984  [INFO    ]  result_parser - Reading verdict from Overview tab...
2026-08-20 18:16:39,586  [INFO    ]  result_parser - Verdict: SUCCESS
2026-08-20 18:16:39,586  [INFO    ]  result_parser - Clicking Extraction tab...
2026-08-20 18:16:41,457  [INFO    ]  result_parser - On Extraction tab.
2026-08-20 18:16:41,467  [INFO    ]  result_parser - JS parse: 16 fields
2026-08-20 18:16:41,574  [INFO    ]  doc_uploader - Screenshot saved: D:\ai_doc_automation\output\screenshots\20260820_181641_extracted_Prananath College Autonomous Khorda.png.png
2026-08-20 18:16:41,706  [INFO    ]  main - [OK] Prananath College Autonomous Khorda.png: SUCCESS (39.8s)
2026-08-20 18:16:41,706  [INFO    ]  doc_uploader - Clicking 'New submission'...
2026-08-20 18:16:44,079  [INFO    ]  doc_uploader - New submission clicked — form reset.
2026-08-20 18:16:45,079  [INFO    ]  main - 
[29/43] D:\ai_doc_automation\Degree Certificate\Rajendra College.png
2026-08-20 18:16:45,079  [INFO    ]  main - ============================================================
2026-08-20 18:16:45,079  [INFO    ]  main - Processing [29/43]: Rajendra College.png  |  Graduation Certificate  |  Attempt 1
2026-08-20 18:16:45,079  [INFO    ]  main - ============================================================
2026-08-20 18:16:45,184  [INFO    ]  doc_uploader - Selecting document type: 'Graduation Certificate'
2026-08-20 18:16:45,207  [INFO    ]  doc_uploader - Selected by visible text: 'Graduation Certificate'
2026-08-20 18:16:45,207  [INFO    ]  doc_uploader - Ensuring 'Plain extraction' is selected...
2026-08-20 18:16:50,636  [INFO    ]  doc_uploader - Clicked Plain extraction text element.
2026-08-20 18:16:50,637  [INFO    ]  doc_uploader - Uploading file: D:\ai_doc_automation\Degree Certificate\Rajendra College.png
2026-08-20 18:16:50,642  [INFO    ]  doc_uploader - File input found via JS querySelector.
2026-08-20 18:16:52,974  [INFO    ]  doc_uploader - File uploaded successfully.
2026-08-20 18:16:52,974  [INFO    ]  doc_uploader - Pre-submit verification...
2026-08-20 18:16:53,063  [INFO    ]  doc_uploader - Ensuring 'Plain extraction' is selected...
2026-08-20 18:16:58,495  [INFO    ]  doc_uploader - Clicked Plain extraction text element.
2026-08-20 18:16:58,496  [INFO    ]  doc_uploader - Clicking 'Submit to engine'...
2026-08-20 18:16:58,857  [INFO    ]  doc_uploader - Submitted to engine. Waiting for result...
2026-08-20 18:16:58,857  [INFO    ]  doc_uploader - Waiting for engine result (timeout=180s)...
2026-08-20 18:16:58,872  [INFO    ]  doc_uploader -   [0s] Engine processing...
2026-08-20 18:17:03,888  [INFO    ]  doc_uploader -   [5s] Engine processing...
2026-08-20 18:17:08,909  [INFO    ]  doc_uploader -   [10s] Engine processing...
2026-08-20 18:17:13,923  [INFO    ]  doc_uploader -   [15s] Engine processing...
2026-08-20 18:17:18,948  [INFO    ]  doc_uploader -   [20s] Engine processing...
2026-08-20 18:17:23,974  [INFO    ]  doc_uploader -   [25s] Engine processing...
2026-08-20 18:17:28,987  [INFO    ]  doc_uploader -   [30s] Engine processing...
2026-08-20 18:17:34,001  [INFO    ]  doc_uploader -   [35s] Engine processing...
2026-08-20 18:17:39,023  [INFO    ]  doc_uploader -   [40s] Engine processing...
2026-08-20 18:17:44,036  [INFO    ]  doc_uploader -   [45s] Engine processing...
2026-08-20 18:17:49,052  [INFO    ]  doc_uploader -   [50s] Engine processing...
2026-08-20 18:17:54,074  [INFO    ]  doc_uploader -   [55s] Engine processing...
2026-08-20 18:17:59,101  [INFO    ]  doc_uploader -   [60s] Engine processing...
2026-08-20 18:18:04,113  [INFO    ]  doc_uploader -   [65s] Engine processing...
2026-08-20 18:18:09,132  [INFO    ]  doc_uploader -   [70s] Engine processing...
2026-08-20 18:18:14,145  [INFO    ]  doc_uploader -   [75s] Engine processing...
2026-08-20 18:18:19,185  [INFO    ]  doc_uploader -   [80s] Engine processing...
2026-08-20 18:18:24,201  [INFO    ]  doc_uploader -   [85s] Engine processing...
2026-08-20 18:18:29,229  [INFO    ]  doc_uploader -   [90s] Engine processing...
2026-08-20 18:18:34,255  [INFO    ]  doc_uploader -   [95s] Engine processing...
2026-08-20 18:18:39,279  [INFO    ]  doc_uploader -   [100s] Engine processing...
2026-08-20 18:18:44,284  [INFO    ]  doc_uploader -   [105s] Engine processing...
2026-08-20 18:18:49,313  [INFO    ]  doc_uploader -   [110s] Engine processing...
2026-08-20 18:18:54,327  [INFO    ]  doc_uploader -   [115s] Engine processing...
2026-08-20 18:18:59,330  [INFO    ]  doc_uploader -   [120s] Engine processing...
2026-08-20 18:19:04,356  [INFO    ]  doc_uploader -   [125s] Engine processing...
2026-08-20 18:19:09,375  [INFO    ]  doc_uploader -   [130s] Engine processing...
2026-08-20 18:19:14,397  [INFO    ]  doc_uploader -   [135s] Engine processing...
2026-08-20 18:19:19,415  [INFO    ]  doc_uploader -   [140s] Engine processing...
2026-08-20 18:19:24,425  [INFO    ]  doc_uploader -   [145s] Engine processing...
2026-08-20 18:19:29,435  [INFO    ]  doc_uploader -   [150s] Engine processing...
2026-08-20 18:19:34,456  [INFO    ]  doc_uploader -   [155s] Engine processing...
2026-08-20 18:19:39,482  [INFO    ]  doc_uploader -   [160s] Engine processing...
2026-08-20 18:19:44,489  [INFO    ]  doc_uploader -   [165s] Engine processing...
2026-08-20 18:19:49,510  [INFO    ]  doc_uploader -   [170s] Engine processing...
2026-08-20 18:19:54,538  [INFO    ]  doc_uploader -   [175s] Engine processing...
2026-08-20 18:19:59,544  [WARNING ]  doc_uploader - Engine timeout after 180s.
2026-08-20 18:19:59,544  [WARNING ]  main - Timeout on attempt 1. Retrying...
2026-08-20 18:19:59,647  [INFO    ]  doc_uploader - Clicking 'New submission'...
2026-08-20 18:20:10,235  [WARNING ]  doc_uploader - 'New submission' not found. Navigating to Verify Document via sidebar.
2026-08-20 18:20:10,235  [INFO    ]  doc_uploader - Navigating to 'Verify Document' page...
2026-08-20 18:20:12,118  [INFO    ]  doc_uploader - On Verify Document page.
2026-08-20 18:20:12,118  [INFO    ]  doc_uploader - Navigating to 'Verify Document' page...
2026-08-20 18:20:13,986  [INFO    ]  doc_uploader - On Verify Document page.
2026-08-20 18:20:13,986  [INFO    ]  main - ============================================================
2026-08-20 18:20:13,986  [INFO    ]  main - Processing [29/43]: Rajendra College.png  |  Graduation Certificate  |  Attempt 2
2026-08-20 18:20:13,986  [INFO    ]  main - ============================================================
2026-08-20 18:20:14,084  [INFO    ]  doc_uploader - Selecting document type: 'Graduation Certificate'
2026-08-20 18:20:14,160  [INFO    ]  doc_uploader - Selected by visible text: 'Graduation Certificate'
2026-08-20 18:20:14,160  [INFO    ]  doc_uploader - Ensuring 'Plain extraction' is selected...
2026-08-20 18:20:19,609  [INFO    ]  doc_uploader - Clicked Plain extraction text element.
2026-08-20 18:20:19,609  [INFO    ]  doc_uploader - Uploading file: D:\ai_doc_automation\Degree Certificate\Rajendra College.png
2026-08-20 18:20:19,609  [INFO    ]  doc_uploader - File input found via JS querySelector.
2026-08-20 18:20:21,959  [INFO    ]  doc_uploader - File uploaded successfully.
2026-08-20 18:20:21,959  [INFO    ]  doc_uploader - Pre-submit verification...
2026-08-20 18:20:22,042  [WARNING ]  doc_uploader - Dropdown mismatch! Expected 'Graduation Certificate', found 'Aadhaar Card'. Re-selecting.
2026-08-20 18:20:22,042  [INFO    ]  doc_uploader - Selecting document type: 'Graduation Certificate'
2026-08-20 18:20:22,111  [INFO    ]  doc_uploader - Selected by visible text: 'Graduation Certificate'
2026-08-20 18:20:22,111  [INFO    ]  doc_uploader - Ensuring 'Plain extraction' is selected...
2026-08-20 18:20:27,554  [INFO    ]  doc_uploader - Clicked Plain extraction text element.
2026-08-20 18:20:27,554  [INFO    ]  doc_uploader - Clicking 'Submit to engine'...
2026-08-20 18:20:27,932  [INFO    ]  doc_uploader - Submitted to engine. Waiting for result...
2026-08-20 18:20:27,932  [INFO    ]  doc_uploader - Waiting for engine result (timeout=180s)...
2026-08-20 18:20:27,952  [INFO    ]  doc_uploader -   [0s] Engine processing...
2026-08-20 18:20:32,976  [INFO    ]  doc_uploader -   [5s] Engine processing...
2026-08-20 18:20:37,982  [INFO    ]  doc_uploader -   [10s] Engine processing...
2026-08-20 18:20:43,009  [INFO    ]  doc_uploader -   [15s] Engine processing...
2026-08-20 18:20:48,029  [INFO    ]  doc_uploader -   [20s] Engine processing...
2026-08-20 18:20:53,037  [INFO    ]  doc_uploader -   [25s] Engine processing...
2026-08-20 18:20:58,049  [INFO    ]  doc_uploader -   [30s] Engine processing...
2026-08-20 18:21:03,075  [INFO    ]  doc_uploader -   [35s] Engine processing...
2026-08-20 18:21:08,082  [INFO    ]  doc_uploader -   [40s] Engine processing...
2026-08-20 18:21:13,107  [INFO    ]  doc_uploader -   [45s] Engine processing...
2026-08-20 18:21:18,116  [INFO    ]  doc_uploader -   [50s] Engine processing...
2026-08-20 18:21:23,139  [INFO    ]  doc_uploader -   [55s] Engine processing...
2026-08-20 18:21:28,151  [INFO    ]  doc_uploader -   [60s] Engine processing...
2026-08-20 18:21:33,174  [INFO    ]  doc_uploader -   [65s] Engine processing...
2026-08-20 18:21:38,199  [INFO    ]  doc_uploader -   [70s] Engine processing...
2026-08-20 18:21:43,219  [INFO    ]  doc_uploader -   [75s] Engine processing...
2026-08-20 18:21:48,229  [INFO    ]  doc_uploader -   [80s] Engine processing...
2026-08-20 18:21:53,255  [INFO    ]  doc_uploader -   [85s] Engine processing...
2026-08-20 18:21:58,277  [INFO    ]  doc_uploader -   [90s] Engine processing...
2026-08-20 18:22:03,303  [INFO    ]  doc_uploader -   [95s] Engine processing...
2026-08-20 18:22:08,311  [INFO    ]  doc_uploader -   [100s] Engine processing...
2026-08-20 18:22:13,336  [INFO    ]  doc_uploader -   [105s] Engine processing...
2026-08-20 18:22:18,359  [INFO    ]  doc_uploader -   [110s] Engine processing...
2026-08-20 18:22:23,371  [INFO    ]  doc_uploader -   [115s] Engine processing...
2026-08-20 18:22:28,392  [INFO    ]  doc_uploader -   [120s] Engine processing...
2026-08-20 18:22:33,419  [INFO    ]  doc_uploader -   [125s] Engine processing...
2026-08-20 18:22:38,438  [INFO    ]  doc_uploader -   [130s] Engine processing...
2026-08-20 18:22:43,454  [INFO    ]  doc_uploader -   [135s] Engine processing...
2026-08-20 18:22:48,475  [INFO    ]  doc_uploader -   [140s] Engine processing...
2026-08-20 18:22:53,504  [INFO    ]  doc_uploader -   [145s] Engine processing...
2026-08-20 18:22:58,506  [INFO    ]  doc_uploader -   [150s] Engine processing...
2026-08-20 18:23:03,542  [INFO    ]  doc_uploader -   [155s] Engine processing...
2026-08-20 18:23:08,553  [INFO    ]  doc_uploader -   [160s] Engine processing...
2026-08-20 18:23:13,583  [INFO    ]  doc_uploader -   [165s] Engine processing...
2026-08-20 18:23:18,594  [INFO    ]  doc_uploader -   [170s] Engine processing...
2026-08-20 18:23:23,621  [INFO    ]  doc_uploader -   [175s] Engine processing...
2026-08-20 18:23:28,626  [WARNING ]  doc_uploader - Engine timeout after 180s.
2026-08-20 18:23:28,769  [INFO    ]  doc_uploader - Screenshot saved: D:\ai_doc_automation\output\screenshots\20260820_182328_timeout_Rajendra College.png.png
2026-08-20 18:23:28,927  [INFO    ]  doc_uploader - Screenshot saved: D:\ai_doc_automation\output\screenshots\20260820_182328_timeout_Rajendra College.png.png
2026-08-20 18:23:29,062  [INFO    ]  main - [FAIL] Rajendra College.png: TIMEOUT (194.5s)
2026-08-20 18:23:29,062  [INFO    ]  doc_uploader - Clicking 'New submission'...
2026-08-20 18:23:39,644  [WARNING ]  doc_uploader - 'New submission' not found. Navigating to Verify Document via sidebar.
2026-08-20 18:23:39,644  [INFO    ]  doc_uploader - Navigating to 'Verify Document' page...
2026-08-20 18:23:41,544  [INFO    ]  doc_uploader - On Verify Document page.
2026-08-20 18:23:42,545  [INFO    ]  main - 
[30/43] D:\ai_doc_automation\Degree Certificate\Rajendra University.png
2026-08-20 18:23:42,545  [INFO    ]  main - ============================================================
2026-08-20 18:23:42,545  [INFO    ]  main - Processing [30/43]: Rajendra University.png  |  Graduation Certificate  |  Attempt 1
2026-08-20 18:23:42,545  [INFO    ]  main - ============================================================
2026-08-20 18:23:42,649  [INFO    ]  doc_uploader - Selecting document type: 'Graduation Certificate'
2026-08-20 18:23:42,736  [INFO    ]  doc_uploader - Selected by visible text: 'Graduation Certificate'
2026-08-20 18:23:42,736  [INFO    ]  doc_uploader - Ensuring 'Plain extraction' is selected...
2026-08-20 18:23:48,166  [INFO    ]  doc_uploader - Clicked Plain extraction text element.
2026-08-20 18:23:48,166  [INFO    ]  doc_uploader - Uploading file: D:\ai_doc_automation\Degree Certificate\Rajendra University.png
2026-08-20 18:23:48,172  [INFO    ]  doc_uploader - File input found via JS querySelector.
2026-08-20 18:23:50,511  [INFO    ]  doc_uploader - File uploaded successfully.
2026-08-20 18:23:50,511  [INFO    ]  doc_uploader - Pre-submit verification...
2026-08-20 18:23:50,575  [WARNING ]  doc_uploader - Dropdown mismatch! Expected 'Graduation Certificate', found 'Aadhaar Card'. Re-selecting.
2026-08-20 18:23:50,575  [INFO    ]  doc_uploader - Selecting document type: 'Graduation Certificate'
2026-08-20 18:23:50,635  [INFO    ]  doc_uploader - Selected by visible text: 'Graduation Certificate'
2026-08-20 18:23:50,635  [INFO    ]  doc_uploader - Ensuring 'Plain extraction' is selected...
2026-08-20 18:23:56,015  [INFO    ]  doc_uploader - Clicked Plain extraction text element.
2026-08-20 18:23:56,015  [INFO    ]  doc_uploader - Clicking 'Submit to engine'...
2026-08-20 18:23:56,398  [INFO    ]  doc_uploader - Submitted to engine. Waiting for result...
2026-08-20 18:23:56,398  [INFO    ]  doc_uploader - Waiting for engine result (timeout=180s)...
2026-08-20 18:23:56,417  [INFO    ]  doc_uploader -   [0s] Engine processing...
2026-08-20 18:24:01,434  [INFO    ]  doc_uploader -   [5s] Engine processing...
2026-08-20 18:24:06,449  [INFO    ]  doc_uploader -   [10s] Engine processing...
2026-08-20 18:24:11,464  [INFO    ]  doc_uploader -   [15s] Engine processing...
2026-08-20 18:24:16,480  [INFO    ]  doc_uploader -   [20s] Engine processing...
2026-08-20 18:24:26,551  [INFO    ]  doc_uploader - Result appeared after 25s.
2026-08-20 18:24:27,659  [INFO    ]  doc_uploader - Screenshot saved: D:\ai_doc_automation\output\screenshots\20260820_182427_result_Rajendra University.png.png
2026-08-20 18:24:27,659  [INFO    ]  result_parser - Reading verdict from Overview tab...
2026-08-20 18:24:29,262  [INFO    ]  result_parser - Verdict: SUCCESS
2026-08-20 18:24:29,262  [INFO    ]  result_parser - Clicking Extraction tab...
2026-08-20 18:24:31,145  [INFO    ]  result_parser - On Extraction tab.
2026-08-20 18:24:31,151  [INFO    ]  result_parser - JS parse: 16 fields
2026-08-20 18:24:31,259  [INFO    ]  doc_uploader - Screenshot saved: D:\ai_doc_automation\output\screenshots\20260820_182431_extracted_Rajendra University.png.png
2026-08-20 18:24:31,392  [INFO    ]  main - [OK] Rajendra University.png: SUCCESS (44.9s)
2026-08-20 18:24:31,392  [INFO    ]  doc_uploader - Clicking 'New submission'...
2026-08-20 18:24:33,772  [INFO    ]  doc_uploader - New submission clicked — form reset.
2026-08-20 18:24:34,773  [INFO    ]  main - 
[31/43] D:\ai_doc_automation\Degree Certificate\Rama Devi Womens University.png
2026-08-20 18:24:34,773  [INFO    ]  main - ============================================================
2026-08-20 18:24:34,773  [INFO    ]  main - Processing [31/43]: Rama Devi Womens University.png  |  Graduation Certificate  |  Attempt 1
2026-08-20 18:24:34,773  [INFO    ]  main - ============================================================
2026-08-20 18:24:34,870  [INFO    ]  doc_uploader - Selecting document type: 'Graduation Certificate'
2026-08-20 18:24:34,910  [INFO    ]  doc_uploader - Selected by visible text: 'Graduation Certificate'
2026-08-20 18:24:34,910  [INFO    ]  doc_uploader - Ensuring 'Plain extraction' is selected...
2026-08-20 18:24:40,328  [INFO    ]  doc_uploader - Clicked Plain extraction text element.
2026-08-20 18:24:40,328  [INFO    ]  doc_uploader - Uploading file: D:\ai_doc_automation\Degree Certificate\Rama Devi Womens University.png
2026-08-20 18:24:40,328  [INFO    ]  doc_uploader - File input found via JS querySelector.
2026-08-20 18:24:42,667  [INFO    ]  doc_uploader - File uploaded successfully.
2026-08-20 18:24:42,667  [INFO    ]  doc_uploader - Pre-submit verification...
2026-08-20 18:24:42,758  [INFO    ]  doc_uploader - Ensuring 'Plain extraction' is selected...
2026-08-20 18:24:48,186  [INFO    ]  doc_uploader - Clicked Plain extraction text element.
2026-08-20 18:24:48,186  [INFO    ]  doc_uploader - Clicking 'Submit to engine'...
2026-08-20 18:24:48,560  [INFO    ]  doc_uploader - Submitted to engine. Waiting for result...
2026-08-20 18:24:48,560  [INFO    ]  doc_uploader - Waiting for engine result (timeout=180s)...
2026-08-20 18:24:48,580  [INFO    ]  doc_uploader -   [0s] Engine processing...
2026-08-20 18:24:53,590  [INFO    ]  doc_uploader -   [5s] Engine processing...
2026-08-20 18:24:58,608  [INFO    ]  doc_uploader -   [10s] Engine processing...
2026-08-20 18:25:03,621  [INFO    ]  doc_uploader -   [15s] Engine processing...
2026-08-20 18:25:13,677  [INFO    ]  doc_uploader - Result appeared after 20s.
2026-08-20 18:25:14,829  [INFO    ]  doc_uploader - Screenshot saved: D:\ai_doc_automation\output\screenshots\20260820_182514_result_Rama Devi Womens University.png.png
2026-08-20 18:25:14,829  [INFO    ]  result_parser - Reading verdict from Overview tab...
2026-08-20 18:25:16,425  [INFO    ]  result_parser - Verdict: SUCCESS
2026-08-20 18:25:16,425  [INFO    ]  result_parser - Clicking Extraction tab...
2026-08-20 18:25:18,307  [INFO    ]  result_parser - On Extraction tab.
2026-08-20 18:25:18,307  [INFO    ]  result_parser - JS parse: 16 fields
2026-08-20 18:25:18,436  [INFO    ]  doc_uploader - Screenshot saved: D:\ai_doc_automation\output\screenshots\20260820_182518_extracted_Rama Devi Womens University.png.png
2026-08-20 18:25:18,630  [INFO    ]  main - [OK] Rama Devi Womens University.png: SUCCESS (39.8s)
2026-08-20 18:25:18,630  [INFO    ]  doc_uploader - Clicking 'New submission'...
2026-08-20 18:25:21,017  [INFO    ]  doc_uploader - New submission clicked — form reset.
2026-08-20 18:25:22,018  [INFO    ]  main - 
[32/43] D:\ai_doc_automation\Degree Certificate\Ravenshaw University.png
2026-08-20 18:25:22,018  [INFO    ]  main - ============================================================
2026-08-20 18:25:22,018  [INFO    ]  main - Processing [32/43]: Ravenshaw University.png  |  Graduation Certificate  |  Attempt 1
2026-08-20 18:25:22,018  [INFO    ]  main - ============================================================
2026-08-20 18:25:22,113  [INFO    ]  doc_uploader - Selecting document type: 'Graduation Certificate'
2026-08-20 18:25:22,152  [INFO    ]  doc_uploader - Selected by visible text: 'Graduation Certificate'
2026-08-20 18:25:22,152  [INFO    ]  doc_uploader - Ensuring 'Plain extraction' is selected...
2026-08-20 18:25:27,523  [INFO    ]  doc_uploader - Clicked Plain extraction text element.
2026-08-20 18:25:27,523  [INFO    ]  doc_uploader - Uploading file: D:\ai_doc_automation\Degree Certificate\Ravenshaw University.png
2026-08-20 18:25:27,523  [INFO    ]  doc_uploader - File input found via JS querySelector.
2026-08-20 18:25:29,868  [INFO    ]  doc_uploader - File uploaded successfully.
2026-08-20 18:25:29,868  [INFO    ]  doc_uploader - Pre-submit verification...
2026-08-20 18:25:29,958  [INFO    ]  doc_uploader - Ensuring 'Plain extraction' is selected...
2026-08-20 18:25:35,343  [INFO    ]  doc_uploader - Clicked Plain extraction text element.
2026-08-20 18:25:35,343  [INFO    ]  doc_uploader - Clicking 'Submit to engine'...
2026-08-20 18:25:35,704  [INFO    ]  doc_uploader - Submitted to engine. Waiting for result...
2026-08-20 18:25:35,704  [INFO    ]  doc_uploader - Waiting for engine result (timeout=180s)...
2026-08-20 18:25:35,733  [INFO    ]  doc_uploader -   [0s] Engine processing...
2026-08-20 18:25:40,740  [INFO    ]  doc_uploader -   [5s] Engine processing...
2026-08-20 18:25:45,758  [INFO    ]  doc_uploader -   [10s] Engine processing...
2026-08-20 18:25:50,766  [INFO    ]  doc_uploader -   [15s] Engine processing...
2026-08-20 18:26:00,853  [INFO    ]  doc_uploader - Result appeared after 20s.
2026-08-20 18:26:01,980  [INFO    ]  doc_uploader - Screenshot saved: D:\ai_doc_automation\output\screenshots\20260820_182601_result_Ravenshaw University.png.png
2026-08-20 18:26:01,980  [INFO    ]  result_parser - Reading verdict from Overview tab...
2026-08-20 18:26:03,569  [INFO    ]  result_parser - Verdict: SUCCESS
2026-08-20 18:26:03,569  [INFO    ]  result_parser - Clicking Extraction tab...
2026-08-20 18:26:05,448  [INFO    ]  result_parser - On Extraction tab.
2026-08-20 18:26:05,448  [INFO    ]  result_parser - JS parse: 16 fields
2026-08-20 18:26:05,562  [INFO    ]  doc_uploader - Screenshot saved: D:\ai_doc_automation\output\screenshots\20260820_182605_extracted_Ravenshaw University.png.png
2026-08-20 18:26:05,715  [INFO    ]  main - [OK] Ravenshaw University.png: SUCCESS (39.7s)
2026-08-20 18:26:05,715  [INFO    ]  doc_uploader - Clicking 'New submission'...
2026-08-20 18:26:08,085  [INFO    ]  doc_uploader - New submission clicked — form reset.
2026-08-20 18:26:09,086  [INFO    ]  main - 
[33/43] D:\ai_doc_automation\Degree Certificate\Sambalpur University .png
2026-08-20 18:26:09,086  [INFO    ]  main - ============================================================
2026-08-20 18:26:09,086  [INFO    ]  main - Processing [33/43]: Sambalpur University .png  |  Graduation Certificate  |  Attempt 1
2026-08-20 18:26:09,086  [INFO    ]  main - ============================================================
2026-08-20 18:26:09,183  [INFO    ]  doc_uploader - Selecting document type: 'Graduation Certificate'
2026-08-20 18:26:09,213  [INFO    ]  doc_uploader - Selected by visible text: 'Graduation Certificate'
2026-08-20 18:26:09,213  [INFO    ]  doc_uploader - Ensuring 'Plain extraction' is selected...
2026-08-20 18:26:14,633  [INFO    ]  doc_uploader - Clicked Plain extraction text element.
2026-08-20 18:26:14,633  [INFO    ]  doc_uploader - Uploading file: D:\ai_doc_automation\Degree Certificate\Sambalpur University .png
2026-08-20 18:26:14,641  [INFO    ]  doc_uploader - File input found via JS querySelector.
2026-08-20 18:26:16,975  [INFO    ]  doc_uploader - File uploaded successfully.
2026-08-20 18:26:16,975  [INFO    ]  doc_uploader - Pre-submit verification...
2026-08-20 18:26:17,074  [INFO    ]  doc_uploader - Ensuring 'Plain extraction' is selected...
2026-08-20 18:26:22,440  [INFO    ]  doc_uploader - Clicked Plain extraction text element.
2026-08-20 18:26:22,440  [INFO    ]  doc_uploader - Clicking 'Submit to engine'...
2026-08-20 18:26:22,814  [INFO    ]  doc_uploader - Submitted to engine. Waiting for result...
2026-08-20 18:26:22,814  [INFO    ]  doc_uploader - Waiting for engine result (timeout=180s)...
2026-08-20 18:26:22,834  [INFO    ]  doc_uploader -   [0s] Engine processing...
2026-08-20 18:26:27,843  [INFO    ]  doc_uploader -   [5s] Engine processing...
2026-08-20 18:26:32,866  [INFO    ]  doc_uploader -   [10s] Engine processing...
2026-08-20 18:26:37,887  [INFO    ]  doc_uploader -   [15s] Engine processing...
2026-08-20 18:26:42,908  [INFO    ]  doc_uploader -   [20s] Engine processing...
2026-08-20 18:26:47,927  [INFO    ]  doc_uploader -   [25s] Engine processing...
2026-08-20 18:26:52,940  [INFO    ]  doc_uploader -   [30s] Engine processing...
2026-08-20 18:26:57,952  [INFO    ]  doc_uploader -   [35s] Engine processing...
2026-08-20 18:27:02,979  [INFO    ]  doc_uploader -   [40s] Engine processing...
2026-08-20 18:27:08,001  [INFO    ]  doc_uploader -   [45s] Engine processing...
2026-08-20 18:27:13,009  [INFO    ]  doc_uploader -   [50s] Engine processing...
2026-08-20 18:27:18,035  [INFO    ]  doc_uploader -   [55s] Engine processing...
2026-08-20 18:27:23,047  [INFO    ]  doc_uploader -   [60s] Engine processing...
2026-08-20 18:27:28,063  [INFO    ]  doc_uploader -   [65s] Engine processing...
2026-08-20 18:27:33,081  [INFO    ]  doc_uploader -   [70s] Engine processing...
2026-08-20 18:27:38,101  [INFO    ]  doc_uploader -   [75s] Engine processing...
2026-08-20 18:27:43,112  [INFO    ]  doc_uploader -   [80s] Engine processing...
2026-08-20 18:27:48,137  [INFO    ]  doc_uploader -   [85s] Engine processing...
2026-08-20 18:27:53,156  [INFO    ]  doc_uploader -   [90s] Engine processing...
2026-08-20 18:27:58,169  [INFO    ]  doc_uploader -   [95s] Engine processing...
2026-08-20 18:28:03,190  [INFO    ]  doc_uploader -   [100s] Engine processing...
2026-08-20 18:28:08,199  [INFO    ]  doc_uploader -   [105s] Engine processing...
2026-08-20 18:28:13,210  [INFO    ]  doc_uploader -   [110s] Engine processing...
2026-08-20 18:28:18,232  [INFO    ]  doc_uploader -   [115s] Engine processing...
2026-08-20 18:28:23,242  [INFO    ]  doc_uploader -   [120s] Engine processing...
2026-08-20 18:28:28,277  [INFO    ]  doc_uploader -   [125s] Engine processing...
2026-08-20 18:28:33,292  [INFO    ]  doc_uploader -   [130s] Engine processing...
2026-08-20 18:28:38,313  [INFO    ]  doc_uploader -   [135s] Engine processing...
2026-08-20 18:28:43,317  [INFO    ]  doc_uploader -   [140s] Engine processing...
2026-08-20 18:28:48,332  [INFO    ]  doc_uploader -   [145s] Engine processing...
2026-08-20 18:28:53,367  [INFO    ]  doc_uploader -   [150s] Engine processing...
2026-08-20 18:28:58,384  [INFO    ]  doc_uploader -   [155s] Engine processing...
2026-08-20 18:29:03,403  [INFO    ]  doc_uploader -   [160s] Engine processing...
2026-08-20 18:29:08,429  [INFO    ]  doc_uploader -   [165s] Engine processing...
2026-08-20 18:29:13,451  [INFO    ]  doc_uploader -   [170s] Engine processing...
2026-08-20 18:29:18,464  [INFO    ]  doc_uploader -   [175s] Engine processing...
2026-08-20 18:29:23,475  [WARNING ]  doc_uploader - Engine timeout after 180s.
2026-08-20 18:29:23,475  [WARNING ]  main - Timeout on attempt 1. Retrying...
2026-08-20 18:29:23,578  [INFO    ]  doc_uploader - Clicking 'New submission'...
2026-08-20 18:29:34,174  [WARNING ]  doc_uploader - 'New submission' not found. Navigating to Verify Document via sidebar.
2026-08-20 18:29:34,174  [INFO    ]  doc_uploader - Navigating to 'Verify Document' page...
2026-08-20 18:29:36,064  [INFO    ]  doc_uploader - On Verify Document page.
2026-08-20 18:29:36,064  [INFO    ]  doc_uploader - Navigating to 'Verify Document' page...
2026-08-20 18:29:37,929  [INFO    ]  doc_uploader - On Verify Document page.
2026-08-20 18:29:37,929  [INFO    ]  main - ============================================================
2026-08-20 18:29:37,929  [INFO    ]  main - Processing [33/43]: Sambalpur University .png  |  Graduation Certificate  |  Attempt 2
2026-08-20 18:29:37,929  [INFO    ]  main - ============================================================
2026-08-20 18:29:38,031  [INFO    ]  doc_uploader - Selecting document type: 'Graduation Certificate'
2026-08-20 18:29:38,106  [INFO    ]  doc_uploader - Selected by visible text: 'Graduation Certificate'
2026-08-20 18:29:38,107  [INFO    ]  doc_uploader - Ensuring 'Plain extraction' is selected...
2026-08-20 18:29:43,487  [INFO    ]  doc_uploader - Clicked Plain extraction text element.
2026-08-20 18:29:43,487  [INFO    ]  doc_uploader - Uploading file: D:\ai_doc_automation\Degree Certificate\Sambalpur University .png
2026-08-20 18:29:43,503  [INFO    ]  doc_uploader - File input found via JS querySelector.
2026-08-20 18:29:45,844  [INFO    ]  doc_uploader - File uploaded successfully.
2026-08-20 18:29:45,844  [INFO    ]  doc_uploader - Pre-submit verification...
2026-08-20 18:29:45,898  [WARNING ]  doc_uploader - Dropdown mismatch! Expected 'Graduation Certificate', found 'Aadhaar Card'. Re-selecting.
2026-08-20 18:29:45,898  [INFO    ]  doc_uploader - Selecting document type: 'Graduation Certificate'
2026-08-20 18:29:45,948  [INFO    ]  doc_uploader - Selected by visible text: 'Graduation Certificate'
2026-08-20 18:29:45,948  [INFO    ]  doc_uploader - Ensuring 'Plain extraction' is selected...
2026-08-20 18:29:51,355  [INFO    ]  doc_uploader - Clicked Plain extraction text element.
2026-08-20 18:29:51,355  [INFO    ]  doc_uploader - Clicking 'Submit to engine'...
2026-08-20 18:29:51,738  [INFO    ]  doc_uploader - Submitted to engine. Waiting for result...
2026-08-20 18:29:51,738  [INFO    ]  doc_uploader - Waiting for engine result (timeout=180s)...
2026-08-20 18:29:51,754  [INFO    ]  doc_uploader -   [0s] Engine processing...
2026-08-20 18:29:56,764  [INFO    ]  doc_uploader -   [5s] Engine processing...
2026-08-20 18:30:01,796  [INFO    ]  doc_uploader -   [10s] Engine processing...
2026-08-20 18:30:06,801  [INFO    ]  doc_uploader -   [15s] Engine processing...
2026-08-20 18:30:11,825  [INFO    ]  doc_uploader -   [20s] Engine processing...
2026-08-20 18:30:16,838  [INFO    ]  doc_uploader -   [25s] Engine processing...
2026-08-20 18:30:21,871  [INFO    ]  doc_uploader -   [30s] Engine processing...
2026-08-20 18:30:26,886  [INFO    ]  doc_uploader -   [35s] Engine processing...
2026-08-20 18:30:31,911  [INFO    ]  doc_uploader -   [40s] Engine processing...
2026-08-20 18:30:36,938  [INFO    ]  doc_uploader -   [45s] Engine processing...
2026-08-20 18:30:41,959  [INFO    ]  doc_uploader -   [50s] Engine processing...
2026-08-20 18:30:46,969  [INFO    ]  doc_uploader -   [55s] Engine processing...
2026-08-20 18:30:51,993  [INFO    ]  doc_uploader -   [60s] Engine processing...
2026-08-20 18:30:57,015  [INFO    ]  doc_uploader -   [65s] Engine processing...
2026-08-20 18:31:02,032  [INFO    ]  doc_uploader -   [70s] Engine processing...
2026-08-20 18:31:07,038  [INFO    ]  doc_uploader -   [75s] Engine processing...
2026-08-20 18:31:12,068  [INFO    ]  doc_uploader -   [80s] Engine processing...
2026-08-20 18:31:17,072  [INFO    ]  doc_uploader -   [85s] Engine processing...
2026-08-20 18:31:22,094  [INFO    ]  doc_uploader -   [90s] Engine processing...
2026-08-20 18:31:27,101  [INFO    ]  doc_uploader -   [95s] Engine processing...
2026-08-20 18:31:32,128  [INFO    ]  doc_uploader -   [100s] Engine processing...
2026-08-20 18:31:37,151  [INFO    ]  doc_uploader -   [105s] Engine processing...
2026-08-20 18:31:42,162  [INFO    ]  doc_uploader -   [110s] Engine processing...
2026-08-20 18:31:47,187  [INFO    ]  doc_uploader -   [115s] Engine processing...
2026-08-20 18:31:52,196  [INFO    ]  doc_uploader -   [120s] Engine processing...
2026-08-20 18:31:57,216  [INFO    ]  doc_uploader -   [125s] Engine processing...
2026-08-20 18:32:02,242  [INFO    ]  doc_uploader -   [130s] Engine processing...
2026-08-20 18:32:07,265  [INFO    ]  doc_uploader -   [135s] Engine processing...
2026-08-20 18:32:12,286  [INFO    ]  doc_uploader -   [140s] Engine processing...
2026-08-20 18:32:17,306  [INFO    ]  doc_uploader -   [145s] Engine processing...
2026-08-20 18:32:22,325  [INFO    ]  doc_uploader -   [150s] Engine processing...
2026-08-20 18:32:27,333  [INFO    ]  doc_uploader -   [155s] Engine processing...
2026-08-20 18:32:32,356  [INFO    ]  doc_uploader -   [160s] Engine processing...
2026-08-20 18:32:37,385  [INFO    ]  doc_uploader -   [165s] Engine processing...
2026-08-20 18:32:42,404  [INFO    ]  doc_uploader -   [170s] Engine processing...
2026-08-20 18:32:47,425  [INFO    ]  doc_uploader -   [175s] Engine processing...
2026-08-20 18:32:52,426  [WARNING ]  doc_uploader - Engine timeout after 180s.
2026-08-20 18:32:52,705  [INFO    ]  doc_uploader - Screenshot saved: D:\ai_doc_automation\output\screenshots\20260820_183252_timeout_Sambalpur University .png.png
2026-08-20 18:32:52,821  [INFO    ]  doc_uploader - Screenshot saved: D:\ai_doc_automation\output\screenshots\20260820_183252_timeout_Sambalpur University .png.png
2026-08-20 18:32:52,998  [INFO    ]  main - [FAIL] Sambalpur University .png: TIMEOUT (194.4s)
2026-08-20 18:32:52,998  [INFO    ]  doc_uploader - Clicking 'New submission'...
2026-08-20 18:33:03,609  [WARNING ]  doc_uploader - 'New submission' not found. Navigating to Verify Document via sidebar.
2026-08-20 18:33:03,609  [INFO    ]  doc_uploader - Navigating to 'Verify Document' page...
2026-08-20 18:33:05,508  [INFO    ]  doc_uploader - On Verify Document page.
2026-08-20 18:33:06,509  [INFO    ]  main - 
[34/43] D:\ai_doc_automation\Degree Certificate\Rayagada Autonomous College.png
2026-08-20 18:33:06,509  [INFO    ]  main - ============================================================
2026-08-20 18:33:06,509  [INFO    ]  main - Processing [34/43]: Rayagada Autonomous College.png  |  Graduation Certificate  |  Attempt 1
2026-08-20 18:33:06,509  [INFO    ]  main - ============================================================
2026-08-20 18:33:06,612  [INFO    ]  doc_uploader - Selecting document type: 'Graduation Certificate'
2026-08-20 18:33:06,683  [INFO    ]  doc_uploader - Selected by visible text: 'Graduation Certificate'
2026-08-20 18:33:06,683  [INFO    ]  doc_uploader - Ensuring 'Plain extraction' is selected...
2026-08-20 18:33:12,119  [INFO    ]  doc_uploader - Clicked Plain extraction text element.
2026-08-20 18:33:12,119  [INFO    ]  doc_uploader - Uploading file: D:\ai_doc_automation\Degree Certificate\Rayagada Autonomous College.png
2026-08-20 18:33:12,119  [INFO    ]  doc_uploader - File input found via JS querySelector.
2026-08-20 18:33:14,470  [INFO    ]  doc_uploader - File uploaded successfully.
2026-08-20 18:33:14,470  [INFO    ]  doc_uploader - Pre-submit verification...
2026-08-20 18:33:14,519  [WARNING ]  doc_uploader - Dropdown mismatch! Expected 'Graduation Certificate', found 'Aadhaar Card'. Re-selecting.
2026-08-20 18:33:14,519  [INFO    ]  doc_uploader - Selecting document type: 'Graduation Certificate'
2026-08-20 18:33:14,582  [INFO    ]  doc_uploader - Selected by visible text: 'Graduation Certificate'
2026-08-20 18:33:14,582  [INFO    ]  doc_uploader - Ensuring 'Plain extraction' is selected...
2026-08-20 18:33:19,958  [INFO    ]  doc_uploader - Clicked Plain extraction text element.
2026-08-20 18:33:19,958  [INFO    ]  doc_uploader - Clicking 'Submit to engine'...
2026-08-20 18:33:20,337  [INFO    ]  doc_uploader - Submitted to engine. Waiting for result...
2026-08-20 18:33:20,337  [INFO    ]  doc_uploader - Waiting for engine result (timeout=180s)...
2026-08-20 18:33:20,352  [INFO    ]  doc_uploader -   [0s] Engine processing...
2026-08-20 18:33:25,368  [INFO    ]  doc_uploader -   [5s] Engine processing...
2026-08-20 18:33:30,383  [INFO    ]  doc_uploader -   [10s] Engine processing...
2026-08-20 18:33:35,400  [INFO    ]  doc_uploader -   [15s] Engine processing...
2026-08-20 18:33:45,463  [INFO    ]  doc_uploader - Result appeared after 20s.
2026-08-20 18:33:46,569  [INFO    ]  doc_uploader - Screenshot saved: D:\ai_doc_automation\output\screenshots\20260820_183346_result_Rayagada Autonomous College.png.png
2026-08-20 18:33:46,569  [INFO    ]  result_parser - Reading verdict from Overview tab...
2026-08-20 18:33:48,174  [INFO    ]  result_parser - Verdict: SUCCESS
2026-08-20 18:33:48,174  [INFO    ]  result_parser - Clicking Extraction tab...
2026-08-20 18:33:50,061  [INFO    ]  result_parser - On Extraction tab.
2026-08-20 18:33:50,071  [INFO    ]  result_parser - JS parse: 16 fields
2026-08-20 18:33:50,166  [INFO    ]  doc_uploader - Screenshot saved: D:\ai_doc_automation\output\screenshots\20260820_183350_extracted_Rayagada Autonomous College.png.png
2026-08-20 18:33:50,295  [INFO    ]  main - [OK] Rayagada Autonomous College.png: SUCCESS (39.9s)
2026-08-20 18:33:50,295  [INFO    ]  doc_uploader - Clicking 'New submission'...
2026-08-20 18:33:52,672  [INFO    ]  doc_uploader - New submission clicked — form reset.
2026-08-20 18:33:53,674  [INFO    ]  main - 
[35/43] D:\ai_doc_automation\Degree Certificate\Sambalpur University Odisha Degree Certificate.pdf
2026-08-20 18:33:53,674  [INFO    ]  main - ============================================================
2026-08-20 18:33:53,674  [INFO    ]  main - Processing [35/43]: Sambalpur University Odisha Degree Certificate.pdf  |  Graduation Certificate  |  Attempt 1
2026-08-20 18:33:53,674  [INFO    ]  main - ============================================================
2026-08-20 18:33:53,775  [INFO    ]  doc_uploader - Selecting document type: 'Graduation Certificate'
2026-08-20 18:33:53,814  [INFO    ]  doc_uploader - Selected by visible text: 'Graduation Certificate'
2026-08-20 18:33:53,814  [INFO    ]  doc_uploader - Ensuring 'Plain extraction' is selected...
2026-08-20 18:33:59,218  [INFO    ]  doc_uploader - Clicked Plain extraction text element.
2026-08-20 18:33:59,219  [INFO    ]  doc_uploader - Uploading file: D:\ai_doc_automation\Degree Certificate\Sambalpur University Odisha Degree Certificate.pdf
2026-08-20 18:33:59,224  [INFO    ]  doc_uploader - File input found via JS querySelector.
2026-08-20 18:34:01,563  [INFO    ]  doc_uploader - File uploaded successfully.
2026-08-20 18:34:01,563  [INFO    ]  doc_uploader - Pre-submit verification...
2026-08-20 18:34:01,659  [INFO    ]  doc_uploader - Ensuring 'Plain extraction' is selected...
2026-08-20 18:34:07,043  [INFO    ]  doc_uploader - Clicked Plain extraction text element.
2026-08-20 18:34:07,044  [INFO    ]  doc_uploader - Clicking 'Submit to engine'...
2026-08-20 18:34:07,420  [INFO    ]  doc_uploader - Submitted to engine. Waiting for result...
2026-08-20 18:34:07,420  [INFO    ]  doc_uploader - Waiting for engine result (timeout=180s)...
2026-08-20 18:34:07,442  [INFO    ]  doc_uploader -   [0s] Engine processing...
2026-08-20 18:34:12,450  [INFO    ]  doc_uploader -   [5s] Engine processing...
2026-08-20 18:34:17,461  [INFO    ]  doc_uploader -   [10s] Engine processing...
2026-08-20 18:34:22,477  [INFO    ]  doc_uploader -   [15s] Engine processing...
2026-08-20 18:34:32,549  [INFO    ]  doc_uploader - Result appeared after 20s.
2026-08-20 18:34:33,673  [INFO    ]  doc_uploader - Screenshot saved: D:\ai_doc_automation\output\screenshots\20260820_183433_result_Sambalpur University Odisha Degree Certificate.pdf.png
2026-08-20 18:34:33,673  [INFO    ]  result_parser - Reading verdict from Overview tab...
2026-08-20 18:34:35,272  [INFO    ]  result_parser - Verdict: SUCCESS
2026-08-20 18:34:35,272  [INFO    ]  result_parser - Clicking Extraction tab...
2026-08-20 18:34:37,143  [INFO    ]  result_parser - On Extraction tab.
2026-08-20 18:34:37,151  [INFO    ]  result_parser - JS parse: 16 fields
2026-08-20 18:34:37,257  [INFO    ]  doc_uploader - Screenshot saved: D:\ai_doc_automation\output\screenshots\20260820_183437_extracted_Sambalpur University Odisha Degree Certificate.pdf.png
2026-08-20 18:34:37,405  [INFO    ]  main - [OK] Sambalpur University Odisha Degree Certificate.pdf: SUCCESS (39.8s)
2026-08-20 18:34:37,405  [INFO    ]  doc_uploader - Clicking 'New submission'...
2026-08-20 18:34:39,783  [INFO    ]  doc_uploader - New submission clicked — form reset.
2026-08-20 18:34:40,784  [INFO    ]  main - 
[36/43] D:\ai_doc_automation\Degree Certificate\Sanskrit Vishwavidyalaya Puri - Hindi.pdf
2026-08-20 18:34:40,784  [INFO    ]  main - ============================================================
2026-08-20 18:34:40,784  [INFO    ]  main - Processing [36/43]: Sanskrit Vishwavidyalaya Puri - Hindi.pdf  |  Graduation Certificate  |  Attempt 1
2026-08-20 18:34:40,784  [INFO    ]  main - ============================================================
2026-08-20 18:34:40,886  [INFO    ]  doc_uploader - Selecting document type: 'Graduation Certificate'
2026-08-20 18:34:40,924  [INFO    ]  doc_uploader - Selected by visible text: 'Graduation Certificate'
2026-08-20 18:34:40,924  [INFO    ]  doc_uploader - Ensuring 'Plain extraction' is selected...
2026-08-20 18:34:46,339  [INFO    ]  doc_uploader - Clicked Plain extraction text element.
2026-08-20 18:34:46,340  [INFO    ]  doc_uploader - Uploading file: D:\ai_doc_automation\Degree Certificate\Sanskrit Vishwavidyalaya Puri - Hindi.pdf
2026-08-20 18:34:46,343  [INFO    ]  doc_uploader - File input found via JS querySelector.
2026-08-20 18:34:48,677  [INFO    ]  doc_uploader - File uploaded successfully.
2026-08-20 18:34:48,677  [INFO    ]  doc_uploader - Pre-submit verification...
2026-08-20 18:34:48,762  [INFO    ]  doc_uploader - Ensuring 'Plain extraction' is selected...
2026-08-20 18:34:54,153  [INFO    ]  doc_uploader - Clicked Plain extraction text element.
2026-08-20 18:34:54,153  [INFO    ]  doc_uploader - Clicking 'Submit to engine'...
2026-08-20 18:34:54,542  [INFO    ]  doc_uploader - Submitted to engine. Waiting for result...
2026-08-20 18:34:54,542  [INFO    ]  doc_uploader - Waiting for engine result (timeout=180s)...
2026-08-20 18:34:54,561  [INFO    ]  doc_uploader -   [0s] Engine processing...
2026-08-20 18:34:59,570  [INFO    ]  doc_uploader -   [5s] Engine processing...
2026-08-20 18:35:04,584  [INFO    ]  doc_uploader -   [10s] Engine processing...
2026-08-20 18:35:09,605  [INFO    ]  doc_uploader -   [15s] Engine processing...
2026-08-20 18:35:14,633  [INFO    ]  doc_uploader -   [20s] Engine processing...
2026-08-20 18:35:19,647  [INFO    ]  doc_uploader -   [25s] Engine processing...
2026-08-20 18:35:24,664  [INFO    ]  doc_uploader -   [30s] Engine processing...
2026-08-20 18:35:29,681  [INFO    ]  doc_uploader -   [35s] Engine processing...
2026-08-20 18:35:34,690  [INFO    ]  doc_uploader -   [40s] Engine processing...
2026-08-20 18:35:39,725  [INFO    ]  doc_uploader -   [45s] Engine processing...
2026-08-20 18:35:44,741  [INFO    ]  doc_uploader -   [50s] Engine processing...
2026-08-20 18:35:49,769  [INFO    ]  doc_uploader -   [55s] Engine processing...
2026-08-20 18:35:54,773  [INFO    ]  doc_uploader -   [60s] Engine processing...
2026-08-20 18:35:59,797  [INFO    ]  doc_uploader -   [65s] Engine processing...
2026-08-20 18:36:04,816  [INFO    ]  doc_uploader -   [70s] Engine processing...
2026-08-20 18:36:09,829  [INFO    ]  doc_uploader -   [75s] Engine processing...
2026-08-20 18:36:14,854  [INFO    ]  doc_uploader -   [80s] Engine processing...
2026-08-20 18:36:19,877  [INFO    ]  doc_uploader -   [85s] Engine processing...
2026-08-20 18:36:24,885  [INFO    ]  doc_uploader -   [90s] Engine processing...
2026-08-20 18:36:29,909  [INFO    ]  doc_uploader -   [95s] Engine processing...
2026-08-20 18:36:34,917  [INFO    ]  doc_uploader -   [100s] Engine processing...
2026-08-20 18:36:39,953  [INFO    ]  doc_uploader -   [105s] Engine processing...
2026-08-20 18:36:44,973  [INFO    ]  doc_uploader -   [110s] Engine processing...
2026-08-20 18:36:49,991  [INFO    ]  doc_uploader -   [115s] Engine processing...
2026-08-20 18:36:55,002  [INFO    ]  doc_uploader -   [120s] Engine processing...
2026-08-20 18:37:00,025  [INFO    ]  doc_uploader -   [125s] Engine processing...
2026-08-20 18:37:05,034  [INFO    ]  doc_uploader -   [130s] Engine processing...
2026-08-20 18:37:10,042  [INFO    ]  doc_uploader -   [135s] Engine processing...
2026-08-20 18:37:15,066  [INFO    ]  doc_uploader -   [140s] Engine processing...
2026-08-20 18:37:20,087  [INFO    ]  doc_uploader -   [145s] Engine processing...
2026-08-20 18:37:25,109  [INFO    ]  doc_uploader -   [150s] Engine processing...
2026-08-20 18:37:30,121  [INFO    ]  doc_uploader -   [155s] Engine processing...
2026-08-20 18:37:35,128  [INFO    ]  doc_uploader -   [160s] Engine processing...
2026-08-20 18:37:40,152  [INFO    ]  doc_uploader -   [165s] Engine processing...
2026-08-20 18:37:45,165  [INFO    ]  doc_uploader -   [170s] Engine processing...
2026-08-20 18:37:50,189  [INFO    ]  doc_uploader -   [175s] Engine processing...
2026-08-20 18:37:55,196  [WARNING ]  doc_uploader - Engine timeout after 180s.
2026-08-20 18:37:55,196  [WARNING ]  main - Timeout on attempt 1. Retrying...
2026-08-20 18:37:55,297  [INFO    ]  doc_uploader - Clicking 'New submission'...
2026-08-20 18:37:57,673  [INFO    ]  doc_uploader - New submission clicked — form reset.
2026-08-20 18:37:57,673  [INFO    ]  doc_uploader - Navigating to 'Verify Document' page...
2026-08-20 18:37:59,543  [INFO    ]  doc_uploader - On Verify Document page.
2026-08-20 18:37:59,544  [INFO    ]  main - ============================================================
2026-08-20 18:37:59,544  [INFO    ]  main - Processing [36/43]: Sanskrit Vishwavidyalaya Puri - Hindi.pdf  |  Graduation Certificate  |  Attempt 2
2026-08-20 18:37:59,545  [INFO    ]  main - ============================================================
2026-08-20 18:37:59,640  [INFO    ]  doc_uploader - Selecting document type: 'Graduation Certificate'
2026-08-20 18:37:59,704  [INFO    ]  doc_uploader - Selected by visible text: 'Graduation Certificate'
2026-08-20 18:37:59,704  [INFO    ]  doc_uploader - Ensuring 'Plain extraction' is selected...
2026-08-20 18:38:05,133  [INFO    ]  doc_uploader - Clicked Plain extraction text element.
2026-08-20 18:38:05,133  [INFO    ]  doc_uploader - Uploading file: D:\ai_doc_automation\Degree Certificate\Sanskrit Vishwavidyalaya Puri - Hindi.pdf
2026-08-20 18:38:05,133  [INFO    ]  doc_uploader - File input found via JS querySelector.
2026-08-20 18:38:07,485  [INFO    ]  doc_uploader - File uploaded successfully.
2026-08-20 18:38:07,485  [INFO    ]  doc_uploader - Pre-submit verification...
2026-08-20 18:38:07,545  [WARNING ]  doc_uploader - Dropdown mismatch! Expected 'Graduation Certificate', found 'Aadhaar Card'. Re-selecting.
2026-08-20 18:38:07,545  [INFO    ]  doc_uploader - Selecting document type: 'Graduation Certificate'
2026-08-20 18:38:07,611  [INFO    ]  doc_uploader - Selected by visible text: 'Graduation Certificate'
2026-08-20 18:38:07,611  [INFO    ]  doc_uploader - Ensuring 'Plain extraction' is selected...
2026-08-20 18:38:13,008  [INFO    ]  doc_uploader - Clicked Plain extraction text element.
2026-08-20 18:38:13,008  [INFO    ]  doc_uploader - Clicking 'Submit to engine'...
2026-08-20 18:38:13,374  [INFO    ]  doc_uploader - Submitted to engine. Waiting for result...
2026-08-20 18:38:13,374  [INFO    ]  doc_uploader - Waiting for engine result (timeout=180s)...
2026-08-20 18:38:13,396  [INFO    ]  doc_uploader -   [0s] Engine processing...
2026-08-20 18:38:18,414  [INFO    ]  doc_uploader -   [5s] Engine processing...
2026-08-20 18:38:23,440  [INFO    ]  doc_uploader -   [10s] Engine processing...
2026-08-20 18:38:28,462  [INFO    ]  doc_uploader -   [15s] Engine processing...
2026-08-20 18:38:33,489  [INFO    ]  doc_uploader -   [20s] Engine processing...
2026-08-20 18:38:38,513  [INFO    ]  doc_uploader -   [25s] Engine processing...
2026-08-20 18:38:43,571  [INFO    ]  doc_uploader -   [30s] Engine processing...
2026-08-20 18:38:48,586  [INFO    ]  doc_uploader -   [35s] Engine processing...
2026-08-20 18:38:53,609  [INFO    ]  doc_uploader -   [40s] Engine processing...
2026-08-20 18:38:58,625  [INFO    ]  doc_uploader -   [45s] Engine processing...
2026-08-20 18:39:03,645  [INFO    ]  doc_uploader -   [50s] Engine processing...
2026-08-20 18:39:08,658  [INFO    ]  doc_uploader -   [55s] Engine processing...
2026-08-20 18:39:13,678  [INFO    ]  doc_uploader -   [60s] Engine processing...
2026-08-20 18:39:18,691  [INFO    ]  doc_uploader -   [65s] Engine processing...
2026-08-20 18:39:23,715  [INFO    ]  doc_uploader -   [70s] Engine processing...
2026-08-20 18:39:28,728  [INFO    ]  doc_uploader -   [75s] Engine processing...
2026-08-20 18:39:33,755  [INFO    ]  doc_uploader -   [80s] Engine processing...
2026-08-20 18:39:38,776  [INFO    ]  doc_uploader -   [85s] Engine processing...
2026-08-20 18:39:43,804  [INFO    ]  doc_uploader -   [90s] Engine processing...
2026-08-20 18:39:48,815  [INFO    ]  doc_uploader -   [95s] Engine processing...
2026-08-20 18:39:53,838  [INFO    ]  doc_uploader -   [100s] Engine processing...
2026-08-20 18:39:58,848  [INFO    ]  doc_uploader -   [105s] Engine processing...
2026-08-20 18:40:03,874  [INFO    ]  doc_uploader -   [110s] Engine processing...
2026-08-20 18:40:08,893  [INFO    ]  doc_uploader -   [115s] Engine processing...
2026-08-20 18:40:13,904  [INFO    ]  doc_uploader -   [120s] Engine processing...
2026-08-20 18:40:18,938  [INFO    ]  doc_uploader -   [125s] Engine processing...
2026-08-20 18:40:23,949  [INFO    ]  doc_uploader -   [130s] Engine processing...
2026-08-20 18:40:28,977  [INFO    ]  doc_uploader -   [135s] Engine processing...
2026-08-20 18:40:33,995  [INFO    ]  doc_uploader -   [140s] Engine processing...
2026-08-20 18:40:39,000  [INFO    ]  doc_uploader -   [145s] Engine processing...
2026-08-20 18:40:44,031  [INFO    ]  doc_uploader -   [150s] Engine processing...
2026-08-20 18:40:49,039  [INFO    ]  doc_uploader -   [155s] Engine processing...
2026-08-20 18:40:54,064  [INFO    ]  doc_uploader -   [160s] Engine processing...
2026-08-20 18:40:59,078  [INFO    ]  doc_uploader -   [165s] Engine processing...
2026-08-20 18:41:04,097  [INFO    ]  doc_uploader -   [170s] Engine processing...
2026-08-20 18:41:09,115  [INFO    ]  doc_uploader -   [175s] Engine processing...
2026-08-20 18:41:14,125  [WARNING ]  doc_uploader - Engine timeout after 180s.
2026-08-20 18:41:14,287  [INFO    ]  doc_uploader - Screenshot saved: D:\ai_doc_automation\output\screenshots\20260820_184114_timeout_Sanskrit Vishwavidyalaya Puri - Hindi.pdf.png
2026-08-20 18:41:14,387  [INFO    ]  doc_uploader - Screenshot saved: D:\ai_doc_automation\output\screenshots\20260820_184114_timeout_Sanskrit Vishwavidyalaya Puri - Hindi.pdf.png
2026-08-20 18:41:14,529  [INFO    ]  main - [FAIL] Sanskrit Vishwavidyalaya Puri - Hindi.pdf: TIMEOUT (194.5s)
2026-08-20 18:41:14,529  [INFO    ]  doc_uploader - Clicking 'New submission'...
2026-08-20 18:41:16,916  [INFO    ]  doc_uploader - New submission clicked — form reset.
2026-08-20 18:41:17,918  [INFO    ]  main - 
[37/43] D:\ai_doc_automation\Degree Certificate\SCS Autonomous College Puri.png
2026-08-20 18:41:17,918  [INFO    ]  main - ============================================================
2026-08-20 18:41:17,918  [INFO    ]  main - Processing [37/43]: SCS Autonomous College Puri.png  |  Graduation Certificate  |  Attempt 1
2026-08-20 18:41:17,918  [INFO    ]  main - ============================================================
2026-08-20 18:41:18,039  [INFO    ]  doc_uploader - Selecting document type: 'Graduation Certificate'
2026-08-20 18:41:18,089  [INFO    ]  doc_uploader - Selected by visible text: 'Graduation Certificate'
2026-08-20 18:41:18,090  [INFO    ]  doc_uploader - Ensuring 'Plain extraction' is selected...
2026-08-20 18:41:23,521  [INFO    ]  doc_uploader - Clicked Plain extraction text element.
2026-08-20 18:41:23,522  [INFO    ]  doc_uploader - Uploading file: D:\ai_doc_automation\Degree Certificate\SCS Autonomous College Puri.png
2026-08-20 18:41:23,527  [INFO    ]  doc_uploader - File input found via JS querySelector.
2026-08-20 18:41:25,864  [INFO    ]  doc_uploader - File uploaded successfully.
2026-08-20 18:41:25,864  [INFO    ]  doc_uploader - Pre-submit verification...
2026-08-20 18:41:25,953  [INFO    ]  doc_uploader - Ensuring 'Plain extraction' is selected...
2026-08-20 18:41:31,356  [INFO    ]  doc_uploader - Clicked Plain extraction text element.
2026-08-20 18:41:31,356  [INFO    ]  doc_uploader - Clicking 'Submit to engine'...
2026-08-20 18:41:31,725  [INFO    ]  doc_uploader - Submitted to engine. Waiting for result...
2026-08-20 18:41:31,725  [INFO    ]  doc_uploader - Waiting for engine result (timeout=180s)...
2026-08-20 18:41:31,740  [INFO    ]  doc_uploader -   [0s] Engine processing...
2026-08-20 18:41:36,759  [INFO    ]  doc_uploader -   [5s] Engine processing...
2026-08-20 18:41:41,774  [INFO    ]  doc_uploader -   [10s] Engine processing...
2026-08-20 18:41:46,790  [INFO    ]  doc_uploader -   [15s] Engine processing...
2026-08-20 18:41:56,854  [INFO    ]  doc_uploader - Result appeared after 20s.
2026-08-20 18:41:57,976  [INFO    ]  doc_uploader - Screenshot saved: D:\ai_doc_automation\output\screenshots\20260820_184157_result_SCS Autonomous College Puri.png.png
2026-08-20 18:41:57,976  [INFO    ]  result_parser - Reading verdict from Overview tab...
2026-08-20 18:41:59,590  [INFO    ]  result_parser - Verdict: SUCCESS
2026-08-20 18:41:59,590  [INFO    ]  result_parser - Clicking Extraction tab...
2026-08-20 18:42:01,464  [INFO    ]  result_parser - On Extraction tab.
2026-08-20 18:42:01,477  [INFO    ]  result_parser - JS parse: 16 fields
2026-08-20 18:42:01,581  [INFO    ]  doc_uploader - Screenshot saved: D:\ai_doc_automation\output\screenshots\20260820_184201_extracted_SCS Autonomous College Puri.png.png
2026-08-20 18:42:01,715  [INFO    ]  main - [OK] SCS Autonomous College Puri.png: SUCCESS (39.8s)
2026-08-20 18:42:01,715  [INFO    ]  doc_uploader - Clicking 'New submission'...
2026-08-20 18:42:04,086  [INFO    ]  doc_uploader - New submission clicked — form reset.
2026-08-20 18:42:05,087  [INFO    ]  main - 
[38/43] D:\ai_doc_automation\Degree Certificate\Shailabala Womens Autonomous College.png
2026-08-20 18:42:05,087  [INFO    ]  main - ============================================================
2026-08-20 18:42:05,087  [INFO    ]  main - Processing [38/43]: Shailabala Womens Autonomous College.png  |  Graduation Certificate  |  Attempt 1
2026-08-20 18:42:05,087  [INFO    ]  main - ============================================================
2026-08-20 18:42:05,191  [INFO    ]  doc_uploader - Selecting document type: 'Graduation Certificate'
2026-08-20 18:42:05,226  [INFO    ]  doc_uploader - Selected by visible text: 'Graduation Certificate'
2026-08-20 18:42:05,226  [INFO    ]  doc_uploader - Ensuring 'Plain extraction' is selected...
2026-08-20 18:42:10,643  [INFO    ]  doc_uploader - Clicked Plain extraction text element.
2026-08-20 18:42:10,643  [INFO    ]  doc_uploader - Uploading file: D:\ai_doc_automation\Degree Certificate\Shailabala Womens Autonomous College.png
2026-08-20 18:42:10,648  [INFO    ]  doc_uploader - File input found via JS querySelector.
2026-08-20 18:42:12,990  [INFO    ]  doc_uploader - File uploaded successfully.
2026-08-20 18:42:12,990  [INFO    ]  doc_uploader - Pre-submit verification...
2026-08-20 18:42:13,075  [INFO    ]  doc_uploader - Ensuring 'Plain extraction' is selected...
2026-08-20 18:42:18,504  [INFO    ]  doc_uploader - Clicked Plain extraction text element.
2026-08-20 18:42:18,505  [INFO    ]  doc_uploader - Clicking 'Submit to engine'...
2026-08-20 18:42:18,870  [INFO    ]  doc_uploader - Submitted to engine. Waiting for result...
2026-08-20 18:42:18,871  [INFO    ]  doc_uploader - Waiting for engine result (timeout=180s)...
2026-08-20 18:42:18,889  [INFO    ]  doc_uploader -   [0s] Engine processing...
2026-08-20 18:42:23,906  [INFO    ]  doc_uploader -   [5s] Engine processing...
2026-08-20 18:42:28,924  [INFO    ]  doc_uploader -   [10s] Engine processing...
2026-08-20 18:42:33,939  [INFO    ]  doc_uploader -   [15s] Engine processing...
2026-08-20 18:42:44,005  [INFO    ]  doc_uploader - Result appeared after 20s.
2026-08-20 18:42:45,116  [INFO    ]  doc_uploader - Screenshot saved: D:\ai_doc_automation\output\screenshots\20260820_184245_result_Shailabala Womens Autonomous College.png.png
2026-08-20 18:42:45,117  [INFO    ]  result_parser - Reading verdict from Overview tab...
2026-08-20 18:42:46,698  [INFO    ]  result_parser - Verdict: SUCCESS
2026-08-20 18:42:46,698  [INFO    ]  result_parser - Clicking Extraction tab...
2026-08-20 18:42:48,573  [INFO    ]  result_parser - On Extraction tab.
2026-08-20 18:42:48,573  [INFO    ]  result_parser - JS parse: 16 fields
2026-08-20 18:42:48,710  [INFO    ]  doc_uploader - Screenshot saved: D:\ai_doc_automation\output\screenshots\20260820_184248_extracted_Shailabala Womens Autonomous College.png.png
2026-08-20 18:42:48,907  [INFO    ]  main - [OK] Shailabala Womens Autonomous College.png: SUCCESS (39.8s)
2026-08-20 18:42:48,907  [INFO    ]  doc_uploader - Clicking 'New submission'...
2026-08-20 18:42:51,283  [INFO    ]  doc_uploader - New submission clicked — form reset.
2026-08-20 18:42:52,284  [INFO    ]  main - 
[39/43] D:\ai_doc_automation\Degree Certificate\SKCG Autonomous College.png
2026-08-20 18:42:52,284  [INFO    ]  main - ============================================================
2026-08-20 18:42:52,284  [INFO    ]  main - Processing [39/43]: SKCG Autonomous College.png  |  Graduation Certificate  |  Attempt 1
2026-08-20 18:42:52,284  [INFO    ]  main - ============================================================
2026-08-20 18:42:52,377  [INFO    ]  doc_uploader - Selecting document type: 'Graduation Certificate'
2026-08-20 18:42:52,413  [INFO    ]  doc_uploader - Selected by visible text: 'Graduation Certificate'
2026-08-20 18:42:52,413  [INFO    ]  doc_uploader - Ensuring 'Plain extraction' is selected...
2026-08-20 18:42:57,818  [INFO    ]  doc_uploader - Clicked Plain extraction text element.
2026-08-20 18:42:57,819  [INFO    ]  doc_uploader - Uploading file: D:\ai_doc_automation\Degree Certificate\SKCG Autonomous College.png
2026-08-20 18:42:57,823  [INFO    ]  doc_uploader - File input found via JS querySelector.
2026-08-20 18:43:00,147  [INFO    ]  doc_uploader - File uploaded successfully.
2026-08-20 18:43:00,147  [INFO    ]  doc_uploader - Pre-submit verification...
2026-08-20 18:43:00,233  [INFO    ]  doc_uploader - Ensuring 'Plain extraction' is selected...
2026-08-20 18:43:05,662  [INFO    ]  doc_uploader - Clicked Plain extraction text element.
2026-08-20 18:43:05,662  [INFO    ]  doc_uploader - Clicking 'Submit to engine'...
2026-08-20 18:43:06,029  [INFO    ]  doc_uploader - Submitted to engine. Waiting for result...
2026-08-20 18:43:06,029  [INFO    ]  doc_uploader - Waiting for engine result (timeout=180s)...
2026-08-20 18:43:06,047  [INFO    ]  doc_uploader -   [0s] Engine processing...
2026-08-20 18:43:11,072  [INFO    ]  doc_uploader -   [5s] Engine processing...
2026-08-20 18:43:16,088  [INFO    ]  doc_uploader -   [10s] Engine processing...
2026-08-20 18:43:21,103  [INFO    ]  doc_uploader -   [15s] Engine processing...
2026-08-20 18:43:31,167  [INFO    ]  doc_uploader - Result appeared after 20s.
2026-08-20 18:43:32,283  [INFO    ]  doc_uploader - Screenshot saved: D:\ai_doc_automation\output\screenshots\20260820_184332_result_SKCG Autonomous College.png.png
2026-08-20 18:43:32,283  [INFO    ]  result_parser - Reading verdict from Overview tab...
2026-08-20 18:43:33,878  [INFO    ]  result_parser - Verdict: SUCCESS
2026-08-20 18:43:33,878  [INFO    ]  result_parser - Clicking Extraction tab...
2026-08-20 18:43:35,753  [INFO    ]  result_parser - On Extraction tab.
2026-08-20 18:43:35,754  [INFO    ]  result_parser - JS parse: 16 fields
2026-08-20 18:43:35,869  [INFO    ]  doc_uploader - Screenshot saved: D:\ai_doc_automation\output\screenshots\20260820_184335_extracted_SKCG Autonomous College.png.png
2026-08-20 18:43:36,029  [INFO    ]  main - [OK] SKCG Autonomous College.png: SUCCESS (39.8s)
2026-08-20 18:43:36,029  [INFO    ]  doc_uploader - Clicking 'New submission'...
2026-08-20 18:43:38,406  [INFO    ]  doc_uploader - New submission clicked — form reset.
2026-08-20 18:43:39,406  [INFO    ]  main - 
[40/43] D:\ai_doc_automation\Degree Certificate\Sri Jagannath Sanskrit Vishwavidyalaya.png
2026-08-20 18:43:39,406  [INFO    ]  main - ============================================================
2026-08-20 18:43:39,406  [INFO    ]  main - Processing [40/43]: Sri Jagannath Sanskrit Vishwavidyalaya.png  |  Graduation Certificate  |  Attempt 1
2026-08-20 18:43:39,406  [INFO    ]  main - ============================================================
2026-08-20 18:43:39,505  [INFO    ]  doc_uploader - Selecting document type: 'Graduation Certificate'
2026-08-20 18:43:39,540  [INFO    ]  doc_uploader - Selected by visible text: 'Graduation Certificate'
2026-08-20 18:43:39,540  [INFO    ]  doc_uploader - Ensuring 'Plain extraction' is selected...
2026-08-20 18:43:44,937  [INFO    ]  doc_uploader - Clicked Plain extraction text element.
2026-08-20 18:43:44,938  [INFO    ]  doc_uploader - Uploading file: D:\ai_doc_automation\Degree Certificate\Sri Jagannath Sanskrit Vishwavidyalaya.png
2026-08-20 18:43:44,943  [INFO    ]  doc_uploader - File input found via JS querySelector.
2026-08-20 18:43:47,275  [INFO    ]  doc_uploader - File uploaded successfully.
2026-08-20 18:43:47,276  [INFO    ]  doc_uploader - Pre-submit verification...
2026-08-20 18:43:47,358  [INFO    ]  doc_uploader - Ensuring 'Plain extraction' is selected...
2026-08-20 18:43:52,761  [INFO    ]  doc_uploader - Clicked Plain extraction text element.
2026-08-20 18:43:52,761  [INFO    ]  doc_uploader - Clicking 'Submit to engine'...
2026-08-20 18:43:53,120  [INFO    ]  doc_uploader - Submitted to engine. Waiting for result...
2026-08-20 18:43:53,120  [INFO    ]  doc_uploader - Waiting for engine result (timeout=180s)...
2026-08-20 18:43:53,135  [INFO    ]  doc_uploader -   [0s] Engine processing...
2026-08-20 18:43:58,151  [INFO    ]  doc_uploader -   [5s] Engine processing...
2026-08-20 18:44:03,168  [INFO    ]  doc_uploader -   [10s] Engine processing...
2026-08-20 18:44:08,185  [INFO    ]  doc_uploader -   [15s] Engine processing...
2026-08-20 18:44:18,245  [INFO    ]  doc_uploader - Result appeared after 20s.
2026-08-20 18:44:19,384  [INFO    ]  doc_uploader - Screenshot saved: D:\ai_doc_automation\output\screenshots\20260820_184419_result_Sri Jagannath Sanskrit Vishwavidyalaya.png.png
2026-08-20 18:44:19,384  [INFO    ]  result_parser - Reading verdict from Overview tab...
2026-08-20 18:44:20,982  [INFO    ]  result_parser - Verdict: SUCCESS
2026-08-20 18:44:20,982  [INFO    ]  result_parser - Clicking Extraction tab...
2026-08-20 18:44:22,860  [INFO    ]  result_parser - On Extraction tab.
2026-08-20 18:44:22,871  [INFO    ]  result_parser - JS parse: 16 fields
2026-08-20 18:44:22,978  [INFO    ]  doc_uploader - Screenshot saved: D:\ai_doc_automation\output\screenshots\20260820_184422_extracted_Sri Jagannath Sanskrit Vishwavidyalaya.png.png
2026-08-20 18:44:23,127  [INFO    ]  main - [OK] Sri Jagannath Sanskrit Vishwavidyalaya.png: SUCCESS (39.7s)
2026-08-20 18:44:23,127  [INFO    ]  doc_uploader - Clicking 'New submission'...
2026-08-20 18:44:25,504  [INFO    ]  doc_uploader - New submission clicked — form reset.
2026-08-20 18:44:26,505  [INFO    ]  main - 
[41/43] D:\ai_doc_automation\Degree Certificate\Udaynath Autonomous College.png
2026-08-20 18:44:26,505  [INFO    ]  main - ============================================================
2026-08-20 18:44:26,505  [INFO    ]  main - Processing [41/43]: Udaynath Autonomous College.png  |  Graduation Certificate  |  Attempt 1
2026-08-20 18:44:26,505  [INFO    ]  main - ============================================================
2026-08-20 18:44:26,609  [INFO    ]  doc_uploader - Selecting document type: 'Graduation Certificate'
2026-08-20 18:44:26,649  [INFO    ]  doc_uploader - Selected by visible text: 'Graduation Certificate'
2026-08-20 18:44:26,649  [INFO    ]  doc_uploader - Ensuring 'Plain extraction' is selected...
2026-08-20 18:44:32,025  [INFO    ]  doc_uploader - Clicked Plain extraction text element.
2026-08-20 18:44:32,026  [INFO    ]  doc_uploader - Uploading file: D:\ai_doc_automation\Degree Certificate\Udaynath Autonomous College.png
2026-08-20 18:44:32,031  [INFO    ]  doc_uploader - File input found via JS querySelector.
2026-08-20 18:44:34,356  [INFO    ]  doc_uploader - File uploaded successfully.
2026-08-20 18:44:34,356  [INFO    ]  doc_uploader - Pre-submit verification...
2026-08-20 18:44:34,434  [INFO    ]  doc_uploader - Ensuring 'Plain extraction' is selected...
2026-08-20 18:44:39,857  [INFO    ]  doc_uploader - Clicked Plain extraction text element.
2026-08-20 18:44:39,857  [INFO    ]  doc_uploader - Clicking 'Submit to engine'...
2026-08-20 18:44:40,239  [INFO    ]  doc_uploader - Submitted to engine. Waiting for result...
2026-08-20 18:44:40,240  [INFO    ]  doc_uploader - Waiting for engine result (timeout=180s)...
2026-08-20 18:44:40,264  [INFO    ]  doc_uploader -   [0s] Engine processing...
2026-08-20 18:44:45,278  [INFO    ]  doc_uploader -   [5s] Engine processing...
2026-08-20 18:44:50,294  [INFO    ]  doc_uploader -   [10s] Engine processing...
2026-08-20 18:44:55,309  [INFO    ]  doc_uploader -   [15s] Engine processing...
2026-08-20 18:45:05,353  [INFO    ]  doc_uploader - Result appeared after 20s.
2026-08-20 18:45:06,467  [INFO    ]  doc_uploader - Screenshot saved: D:\ai_doc_automation\output\screenshots\20260820_184506_result_Udaynath Autonomous College.png.png
2026-08-20 18:45:06,468  [INFO    ]  result_parser - Reading verdict from Overview tab...
2026-08-20 18:45:08,058  [INFO    ]  result_parser - Verdict: SUCCESS
2026-08-20 18:45:08,058  [INFO    ]  result_parser - Clicking Extraction tab...
2026-08-20 18:45:09,923  [INFO    ]  result_parser - On Extraction tab.
2026-08-20 18:45:09,934  [INFO    ]  result_parser - JS parse: 16 fields
2026-08-20 18:45:10,039  [INFO    ]  doc_uploader - Screenshot saved: D:\ai_doc_automation\output\screenshots\20260820_184509_extracted_Udaynath Autonomous College.png.png
2026-08-20 18:45:10,177  [INFO    ]  main - [OK] Udaynath Autonomous College.png: SUCCESS (39.8s)
2026-08-20 18:45:10,177  [INFO    ]  doc_uploader - Clicking 'New submission'...
2026-08-20 18:45:12,556  [INFO    ]  doc_uploader - New submission clicked — form reset.
2026-08-20 18:45:13,557  [INFO    ]  main - 
[42/43] D:\ai_doc_automation\Degree Certificate\Utkal University Additional .png
2026-08-20 18:45:13,557  [INFO    ]  main - ============================================================
2026-08-20 18:45:13,559  [INFO    ]  main - Processing [42/43]: Utkal University Additional .png  |  Graduation Certificate  |  Attempt 1
2026-08-20 18:45:13,559  [INFO    ]  main - ============================================================
2026-08-20 18:45:13,709  [INFO    ]  doc_uploader - Selecting document type: 'Graduation Certificate'
2026-08-20 18:45:13,755  [INFO    ]  doc_uploader - Selected by visible text: 'Graduation Certificate'
2026-08-20 18:45:13,755  [INFO    ]  doc_uploader - Ensuring 'Plain extraction' is selected...
2026-08-20 18:45:19,177  [INFO    ]  doc_uploader - Clicked Plain extraction text element.
2026-08-20 18:45:19,178  [INFO    ]  doc_uploader - Uploading file: D:\ai_doc_automation\Degree Certificate\Utkal University Additional .png
2026-08-20 18:45:19,183  [INFO    ]  doc_uploader - File input found via JS querySelector.
2026-08-20 18:45:21,509  [INFO    ]  doc_uploader - File uploaded successfully.
2026-08-20 18:45:21,509  [INFO    ]  doc_uploader - Pre-submit verification...
2026-08-20 18:45:21,594  [INFO    ]  doc_uploader - Ensuring 'Plain extraction' is selected...
2026-08-20 18:45:27,029  [INFO    ]  doc_uploader - Clicked Plain extraction text element.
2026-08-20 18:45:27,029  [INFO    ]  doc_uploader - Clicking 'Submit to engine'...
2026-08-20 18:45:27,422  [INFO    ]  doc_uploader - Submitted to engine. Waiting for result...
2026-08-20 18:45:27,422  [INFO    ]  doc_uploader - Waiting for engine result (timeout=180s)...
2026-08-20 18:45:27,446  [INFO    ]  doc_uploader -   [0s] Engine processing...
2026-08-20 18:45:32,463  [INFO    ]  doc_uploader -   [5s] Engine processing...
2026-08-20 18:45:37,481  [INFO    ]  doc_uploader -   [10s] Engine processing...
2026-08-20 18:45:42,498  [INFO    ]  doc_uploader -   [15s] Engine processing...
2026-08-20 18:45:52,562  [INFO    ]  doc_uploader - Result appeared after 20s.
2026-08-20 18:45:53,693  [INFO    ]  doc_uploader - Screenshot saved: D:\ai_doc_automation\output\screenshots\20260820_184553_result_Utkal University Additional .png.png
2026-08-20 18:45:53,693  [INFO    ]  result_parser - Reading verdict from Overview tab...
2026-08-20 18:45:55,294  [INFO    ]  result_parser - Verdict: SUCCESS
2026-08-20 18:45:55,294  [INFO    ]  result_parser - Clicking Extraction tab...
2026-08-20 18:45:57,160  [INFO    ]  result_parser - On Extraction tab.
2026-08-20 18:45:57,160  [INFO    ]  result_parser - JS parse: 16 fields
2026-08-20 18:45:57,273  [INFO    ]  doc_uploader - Screenshot saved: D:\ai_doc_automation\output\screenshots\20260820_184557_extracted_Utkal University Additional .png.png
2026-08-20 18:45:57,425  [INFO    ]  main - [OK] Utkal University Additional .png: SUCCESS (39.9s)
2026-08-20 18:45:57,425  [INFO    ]  doc_uploader - Clicking 'New submission'...
2026-08-20 18:45:59,794  [INFO    ]  doc_uploader - New submission clicked — form reset.
2026-08-20 18:46:00,795  [INFO    ]  main - 
[43/43] D:\ai_doc_automation\Degree Certificate\Utkal University.png
2026-08-20 18:46:00,795  [INFO    ]  main - ============================================================
2026-08-20 18:46:00,795  [INFO    ]  main - Processing [43/43]: Utkal University.png  |  Graduation Certificate  |  Attempt 1
2026-08-20 18:46:00,795  [INFO    ]  main - ============================================================
2026-08-20 18:46:00,891  [INFO    ]  doc_uploader - Selecting document type: 'Graduation Certificate'
2026-08-20 18:46:00,931  [INFO    ]  doc_uploader - Selected by visible text: 'Graduation Certificate'
2026-08-20 18:46:00,931  [INFO    ]  doc_uploader - Ensuring 'Plain extraction' is selected...
2026-08-20 18:46:06,349  [INFO    ]  doc_uploader - Clicked Plain extraction text element.
2026-08-20 18:46:06,350  [INFO    ]  doc_uploader - Uploading file: D:\ai_doc_automation\Degree Certificate\Utkal University.png
2026-08-20 18:46:06,355  [INFO    ]  doc_uploader - File input found via JS querySelector.
2026-08-20 18:46:08,684  [INFO    ]  doc_uploader - File uploaded successfully.
2026-08-20 18:46:08,684  [INFO    ]  doc_uploader - Pre-submit verification...
2026-08-20 18:46:08,763  [INFO    ]  doc_uploader - Ensuring 'Plain extraction' is selected...
2026-08-20 18:46:14,194  [INFO    ]  doc_uploader - Clicked Plain extraction text element.
2026-08-20 18:46:14,194  [INFO    ]  doc_uploader - Clicking 'Submit to engine'...
2026-08-20 18:46:14,563  [INFO    ]  doc_uploader - Submitted to engine. Waiting for result...
2026-08-20 18:46:14,563  [INFO    ]  doc_uploader - Waiting for engine result (timeout=180s)...
2026-08-20 18:46:14,576  [INFO    ]  doc_uploader -   [0s] Engine processing...
2026-08-20 18:46:19,595  [INFO    ]  doc_uploader -   [5s] Engine processing...
2026-08-20 18:46:24,615  [INFO    ]  doc_uploader -   [10s] Engine processing...
2026-08-20 18:46:29,635  [INFO    ]  doc_uploader -   [15s] Engine processing...
2026-08-20 18:46:34,656  [INFO    ]  doc_uploader -   [20s] Engine processing...
2026-08-20 18:46:39,675  [INFO    ]  doc_uploader -   [25s] Engine processing...
2026-08-20 18:46:44,689  [INFO    ]  doc_uploader -   [30s] Engine processing...
2026-08-20 18:46:49,713  [INFO    ]  doc_uploader -   [35s] Engine processing...
2026-08-20 18:46:54,741  [INFO    ]  doc_uploader -   [40s] Engine processing...
2026-08-20 18:46:59,754  [INFO    ]  doc_uploader -   [45s] Engine processing...
2026-08-20 18:47:04,782  [INFO    ]  doc_uploader -   [50s] Engine processing...
2026-08-20 18:47:09,808  [INFO    ]  doc_uploader -   [55s] Engine processing...
2026-08-20 18:47:14,830  [INFO    ]  doc_uploader -   [60s] Engine processing...
2026-08-20 18:47:19,857  [INFO    ]  doc_uploader -   [65s] Engine processing...
2026-08-20 18:47:24,884  [INFO    ]  doc_uploader -   [70s] Engine processing...
2026-08-20 18:47:29,901  [INFO    ]  doc_uploader -   [75s] Engine processing...
2026-08-20 18:47:34,928  [INFO    ]  doc_uploader -   [80s] Engine processing...
2026-08-20 18:47:39,952  [INFO    ]  doc_uploader -   [85s] Engine processing...
2026-08-20 18:47:44,968  [INFO    ]  doc_uploader -   [90s] Engine processing...
2026-08-20 18:47:49,989  [INFO    ]  doc_uploader -   [95s] Engine processing...
2026-08-20 18:47:55,009  [INFO    ]  doc_uploader -   [100s] Engine processing...
2026-08-20 18:48:00,031  [INFO    ]  doc_uploader -   [105s] Engine processing...
2026-08-20 18:48:05,052  [INFO    ]  doc_uploader -   [110s] Engine processing...
2026-08-20 18:48:10,059  [INFO    ]  doc_uploader -   [115s] Engine processing...
2026-08-20 18:48:15,079  [INFO    ]  doc_uploader -   [120s] Engine processing...
2026-08-20 18:48:20,091  [INFO    ]  doc_uploader -   [125s] Engine processing...
2026-08-20 18:48:25,111  [INFO    ]  doc_uploader -   [130s] Engine processing...
2026-08-20 18:48:30,128  [INFO    ]  doc_uploader -   [135s] Engine processing...
2026-08-20 18:48:35,133  [INFO    ]  doc_uploader -   [140s] Engine processing...
2026-08-20 18:48:40,156  [INFO    ]  doc_uploader -   [145s] Engine processing...
2026-08-20 18:48:45,184  [INFO    ]  doc_uploader -   [150s] Engine processing...
2026-08-20 18:48:50,202  [INFO    ]  doc_uploader -   [155s] Engine processing...
2026-08-20 18:48:55,216  [INFO    ]  doc_uploader -   [160s] Engine processing...
2026-08-20 18:49:00,236  [INFO    ]  doc_uploader -   [165s] Engine processing...
2026-08-20 18:49:05,250  [INFO    ]  doc_uploader -   [170s] Engine processing...
2026-08-20 18:49:10,270  [INFO    ]  doc_uploader -   [175s] Engine processing...
2026-08-20 18:49:15,277  [WARNING ]  doc_uploader - Engine timeout after 180s.
2026-08-20 18:49:15,277  [WARNING ]  main - Timeout on attempt 1. Retrying...
2026-08-20 18:49:15,400  [INFO    ]  doc_uploader - Clicking 'New submission'...
2026-08-20 18:49:25,920  [WARNING ]  doc_uploader - 'New submission' not found. Navigating to Verify Document via sidebar.
2026-08-20 18:49:25,920  [INFO    ]  doc_uploader - Navigating to 'Verify Document' page...
2026-08-20 18:49:27,810  [INFO    ]  doc_uploader - On Verify Document page.
2026-08-20 18:49:27,810  [INFO    ]  doc_uploader - Navigating to 'Verify Document' page...
2026-08-20 18:49:29,687  [INFO    ]  doc_uploader - On Verify Document page.
2026-08-20 18:49:29,687  [INFO    ]  main - ============================================================
2026-08-20 18:49:29,687  [INFO    ]  main - Processing [43/43]: Utkal University.png  |  Graduation Certificate  |  Attempt 2
2026-08-20 18:49:29,687  [INFO    ]  main - ============================================================
2026-08-20 18:49:29,788  [INFO    ]  doc_uploader - Selecting document type: 'Graduation Certificate'
2026-08-20 18:49:29,865  [INFO    ]  doc_uploader - Selected by visible text: 'Graduation Certificate'
2026-08-20 18:49:29,865  [INFO    ]  doc_uploader - Ensuring 'Plain extraction' is selected...
2026-08-20 18:49:35,311  [INFO    ]  doc_uploader - Clicked Plain extraction text element.
2026-08-20 18:49:35,311  [INFO    ]  doc_uploader - Uploading file: D:\ai_doc_automation\Degree Certificate\Utkal University.png
2026-08-20 18:49:35,327  [INFO    ]  doc_uploader - File input found via JS querySelector.
2026-08-20 18:49:37,664  [INFO    ]  doc_uploader - File uploaded successfully.
2026-08-20 18:49:37,664  [INFO    ]  doc_uploader - Pre-submit verification...
2026-08-20 18:49:37,730  [WARNING ]  doc_uploader - Dropdown mismatch! Expected 'Graduation Certificate', found 'Aadhaar Card'. Re-selecting.
2026-08-20 18:49:37,731  [INFO    ]  doc_uploader - Selecting document type: 'Graduation Certificate'
2026-08-20 18:49:37,804  [INFO    ]  doc_uploader - Selected by visible text: 'Graduation Certificate'
2026-08-20 18:49:37,804  [INFO    ]  doc_uploader - Ensuring 'Plain extraction' is selected...
2026-08-20 18:49:43,210  [INFO    ]  doc_uploader - Clicked Plain extraction text element.
2026-08-20 18:49:43,210  [INFO    ]  doc_uploader - Clicking 'Submit to engine'...
2026-08-20 18:49:43,590  [INFO    ]  doc_uploader - Submitted to engine. Waiting for result...
2026-08-20 18:49:43,590  [INFO    ]  doc_uploader - Waiting for engine result (timeout=180s)...
2026-08-20 18:49:43,618  [INFO    ]  doc_uploader -   [0s] Engine processing...
2026-08-20 18:49:48,631  [INFO    ]  doc_uploader -   [5s] Engine processing...
2026-08-20 18:49:53,634  [INFO    ]  doc_uploader -   [10s] Engine processing...
2026-08-20 18:49:58,662  [INFO    ]  doc_uploader -   [15s] Engine processing...
2026-08-20 18:50:03,677  [INFO    ]  doc_uploader -   [20s] Engine processing...
2026-08-20 18:50:08,688  [INFO    ]  doc_uploader -   [25s] Engine processing...
2026-08-20 18:50:13,711  [INFO    ]  doc_uploader -   [30s] Engine processing...
2026-08-20 18:50:18,728  [INFO    ]  doc_uploader -   [35s] Engine processing...
2026-08-20 18:50:23,745  [INFO    ]  doc_uploader -   [40s] Engine processing...
2026-08-20 18:50:28,765  [INFO    ]  doc_uploader -   [45s] Engine processing...
2026-08-20 18:50:33,794  [INFO    ]  doc_uploader -   [50s] Engine processing...
2026-08-20 18:50:38,816  [INFO    ]  doc_uploader -   [55s] Engine processing...
2026-08-20 18:50:43,827  [INFO    ]  doc_uploader -   [60s] Engine processing...
2026-08-20 18:50:48,852  [INFO    ]  doc_uploader -   [65s] Engine processing...
2026-08-20 18:50:53,875  [INFO    ]  doc_uploader -   [70s] Engine processing...
2026-08-20 18:50:58,891  [INFO    ]  doc_uploader -   [75s] Engine processing...
2026-08-20 18:51:03,909  [INFO    ]  doc_uploader -   [80s] Engine processing...
2026-08-20 18:51:08,932  [INFO    ]  doc_uploader -   [85s] Engine processing...
2026-08-20 18:51:13,947  [INFO    ]  doc_uploader -   [90s] Engine processing...
2026-08-20 18:51:18,976  [INFO    ]  doc_uploader -   [95s] Engine processing...
2026-08-20 18:51:23,984  [INFO    ]  doc_uploader -   [100s] Engine processing...
2026-08-20 18:51:29,012  [INFO    ]  doc_uploader -   [105s] Engine processing...
2026-08-20 18:51:34,022  [INFO    ]  doc_uploader -   [110s] Engine processing...
2026-08-20 18:51:39,045  [INFO    ]  doc_uploader -   [115s] Engine processing...
2026-08-20 18:51:44,064  [INFO    ]  doc_uploader -   [120s] Engine processing...
2026-08-20 18:51:49,079  [INFO    ]  doc_uploader -   [125s] Engine processing...
2026-08-20 18:51:54,105  [INFO    ]  doc_uploader -   [130s] Engine processing...
2026-08-20 18:51:59,126  [INFO    ]  doc_uploader -   [135s] Engine processing...
2026-08-20 18:52:04,136  [INFO    ]  doc_uploader -   [140s] Engine processing...
2026-08-20 18:52:09,160  [INFO    ]  doc_uploader -   [145s] Engine processing...
2026-08-20 18:52:14,187  [INFO    ]  doc_uploader -   [150s] Engine processing...
2026-08-20 18:52:19,207  [INFO    ]  doc_uploader -   [155s] Engine processing...
2026-08-20 18:52:24,235  [INFO    ]  doc_uploader -   [160s] Engine processing...
2026-08-20 18:52:29,243  [INFO    ]  doc_uploader -   [165s] Engine processing...
2026-08-20 18:52:34,268  [INFO    ]  doc_uploader -   [170s] Engine processing...
2026-08-20 18:52:39,274  [INFO    ]  doc_uploader -   [175s] Engine processing...
2026-08-20 18:52:44,290  [WARNING ]  doc_uploader - Engine timeout after 180s.
2026-08-20 18:52:44,452  [INFO    ]  doc_uploader - Screenshot saved: D:\ai_doc_automation\output\screenshots\20260820_185244_timeout_Utkal University.png.png
2026-08-20 18:52:44,585  [INFO    ]  doc_uploader - Screenshot saved: D:\ai_doc_automation\output\screenshots\20260820_185244_timeout_Utkal University.png.png
2026-08-20 18:52:44,720  [INFO    ]  main - [FAIL] Utkal University.png: TIMEOUT (194.5s)
2026-08-20 18:52:44,736  [INFO    ]  excel_writer - Summary sheet written.
2026-08-20 18:52:44,804  [INFO    ]  excel_writer - Excel saved: D:\ai_doc_automation\output\ai_doc_results_20260820_173610.xlsx
2026-08-20 18:52:44,805  [INFO    ]  main - 
============================================================
2026-08-20 18:52:44,805  [INFO    ]  main -   COMPLETE
2026-08-20 18:52:44,805  [INFO    ]  main -   Total   : 43
2026-08-20 18:52:44,805  [INFO    ]  main -   Success : 35
2026-08-20 18:52:44,805  [INFO    ]  main -   Failed  : 8
2026-08-20 18:52:44,805  [INFO    ]  main -   Errors  : 0
2026-08-20 18:52:44,805  [INFO    ]  main -   Output  : D:\ai_doc_automation\output\ai_doc_results_20260820_173610.xlsx
2026-08-20 18:52:44,805  [INFO    ]  main - ============================================================
2026-08-20 18:52:47,221  [INFO    ]  main - Browser closed.
