2026-08-21 12:57:39,533  [INFO    ]  main - ============================================================
2026-08-21 12:57:39,534  [INFO    ]  main -   VERIFAI Document Automation - Starting
2026-08-21 12:57:39,534  [INFO    ]  main - ============================================================
2026-08-21 12:57:39,534  [INFO    ]  main - Input file : D:\ai_doc_automation\input\input_map.xlsx
2026-08-21 12:57:39,535  [INFO    ]  main - [--resume] Skipping rows already marked SUCCESS/FAILED.
2026-08-21 12:57:39,849  [INFO    ]  main - Records to process: 161
2026-08-21 12:57:43,126  [INFO    ]  driver_setup - Chrome WebDriver started successfully.
2026-08-21 12:57:43,130  [INFO    ]  excel_writer - Output Excel: D:\ai_doc_automation\output\ai_doc_results_20260821_125743.xlsx
2026-08-21 12:57:43,132  [INFO    ]  main - Opening portal: https://aiprojects.odisha.gov.in/demo
2026-08-21 12:57:47,393  [INFO    ]  doc_uploader - Screenshot saved: D:\ai_doc_automation\output\screenshots\20260821_125747_01_dashboard.png
2026-08-21 12:57:47,393  [INFO    ]  doc_uploader - Navigating to 'Verify Document' page...
2026-08-21 12:57:49,360  [INFO    ]  doc_uploader - On Verify Document page.
2026-08-21 12:57:49,492  [INFO    ]  doc_uploader - Screenshot saved: D:\ai_doc_automation\output\screenshots\20260821_125749_02_verify_form.png
2026-08-21 12:57:49,520  [INFO    ]  main - 
[1/161] D:\ai_doc_automation\Test Data\Adhar card  for Testing\Aadhar Card Test - Digi Locker.pdf
2026-08-21 12:57:49,520  [INFO    ]  main - ============================================================
2026-08-21 12:57:49,520  [INFO    ]  main - Processing [1/161]: Aadhar Card Test - Digi Locker.pdf  |  Aadhaar Card  |  Attempt 1
2026-08-21 12:57:49,522  [INFO    ]  main - ============================================================
2026-08-21 12:57:49,831  [INFO    ]  doc_uploader - Selecting document type: 'Aadhaar Card'
2026-08-21 12:57:49,879  [INFO    ]  doc_uploader - Selected by visible text: 'Aadhaar Card'
2026-08-21 12:57:49,880  [INFO    ]  doc_uploader - Ensuring 'Plain extraction' is selected...
2026-08-21 12:57:55,417  [INFO    ]  doc_uploader - Clicked Plain extraction text element.
2026-08-21 12:57:55,424  [INFO    ]  doc_uploader - Uploading file: D:\ai_doc_automation\Test Data\Adhar card  for Testing\Aadhar Card Test - Digi Locker.pdf
2026-08-21 12:57:55,450  [INFO    ]  doc_uploader - File input found via JS querySelector.
2026-08-21 12:58:07,968  [INFO    ]  doc_uploader - File uploaded successfully.
2026-08-21 12:58:07,969  [INFO    ]  doc_uploader - Pre-submit verification...
2026-08-21 12:58:18,152  [INFO    ]  doc_uploader - Ensuring 'Plain extraction' is selected...
2026-08-21 12:58:23,613  [INFO    ]  doc_uploader - Clicked Plain extraction text element.
2026-08-21 12:58:33,678  [INFO    ]  doc_uploader - Clicking 'Submit to engine'...
2026-08-21 12:58:45,160  [INFO    ]  doc_uploader - Submitted to engine. Waiting for result...
2026-08-21 12:58:45,160  [INFO    ]  doc_uploader - Waiting for engine result (timeout=90s)...
2026-08-21 12:59:10,439  [INFO    ]  doc_uploader - Result appeared after 25s.
2026-08-21 12:59:11,567  [INFO    ]  doc_uploader - Screenshot saved: D:\ai_doc_automation\output\screenshots\20260821_125911_result_Aadhar Card Test - Digi Locker.pdf.png
2026-08-21 12:59:11,568  [INFO    ]  result_parser - Reading verdict from Overview tab...
2026-08-21 12:59:28,001  [INFO    ]  result_parser - Verdict: SUCCESS (from verdict card)
2026-08-21 12:59:28,001  [INFO    ]  result_parser - Clicking Extraction tab...
2026-08-21 12:59:29,890  [INFO    ]  result_parser - On Extraction tab.
2026-08-21 12:59:29,893  [INFO    ]  result_parser - JS parse: 8 fields
2026-08-21 12:59:29,998  [INFO    ]  doc_uploader - Screenshot saved: D:\ai_doc_automation\output\screenshots\20260821_125929_extracted_Aadhar Card Test - Digi Locker.pdf.png
2026-08-21 12:59:29,998  [INFO    ]  excel_writer - Created sheet: 'Aadhaar Card'  headers: ['Filename', 'Document Type', 'Status', 'Error Message', 'Aadhaar Number', 'Address', 'Dob', 'Father Name', 'Full Name', 'Gender', 'Phone Number', 'Pincode']
2026-08-21 12:59:30,257  [ERROR   ]  main - Top-level exception processing document: 'Processing Time (s)'
2026-08-21 12:59:30,257  [INFO    ]  doc_uploader - Resetting form for next submission...
2026-08-21 12:59:32,154  [INFO    ]  doc_uploader - New submission clicked — form reset.
2026-08-21 12:59:33,155  [INFO    ]  main - 
[2/161] D:\ai_doc_automation\Test Data\Adhar card  for Testing\Aadhar1.jpg
2026-08-21 12:59:33,155  [INFO    ]  main - ============================================================
2026-08-21 12:59:33,155  [INFO    ]  main - Processing [2/161]: Aadhar1.jpg  |  Aadhaar Card  |  Attempt 1
2026-08-21 12:59:33,155  [INFO    ]  main - ============================================================
2026-08-21 12:59:33,423  [INFO    ]  doc_uploader - Selecting document type: 'Aadhaar Card'
2026-08-21 12:59:33,471  [INFO    ]  doc_uploader - Selected by visible text: 'Aadhaar Card'
2026-08-21 12:59:33,471  [INFO    ]  doc_uploader - Ensuring 'Plain extraction' is selected...
2026-08-21 12:59:38,849  [INFO    ]  doc_uploader - Clicked Plain extraction text element.
2026-08-21 12:59:38,850  [INFO    ]  doc_uploader - Uploading file: D:\ai_doc_automation\Test Data\Adhar card  for Testing\Aadhar1.jpg
2026-08-21 12:59:38,855  [INFO    ]  doc_uploader - File input found via JS querySelector.
2026-08-21 12:59:51,266  [INFO    ]  doc_uploader - File uploaded successfully.
2026-08-21 12:59:51,266  [INFO    ]  doc_uploader - Pre-submit verification...
2026-08-21 13:00:01,425  [INFO    ]  doc_uploader - Ensuring 'Plain extraction' is selected...
2026-08-21 13:00:06,792  [INFO    ]  doc_uploader - Clicked Plain extraction text element.
2026-08-21 13:00:16,894  [INFO    ]  doc_uploader - Clicking 'Submit to engine'...
2026-08-21 13:00:28,393  [INFO    ]  doc_uploader - Submitted to engine. Waiting for result...
2026-08-21 13:00:28,393  [INFO    ]  doc_uploader - Waiting for engine result (timeout=90s)...
2026-08-21 13:00:28,407  [INFO    ]  doc_uploader - Result appeared after 0s.
2026-08-21 13:00:29,569  [INFO    ]  doc_uploader - Screenshot saved: D:\ai_doc_automation\output\screenshots\20260821_130029_result_Aadhar1.jpg.png
2026-08-21 13:00:29,571  [INFO    ]  result_parser - Reading verdict from Overview tab...
2026-08-21 13:00:46,173  [INFO    ]  result_parser - Verdict: SUCCESS (from verdict card)
2026-08-21 13:00:46,174  [INFO    ]  result_parser - Clicking Extraction tab...
2026-08-21 13:00:48,309  [INFO    ]  result_parser - On Extraction tab.
2026-08-21 13:00:48,316  [INFO    ]  result_parser - JS parse: 8 fields
2026-08-21 13:00:48,443  [INFO    ]  doc_uploader - Screenshot saved: D:\ai_doc_automation\output\screenshots\20260821_130048_extracted_Aadhar1.jpg.png
2026-08-21 13:00:48,679  [ERROR   ]  main - Top-level exception processing document: 'Processing Time (s)'
2026-08-21 13:00:48,679  [INFO    ]  doc_uploader - Resetting form for next submission...
2026-08-21 13:00:50,569  [INFO    ]  doc_uploader - New submission clicked — form reset.
2026-08-21 13:00:51,569  [INFO    ]  main - 
[3/161] D:\ai_doc_automation\Test Data\Adhar card  for Testing\Aadhar2.jpg
2026-08-21 13:00:51,569  [INFO    ]  main - ============================================================
2026-08-21 13:00:51,569  [INFO    ]  main - Processing [3/161]: Aadhar2.jpg  |  Aadhaar Card  |  Attempt 1
2026-08-21 13:00:51,569  [INFO    ]  main - ============================================================
2026-08-21 13:00:51,844  [INFO    ]  doc_uploader - Selecting document type: 'Aadhaar Card'
2026-08-21 13:00:51,899  [INFO    ]  doc_uploader - Selected by visible text: 'Aadhaar Card'
2026-08-21 13:00:51,900  [INFO    ]  doc_uploader - Ensuring 'Plain extraction' is selected...
2026-08-21 13:00:57,548  [INFO    ]  doc_uploader - Clicked Plain extraction text element.
2026-08-21 13:00:57,549  [INFO    ]  doc_uploader - Uploading file: D:\ai_doc_automation\Test Data\Adhar card  for Testing\Aadhar2.jpg
2026-08-21 13:00:57,560  [INFO    ]  doc_uploader - File input found via JS querySelector.
2026-08-21 13:01:09,922  [INFO    ]  doc_uploader - File uploaded successfully.
2026-08-21 13:01:09,922  [INFO    ]  doc_uploader - Pre-submit verification...
2026-08-21 13:01:20,025  [INFO    ]  doc_uploader - Ensuring 'Plain extraction' is selected...
2026-08-21 13:01:25,439  [INFO    ]  doc_uploader - Clicked Plain extraction text element.
2026-08-21 13:01:35,524  [INFO    ]  doc_uploader - Clicking 'Submit to engine'...
2026-08-21 13:01:47,011  [INFO    ]  doc_uploader - Submitted to engine. Waiting for result...
2026-08-21 13:01:47,011  [INFO    ]  doc_uploader - Waiting for engine result (timeout=90s)...
2026-08-21 13:01:47,739  [INFO    ]  doc_uploader - Result appeared after 0s.
2026-08-21 13:01:48,845  [INFO    ]  doc_uploader - Screenshot saved: D:\ai_doc_automation\output\screenshots\20260821_130148_result_Aadhar2.jpg.png
2026-08-21 13:01:48,845  [INFO    ]  result_parser - Reading verdict from Overview tab...
2026-08-21 13:02:05,298  [INFO    ]  result_parser - Verdict: SUCCESS (from verdict card)
2026-08-21 13:02:05,298  [INFO    ]  result_parser - Clicking Extraction tab...
2026-08-21 13:02:07,178  [INFO    ]  result_parser - On Extraction tab.
2026-08-21 13:02:07,184  [INFO    ]  result_parser - JS parse: 8 fields
2026-08-21 13:02:07,275  [INFO    ]  doc_uploader - Screenshot saved: D:\ai_doc_automation\output\screenshots\20260821_130207_extracted_Aadhar2.jpg.png
2026-08-21 13:02:07,519  [ERROR   ]  main - Top-level exception processing document: 'Processing Time (s)'
2026-08-21 13:02:07,519  [INFO    ]  doc_uploader - Resetting form for next submission...
2026-08-21 13:02:09,401  [INFO    ]  doc_uploader - New submission clicked — form reset.
2026-08-21 13:02:10,402  [INFO    ]  main - 
[4/161] D:\ai_doc_automation\Test Data\Adhar card  for Testing\Aadhar3.jpg
2026-08-21 13:02:10,402  [INFO    ]  main - ============================================================
2026-08-21 13:02:10,402  [INFO    ]  main - Processing [4/161]: Aadhar3.jpg  |  Aadhaar Card  |  Attempt 1
2026-08-21 13:02:10,402  [INFO    ]  main - ============================================================
2026-08-21 13:02:10,621  [INFO    ]  doc_uploader - Selecting document type: 'Aadhaar Card'
2026-08-21 13:02:10,661  [INFO    ]  doc_uploader - Selected by visible text: 'Aadhaar Card'
2026-08-21 13:02:10,661  [INFO    ]  doc_uploader - Ensuring 'Plain extraction' is selected...
2026-08-21 13:02:16,081  [INFO    ]  doc_uploader - Clicked Plain extraction text element.
2026-08-21 13:02:16,081  [INFO    ]  doc_uploader - Uploading file: D:\ai_doc_automation\Test Data\Adhar card  for Testing\Aadhar3.jpg
2026-08-21 13:02:16,087  [INFO    ]  doc_uploader - File input found via JS querySelector.
2026-08-21 13:02:28,500  [INFO    ]  doc_uploader - File uploaded successfully.
2026-08-21 13:02:28,500  [INFO    ]  doc_uploader - Pre-submit verification...
2026-08-21 13:02:38,645  [INFO    ]  doc_uploader - Ensuring 'Plain extraction' is selected...
2026-08-21 13:02:44,054  [INFO    ]  doc_uploader - Clicked Plain extraction text element.
2026-08-21 13:02:54,121  [INFO    ]  doc_uploader - Clicking 'Submit to engine'...
2026-08-21 13:03:05,570  [INFO    ]  doc_uploader - Submitted to engine. Waiting for result...
2026-08-21 13:03:05,570  [INFO    ]  doc_uploader - Waiting for engine result (timeout=90s)...
2026-08-21 13:03:30,798  [INFO    ]  doc_uploader - Result appeared after 25s.
2026-08-21 13:03:31,896  [INFO    ]  doc_uploader - Screenshot saved: D:\ai_doc_automation\output\screenshots\20260821_130331_result_Aadhar3.jpg.png
2026-08-21 13:03:31,896  [INFO    ]  result_parser - Reading verdict from Overview tab...
2026-08-21 13:03:48,425  [INFO    ]  result_parser - Verdict: SUCCESS (from verdict card)
2026-08-21 13:03:48,425  [INFO    ]  result_parser - Clicking Extraction tab...
2026-08-21 13:03:50,287  [INFO    ]  result_parser - On Extraction tab.
2026-08-21 13:03:50,287  [INFO    ]  result_parser - JS parse: 8 fields
2026-08-21 13:03:50,427  [INFO    ]  doc_uploader - Screenshot saved: D:\ai_doc_automation\output\screenshots\20260821_130350_extracted_Aadhar3.jpg.png
2026-08-21 13:03:50,670  [ERROR   ]  main - Top-level exception processing document: 'Processing Time (s)'
2026-08-21 13:03:50,670  [INFO    ]  doc_uploader - Resetting form for next submission...
2026-08-21 13:03:52,554  [INFO    ]  doc_uploader - New submission clicked — form reset.
2026-08-21 13:03:53,555  [INFO    ]  main - 
[5/161] D:\ai_doc_automation\Test Data\Adhar card  for Testing\Chinmaya Aadhara.pdf
2026-08-21 13:03:53,555  [INFO    ]  main - ============================================================
2026-08-21 13:03:53,555  [INFO    ]  main - Processing [5/161]: Chinmaya Aadhara.pdf  |  Aadhaar Card  |  Attempt 1
2026-08-21 13:03:53,555  [INFO    ]  main - ============================================================
2026-08-21 13:03:53,790  [INFO    ]  doc_uploader - Selecting document type: 'Aadhaar Card'
2026-08-21 13:03:53,836  [INFO    ]  doc_uploader - Selected by visible text: 'Aadhaar Card'
2026-08-21 13:03:53,836  [INFO    ]  doc_uploader - Ensuring 'Plain extraction' is selected...
2026-08-21 13:03:59,220  [INFO    ]  doc_uploader - Clicked Plain extraction text element.
2026-08-21 13:03:59,220  [INFO    ]  doc_uploader - Uploading file: D:\ai_doc_automation\Test Data\Adhar card  for Testing\Chinmaya Aadhara.pdf
2026-08-21 13:03:59,220  [INFO    ]  doc_uploader - File input found via JS querySelector.
2026-08-21 13:04:11,635  [INFO    ]  doc_uploader - File uploaded successfully.
2026-08-21 13:04:11,635  [INFO    ]  doc_uploader - Pre-submit verification...
2026-08-21 13:04:21,751  [INFO    ]  doc_uploader - Ensuring 'Plain extraction' is selected...
2026-08-21 13:04:27,158  [INFO    ]  doc_uploader - Clicked Plain extraction text element.
2026-08-21 13:04:37,260  [INFO    ]  doc_uploader - Clicking 'Submit to engine'...
2026-08-21 13:04:48,771  [INFO    ]  doc_uploader - Submitted to engine. Waiting for result...
2026-08-21 13:04:48,771  [INFO    ]  doc_uploader - Waiting for engine result (timeout=90s)...
2026-08-21 13:05:13,993  [INFO    ]  doc_uploader - Result appeared after 25s.
2026-08-21 13:05:15,145  [INFO    ]  doc_uploader - Screenshot saved: D:\ai_doc_automation\output\screenshots\20260821_130514_result_Chinmaya Aadhara.pdf.png
2026-08-21 13:05:15,145  [INFO    ]  result_parser - Reading verdict from Overview tab...
2026-08-21 13:05:31,643  [INFO    ]  result_parser - Verdict: SUCCESS (from verdict card)
2026-08-21 13:05:31,643  [INFO    ]  result_parser - Clicking Extraction tab...
2026-08-21 13:05:33,519  [INFO    ]  result_parser - On Extraction tab.
2026-08-21 13:05:33,527  [INFO    ]  result_parser - JS parse: 8 fields
2026-08-21 13:05:33,636  [INFO    ]  doc_uploader - Screenshot saved: D:\ai_doc_automation\output\screenshots\20260821_130533_extracted_Chinmaya Aadhara.pdf.png
2026-08-21 13:05:33,888  [ERROR   ]  main - Top-level exception processing document: 'Processing Time (s)'
2026-08-21 13:05:33,888  [INFO    ]  doc_uploader - Resetting form for next submission...
2026-08-21 13:05:35,778  [INFO    ]  doc_uploader - New submission clicked — form reset.
2026-08-21 13:05:36,778  [INFO    ]  main - 
[6/161] D:\ai_doc_automation\Test Data\PAN card for Testing\PAN.jpg
2026-08-21 13:05:36,778  [INFO    ]  main - ============================================================
2026-08-21 13:05:36,778  [INFO    ]  main - Processing [6/161]: PAN.jpg  |  PAN Card  |  Attempt 1
2026-08-21 13:05:36,778  [INFO    ]  main - ============================================================
2026-08-21 13:05:37,006  [INFO    ]  doc_uploader - Selecting document type: 'PAN Card'
2026-08-21 13:05:37,080  [INFO    ]  doc_uploader - Selected by visible text: 'PAN Card'
2026-08-21 13:05:37,080  [INFO    ]  doc_uploader - Ensuring 'Plain extraction' is selected...
2026-08-21 13:05:42,483  [INFO    ]  doc_uploader - Clicked Plain extraction text element.
2026-08-21 13:05:42,484  [INFO    ]  doc_uploader - Uploading file: D:\ai_doc_automation\Test Data\PAN card for Testing\PAN.jpg
2026-08-21 13:05:42,490  [INFO    ]  doc_uploader - File input found via JS querySelector.
2026-08-21 13:05:54,877  [INFO    ]  doc_uploader - File uploaded successfully.
2026-08-21 13:05:54,877  [INFO    ]  doc_uploader - Pre-submit verification...
2026-08-21 13:06:04,973  [INFO    ]  doc_uploader - Ensuring 'Plain extraction' is selected...
2026-08-21 13:06:10,367  [INFO    ]  doc_uploader - Clicked Plain extraction text element.
2026-08-21 13:06:20,410  [INFO    ]  doc_uploader - Clicking 'Submit to engine'...
2026-08-21 13:06:31,889  [INFO    ]  doc_uploader - Submitted to engine. Waiting for result...
2026-08-21 13:06:31,889  [INFO    ]  doc_uploader - Waiting for engine result (timeout=90s)...
2026-08-21 13:06:57,093  [INFO    ]  doc_uploader - Result appeared after 25s.
2026-08-21 13:06:58,202  [INFO    ]  doc_uploader - Screenshot saved: D:\ai_doc_automation\output\screenshots\20260821_130658_result_PAN.jpg.png
2026-08-21 13:06:58,202  [INFO    ]  result_parser - Reading verdict from Overview tab...
2026-08-21 13:07:14,683  [INFO    ]  result_parser - Verdict: SUCCESS (from verdict card)
2026-08-21 13:07:14,683  [INFO    ]  result_parser - Clicking Extraction tab...
2026-08-21 13:07:16,562  [INFO    ]  result_parser - On Extraction tab.
2026-08-21 13:07:16,562  [INFO    ]  result_parser - JS parse: 4 fields
2026-08-21 13:07:16,668  [INFO    ]  doc_uploader - Screenshot saved: D:\ai_doc_automation\output\screenshots\20260821_130716_extracted_PAN.jpg.png
2026-08-21 13:07:16,668  [INFO    ]  excel_writer - Created sheet: 'PAN Card'  headers: ['Filename', 'Document Type', 'Status', 'Error Message', 'Dob', 'Father Name', 'Full Name', 'Pan Number']
2026-08-21 13:07:16,923  [ERROR   ]  main - Top-level exception processing document: 'Processing Time (s)'
2026-08-21 13:07:16,925  [INFO    ]  doc_uploader - Resetting form for next submission...
2026-08-21 13:07:18,804  [INFO    ]  doc_uploader - New submission clicked — form reset.
2026-08-21 13:07:19,805  [INFO    ]  main - 
[7/161] D:\ai_doc_automation\Test Data\PAN card for Testing\PAN1.jpg
2026-08-21 13:07:19,805  [INFO    ]  main - ============================================================
2026-08-21 13:07:19,805  [INFO    ]  main - Processing [7/161]: PAN1.jpg  |  PAN Card  |  Attempt 1
2026-08-21 13:07:19,805  [INFO    ]  main - ============================================================
2026-08-21 13:07:20,033  [INFO    ]  doc_uploader - Selecting document type: 'PAN Card'
2026-08-21 13:07:20,081  [INFO    ]  doc_uploader - Selected by visible text: 'PAN Card'
2026-08-21 13:07:20,081  [INFO    ]  doc_uploader - Ensuring 'Plain extraction' is selected...
2026-08-21 13:07:25,481  [INFO    ]  doc_uploader - Clicked Plain extraction text element.
2026-08-21 13:07:25,481  [INFO    ]  doc_uploader - Uploading file: D:\ai_doc_automation\Test Data\PAN card for Testing\PAN1.jpg
2026-08-21 13:07:25,497  [INFO    ]  doc_uploader - File input found via JS querySelector.
2026-08-21 13:07:37,904  [INFO    ]  doc_uploader - File uploaded successfully.
2026-08-21 13:07:37,904  [INFO    ]  doc_uploader - Pre-submit verification...
2026-08-21 13:07:48,046  [INFO    ]  doc_uploader - Ensuring 'Plain extraction' is selected...
2026-08-21 13:07:53,471  [INFO    ]  doc_uploader - Clicked Plain extraction text element.
2026-08-21 13:08:03,538  [INFO    ]  doc_uploader - Clicking 'Submit to engine'...
2026-08-21 13:08:14,964  [INFO    ]  doc_uploader - Submitted to engine. Waiting for result...
2026-08-21 13:08:14,964  [INFO    ]  doc_uploader - Waiting for engine result (timeout=90s)...
2026-08-21 13:08:14,985  [INFO    ]  doc_uploader - Result appeared after 0s.
2026-08-21 13:08:16,106  [INFO    ]  doc_uploader - Screenshot saved: D:\ai_doc_automation\output\screenshots\20260821_130815_result_PAN1.jpg.png
2026-08-21 13:08:16,106  [INFO    ]  result_parser - Reading verdict from Overview tab...
2026-08-21 13:08:32,606  [INFO    ]  result_parser - Verdict: SUCCESS (from verdict card)
2026-08-21 13:08:32,606  [INFO    ]  result_parser - Clicking Extraction tab...
2026-08-21 13:08:34,471  [INFO    ]  result_parser - On Extraction tab.
2026-08-21 13:08:34,471  [INFO    ]  result_parser - JS parse: 4 fields
2026-08-21 13:08:34,572  [INFO    ]  doc_uploader - Screenshot saved: D:\ai_doc_automation\output\screenshots\20260821_130834_extracted_PAN1.jpg.png
2026-08-21 13:08:34,830  [ERROR   ]  main - Top-level exception processing document: 'Processing Time (s)'
2026-08-21 13:08:34,830  [INFO    ]  doc_uploader - Resetting form for next submission...
2026-08-21 13:08:36,722  [INFO    ]  doc_uploader - New submission clicked — form reset.
2026-08-21 13:08:37,723  [INFO    ]  main - 
[8/161] D:\ai_doc_automation\Test Data\PAN card for Testing\PAN2.jpg
2026-08-21 13:08:37,723  [INFO    ]  main - ============================================================
2026-08-21 13:08:37,723  [INFO    ]  main - Processing [8/161]: PAN2.jpg  |  PAN Card  |  Attempt 1
2026-08-21 13:08:37,723  [INFO    ]  main - ============================================================
2026-08-21 13:08:37,932  [INFO    ]  doc_uploader - Selecting document type: 'PAN Card'
2026-08-21 13:08:37,972  [INFO    ]  doc_uploader - Selected by visible text: 'PAN Card'
2026-08-21 13:08:37,972  [INFO    ]  doc_uploader - Ensuring 'Plain extraction' is selected...
2026-08-21 13:08:43,395  [INFO    ]  doc_uploader - Clicked Plain extraction text element.
2026-08-21 13:08:43,396  [INFO    ]  doc_uploader - Uploading file: D:\ai_doc_automation\Test Data\PAN card for Testing\PAN2.jpg
2026-08-21 13:08:43,401  [INFO    ]  doc_uploader - File input found via JS querySelector.
2026-08-21 13:08:55,792  [INFO    ]  doc_uploader - File uploaded successfully.
2026-08-21 13:08:55,792  [INFO    ]  doc_uploader - Pre-submit verification...
2026-08-21 13:09:05,873  [INFO    ]  doc_uploader - Ensuring 'Plain extraction' is selected...
2026-08-21 13:09:11,302  [INFO    ]  doc_uploader - Clicked Plain extraction text element.
2026-08-21 13:09:21,370  [INFO    ]  doc_uploader - Clicking 'Submit to engine'...
2026-08-21 13:09:32,780  [INFO    ]  doc_uploader - Submitted to engine. Waiting for result...
2026-08-21 13:09:32,780  [INFO    ]  doc_uploader - Waiting for engine result (timeout=90s)...
2026-08-21 13:09:32,798  [INFO    ]  doc_uploader - Result appeared after 0s.
2026-08-21 13:09:33,910  [INFO    ]  doc_uploader - Screenshot saved: D:\ai_doc_automation\output\screenshots\20260821_130933_result_PAN2.jpg.png
2026-08-21 13:09:33,911  [INFO    ]  result_parser - Reading verdict from Overview tab...
2026-08-21 13:09:50,411  [INFO    ]  result_parser - Verdict: SUCCESS (from verdict card)
2026-08-21 13:09:50,411  [INFO    ]  result_parser - Clicking Extraction tab...
2026-08-21 13:09:52,275  [INFO    ]  result_parser - On Extraction tab.
2026-08-21 13:09:52,275  [INFO    ]  result_parser - JS parse: 4 fields
2026-08-21 13:09:52,398  [INFO    ]  doc_uploader - Screenshot saved: D:\ai_doc_automation\output\screenshots\20260821_130952_extracted_PAN2.jpg.png
2026-08-21 13:09:52,666  [ERROR   ]  main - Top-level exception processing document: 'Processing Time (s)'
2026-08-21 13:09:52,666  [INFO    ]  doc_uploader - Resetting form for next submission...
2026-08-21 13:09:54,555  [INFO    ]  doc_uploader - New submission clicked — form reset.
2026-08-21 13:09:55,555  [INFO    ]  main - 
[9/161] D:\ai_doc_automation\Test Data\PAN card for Testing\Pancard.jpg
2026-08-21 13:09:55,555  [INFO    ]  main - ============================================================
2026-08-21 13:09:55,555  [INFO    ]  main - Processing [9/161]: Pancard.jpg  |  PAN Card  |  Attempt 1
2026-08-21 13:09:55,555  [INFO    ]  main - ============================================================
2026-08-21 13:09:55,809  [INFO    ]  doc_uploader - Selecting document type: 'PAN Card'
2026-08-21 13:09:55,861  [INFO    ]  doc_uploader - Selected by visible text: 'PAN Card'
2026-08-21 13:09:55,861  [INFO    ]  doc_uploader - Ensuring 'Plain extraction' is selected...
2026-08-21 13:10:01,245  [INFO    ]  doc_uploader - Clicked Plain extraction text element.
2026-08-21 13:10:01,245  [INFO    ]  doc_uploader - Uploading file: D:\ai_doc_automation\Test Data\PAN card for Testing\Pancard.jpg
2026-08-21 13:10:01,245  [INFO    ]  doc_uploader - File input found via JS querySelector.
2026-08-21 13:10:13,673  [INFO    ]  doc_uploader - File uploaded successfully.
2026-08-21 13:10:13,673  [INFO    ]  doc_uploader - Pre-submit verification...
2026-08-21 13:10:23,787  [INFO    ]  doc_uploader - Ensuring 'Plain extraction' is selected...
2026-08-21 13:10:29,190  [INFO    ]  doc_uploader - Clicked Plain extraction text element.
2026-08-21 13:10:39,248  [INFO    ]  doc_uploader - Clicking 'Submit to engine'...
2026-08-21 13:10:50,689  [INFO    ]  doc_uploader - Submitted to engine. Waiting for result...
2026-08-21 13:10:50,689  [INFO    ]  doc_uploader - Waiting for engine result (timeout=90s)...
2026-08-21 13:10:50,709  [INFO    ]  doc_uploader - Result appeared after 0s.
2026-08-21 13:10:51,808  [INFO    ]  doc_uploader - Screenshot saved: D:\ai_doc_automation\output\screenshots\20260821_131051_result_Pancard.jpg.png
2026-08-21 13:10:51,808  [INFO    ]  result_parser - Reading verdict from Overview tab...
2026-08-21 13:11:08,280  [INFO    ]  result_parser - Verdict: SUCCESS (from verdict card)
2026-08-21 13:11:08,280  [INFO    ]  result_parser - Clicking Extraction tab...
2026-08-21 13:11:10,148  [INFO    ]  result_parser - On Extraction tab.
2026-08-21 13:11:10,148  [INFO    ]  result_parser - JS parse: 4 fields
2026-08-21 13:11:10,251  [INFO    ]  doc_uploader - Screenshot saved: D:\ai_doc_automation\output\screenshots\20260821_131110_extracted_Pancard.jpg.png
2026-08-21 13:11:10,498  [ERROR   ]  main - Top-level exception processing document: 'Processing Time (s)'
2026-08-21 13:11:10,498  [INFO    ]  doc_uploader - Resetting form for next submission...
2026-08-21 13:11:12,376  [INFO    ]  doc_uploader - New submission clicked — form reset.
2026-08-21 13:11:13,377  [INFO    ]  main - 
[10/161] D:\ai_doc_automation\Test Data\PAN card for Testing\Pancard2.jpg
2026-08-21 13:11:13,377  [INFO    ]  main - ============================================================
2026-08-21 13:11:13,377  [INFO    ]  main - Processing [10/161]: Pancard2.jpg  |  PAN Card  |  Attempt 1
2026-08-21 13:11:13,377  [INFO    ]  main - ============================================================
2026-08-21 13:11:13,581  [INFO    ]  doc_uploader - Selecting document type: 'PAN Card'
2026-08-21 13:11:13,633  [INFO    ]  doc_uploader - Selected by visible text: 'PAN Card'
2026-08-21 13:11:13,633  [INFO    ]  doc_uploader - Ensuring 'Plain extraction' is selected...
2026-08-21 13:11:19,051  [INFO    ]  doc_uploader - Clicked Plain extraction text element.
2026-08-21 13:11:19,052  [INFO    ]  doc_uploader - Uploading file: D:\ai_doc_automation\Test Data\PAN card for Testing\Pancard2.jpg
2026-08-21 13:11:19,057  [INFO    ]  doc_uploader - File input found via JS querySelector.
2026-08-21 13:11:31,447  [INFO    ]  doc_uploader - File uploaded successfully.
2026-08-21 13:11:31,447  [INFO    ]  doc_uploader - Pre-submit verification...
2026-08-21 13:11:41,613  [INFO    ]  doc_uploader - Ensuring 'Plain extraction' is selected...
2026-08-21 13:11:46,993  [INFO    ]  doc_uploader - Clicked Plain extraction text element.
2026-08-21 13:11:57,126  [INFO    ]  doc_uploader - Clicking 'Submit to engine'...
2026-08-21 13:12:08,553  [INFO    ]  doc_uploader - Submitted to engine. Waiting for result...
2026-08-21 13:12:08,553  [INFO    ]  doc_uploader - Waiting for engine result (timeout=90s)...
2026-08-21 13:12:08,572  [INFO    ]  doc_uploader - Result appeared after 0s.
2026-08-21 13:12:09,679  [INFO    ]  doc_uploader - Screenshot saved: D:\ai_doc_automation\output\screenshots\20260821_131209_result_Pancard2.jpg.png
2026-08-21 13:12:09,680  [INFO    ]  result_parser - Reading verdict from Overview tab...
2026-08-21 13:12:26,349  [INFO    ]  result_parser - Verdict: SUCCESS (from verdict card)
2026-08-21 13:12:26,349  [INFO    ]  result_parser - Clicking Extraction tab...
2026-08-21 13:12:28,288  [INFO    ]  result_parser - On Extraction tab.
2026-08-21 13:12:28,296  [INFO    ]  result_parser - JS parse: 4 fields
2026-08-21 13:12:28,398  [INFO    ]  doc_uploader - Screenshot saved: D:\ai_doc_automation\output\screenshots\20260821_131228_extracted_Pancard2.jpg.png
2026-08-21 13:12:28,660  [ERROR   ]  main - Top-level exception processing document: 'Processing Time (s)'
2026-08-21 13:12:28,660  [INFO    ]  doc_uploader - Resetting form for next submission...
2026-08-21 13:12:30,544  [INFO    ]  doc_uploader - New submission clicked — form reset.
2026-08-21 13:12:31,545  [INFO    ]  main - 
[11/161] D:\ai_doc_automation\Test Data\Passport for Testing\Indianpassportbiopage2025.jpg
2026-08-21 13:12:31,545  [INFO    ]  main - ============================================================
2026-08-21 13:12:31,545  [INFO    ]  main - Processing [11/161]: Indianpassportbiopage2025.jpg  |  Indian Passport  |  Attempt 1
2026-08-21 13:12:31,545  [INFO    ]  main - ============================================================
2026-08-21 13:12:31,778  [INFO    ]  doc_uploader - Selecting document type: 'Indian Passport'
2026-08-21 13:12:31,881  [INFO    ]  doc_uploader - Selected by visible text: 'Indian Passport'
2026-08-21 13:12:31,881  [INFO    ]  doc_uploader - Ensuring 'Plain extraction' is selected...
2026-08-21 13:12:37,281  [INFO    ]  doc_uploader - Clicked Plain extraction text element.
2026-08-21 13:12:37,297  [INFO    ]  doc_uploader - Uploading file: D:\ai_doc_automation\Test Data\Passport for Testing\Indianpassportbiopage2025.jpg
2026-08-21 13:12:37,297  [INFO    ]  doc_uploader - File input found via JS querySelector.
2026-08-21 13:12:49,712  [INFO    ]  doc_uploader - File uploaded successfully.
2026-08-21 13:12:49,712  [INFO    ]  doc_uploader - Pre-submit verification...
2026-08-21 13:12:59,843  [INFO    ]  doc_uploader - Ensuring 'Plain extraction' is selected...
2026-08-21 13:13:05,244  [INFO    ]  doc_uploader - Clicked Plain extraction text element.
2026-08-21 13:13:15,310  [INFO    ]  doc_uploader - Clicking 'Submit to engine'...
2026-08-21 13:13:26,806  [INFO    ]  doc_uploader - Submitted to engine. Waiting for result...
2026-08-21 13:13:26,806  [INFO    ]  doc_uploader - Waiting for engine result (timeout=90s)...
2026-08-21 13:13:26,831  [INFO    ]  doc_uploader - Result appeared after 0s.
2026-08-21 13:13:27,931  [INFO    ]  doc_uploader - Screenshot saved: D:\ai_doc_automation\output\screenshots\20260821_131327_result_Indianpassportbiopage2025.jpg.png
2026-08-21 13:13:27,931  [INFO    ]  result_parser - Reading verdict from Overview tab...
2026-08-21 13:13:44,368  [INFO    ]  result_parser - Verdict: SUCCESS (from verdict card)
2026-08-21 13:13:44,368  [INFO    ]  result_parser - Clicking Extraction tab...
2026-08-21 13:13:46,248  [INFO    ]  result_parser - On Extraction tab.
2026-08-21 13:13:46,248  [INFO    ]  result_parser - JS parse: 9 fields
2026-08-21 13:13:46,351  [INFO    ]  doc_uploader - Screenshot saved: D:\ai_doc_automation\output\screenshots\20260821_131346_extracted_Indianpassportbiopage2025.jpg.png
2026-08-21 13:13:46,352  [INFO    ]  excel_writer - Created sheet: 'Indian Passport'  headers: ['Filename', 'Document Type', 'Status', 'Error Message', 'Date Of Expiry', 'Date Of Issue', 'Dob', 'Given Name', 'Nationality', 'Passport Number', 'Place Of Birth', 'Place Of Issue', 'Surname']
2026-08-21 13:13:46,592  [ERROR   ]  main - Top-level exception processing document: 'Processing Time (s)'
2026-08-21 13:13:46,592  [INFO    ]  doc_uploader - Resetting form for next submission...
2026-08-21 13:13:48,478  [INFO    ]  doc_uploader - New submission clicked — form reset.
2026-08-21 13:13:49,479  [INFO    ]  main - 
[12/161] D:\ai_doc_automation\Test Data\Passport for Testing\indianpp.jpg
2026-08-21 13:13:49,479  [INFO    ]  main - ============================================================
2026-08-21 13:13:49,479  [INFO    ]  main - Processing [12/161]: indianpp.jpg  |  Indian Passport  |  Attempt 1
2026-08-21 13:13:49,481  [INFO    ]  main - ============================================================
2026-08-21 13:13:49,805  [INFO    ]  doc_uploader - Selecting document type: 'Indian Passport'
2026-08-21 13:13:49,853  [INFO    ]  doc_uploader - Selected by visible text: 'Indian Passport'
2026-08-21 13:13:49,853  [INFO    ]  doc_uploader - Ensuring 'Plain extraction' is selected...
2026-08-21 13:13:55,233  [INFO    ]  doc_uploader - Clicked Plain extraction text element.
2026-08-21 13:13:55,235  [INFO    ]  doc_uploader - Uploading file: D:\ai_doc_automation\Test Data\Passport for Testing\indianpp.jpg
2026-08-21 13:13:55,239  [INFO    ]  doc_uploader - File input found via JS querySelector.
2026-08-21 13:14:07,592  [INFO    ]  doc_uploader - File uploaded successfully.
2026-08-21 13:14:07,592  [INFO    ]  doc_uploader - Pre-submit verification...
2026-08-21 13:14:17,902  [INFO    ]  doc_uploader - Ensuring 'Plain extraction' is selected...
2026-08-21 13:14:23,313  [INFO    ]  doc_uploader - Clicked Plain extraction text element.
2026-08-21 13:14:33,362  [INFO    ]  doc_uploader - Clicking 'Submit to engine'...
2026-08-21 13:14:44,791  [INFO    ]  doc_uploader - Submitted to engine. Waiting for result...
2026-08-21 13:14:44,791  [INFO    ]  doc_uploader - Waiting for engine result (timeout=90s)...
2026-08-21 13:14:45,187  [INFO    ]  doc_uploader - Result appeared after 0s.
2026-08-21 13:14:46,286  [INFO    ]  doc_uploader - Screenshot saved: D:\ai_doc_automation\output\screenshots\20260821_131446_result_indianpp.jpg.png
2026-08-21 13:14:46,286  [INFO    ]  result_parser - Reading verdict from Overview tab...
2026-08-21 13:15:02,797  [INFO    ]  result_parser - Verdict: SUCCESS (from verdict card)
2026-08-21 13:15:02,801  [INFO    ]  result_parser - Clicking Extraction tab...
2026-08-21 13:15:04,673  [INFO    ]  result_parser - On Extraction tab.
2026-08-21 13:15:04,673  [INFO    ]  result_parser - JS parse: 9 fields
2026-08-21 13:15:04,772  [INFO    ]  doc_uploader - Screenshot saved: D:\ai_doc_automation\output\screenshots\20260821_131504_extracted_indianpp.jpg.png
2026-08-21 13:15:05,031  [ERROR   ]  main - Top-level exception processing document: 'Processing Time (s)'
2026-08-21 13:15:05,032  [INFO    ]  doc_uploader - Resetting form for next submission...
2026-08-21 13:15:06,925  [INFO    ]  doc_uploader - New submission clicked — form reset.
2026-08-21 13:15:07,926  [INFO    ]  main - 
[13/161] D:\ai_doc_automation\Test Data\Passport for Testing\sample-indian-passport-1.jpg
2026-08-21 13:15:07,926  [INFO    ]  main - ============================================================
2026-08-21 13:15:07,926  [INFO    ]  main - Processing [13/161]: sample-indian-passport-1.jpg  |  Indian Passport  |  Attempt 1
2026-08-21 13:15:07,926  [INFO    ]  main - ============================================================
2026-08-21 13:15:08,168  [INFO    ]  doc_uploader - Selecting document type: 'Indian Passport'
2026-08-21 13:15:08,202  [INFO    ]  doc_uploader - Selected by visible text: 'Indian Passport'
2026-08-21 13:15:08,202  [INFO    ]  doc_uploader - Ensuring 'Plain extraction' is selected...
2026-08-21 13:15:13,633  [INFO    ]  doc_uploader - Clicked Plain extraction text element.
2026-08-21 13:15:13,633  [INFO    ]  doc_uploader - Uploading file: D:\ai_doc_automation\Test Data\Passport for Testing\sample-indian-passport-1.jpg
2026-08-21 13:15:13,639  [INFO    ]  doc_uploader - File input found via JS querySelector.
2026-08-21 13:15:26,058  [INFO    ]  doc_uploader - File uploaded successfully.
2026-08-21 13:15:26,058  [INFO    ]  doc_uploader - Pre-submit verification...
2026-08-21 13:15:36,204  [INFO    ]  doc_uploader - Ensuring 'Plain extraction' is selected...
2026-08-21 13:15:41,731  [INFO    ]  doc_uploader - Clicked Plain extraction text element.
2026-08-21 13:15:51,907  [INFO    ]  doc_uploader - Clicking 'Submit to engine'...
2026-08-21 13:16:03,476  [INFO    ]  doc_uploader - Submitted to engine. Waiting for result...
2026-08-21 13:16:03,476  [INFO    ]  doc_uploader - Waiting for engine result (timeout=90s)...
2026-08-21 13:16:03,823  [INFO    ]  doc_uploader - Result appeared after 0s.
2026-08-21 13:16:04,925  [INFO    ]  doc_uploader - Screenshot saved: D:\ai_doc_automation\output\screenshots\20260821_131604_result_sample-indian-passport-1.jpg.png
2026-08-21 13:16:04,925  [INFO    ]  result_parser - Reading verdict from Overview tab...
2026-08-21 13:16:21,446  [INFO    ]  result_parser - Verdict: SUCCESS (from verdict card)
2026-08-21 13:16:21,446  [INFO    ]  result_parser - Clicking Extraction tab...
2026-08-21 13:16:23,322  [INFO    ]  result_parser - On Extraction tab.
2026-08-21 13:16:23,325  [INFO    ]  result_parser - JS parse: 9 fields
2026-08-21 13:16:23,440  [INFO    ]  doc_uploader - Screenshot saved: D:\ai_doc_automation\output\screenshots\20260821_131623_extracted_sample-indian-passport-1.jpg.png
2026-08-21 13:16:23,699  [ERROR   ]  main - Top-level exception processing document: 'Processing Time (s)'
2026-08-21 13:16:23,699  [INFO    ]  doc_uploader - Resetting form for next submission...
2026-08-21 13:16:25,582  [INFO    ]  doc_uploader - New submission clicked — form reset.
2026-08-21 13:16:26,583  [INFO    ]  main - 
[14/161] D:\ai_doc_automation\Test Data\DL for Testing\Dl_Odisha.jpg
2026-08-21 13:16:26,583  [INFO    ]  main - ============================================================
2026-08-21 13:16:26,583  [INFO    ]  main - Processing [14/161]: Dl_Odisha.jpg  |  Driving Licence  |  Attempt 1
2026-08-21 13:16:26,583  [INFO    ]  main - ============================================================
2026-08-21 13:16:26,801  [INFO    ]  doc_uploader - Selecting document type: 'Driving Licence'
2026-08-21 13:16:26,873  [INFO    ]  doc_uploader - Selected by visible text: 'Driving Licence'
2026-08-21 13:16:26,873  [INFO    ]  doc_uploader - Ensuring 'Plain extraction' is selected...
2026-08-21 13:16:32,265  [INFO    ]  doc_uploader - Clicked Plain extraction text element.
2026-08-21 13:16:32,265  [INFO    ]  doc_uploader - Uploading file: D:\ai_doc_automation\Test Data\DL for Testing\Dl_Odisha.jpg
2026-08-21 13:16:32,278  [INFO    ]  doc_uploader - File input found via JS querySelector.
2026-08-21 13:16:44,664  [INFO    ]  doc_uploader - File uploaded successfully.
2026-08-21 13:16:44,664  [INFO    ]  doc_uploader - Pre-submit verification...
2026-08-21 13:16:54,782  [INFO    ]  doc_uploader - Ensuring 'Plain extraction' is selected...
2026-08-21 13:17:00,170  [INFO    ]  doc_uploader - Clicked Plain extraction text element.
2026-08-21 13:17:10,242  [INFO    ]  doc_uploader - Clicking 'Submit to engine'...
2026-08-21 13:17:21,700  [INFO    ]  doc_uploader - Submitted to engine. Waiting for result...
2026-08-21 13:17:21,700  [INFO    ]  doc_uploader - Waiting for engine result (timeout=90s)...
2026-08-21 13:17:21,719  [INFO    ]  doc_uploader - Result appeared after 0s.
2026-08-21 13:17:22,815  [INFO    ]  doc_uploader - Screenshot saved: D:\ai_doc_automation\output\screenshots\20260821_131722_result_Dl_Odisha.jpg.png
2026-08-21 13:17:22,815  [INFO    ]  result_parser - Reading verdict from Overview tab...
2026-08-21 13:17:39,276  [INFO    ]  result_parser - Verdict: SUCCESS (from verdict card)
2026-08-21 13:17:39,276  [INFO    ]  result_parser - Clicking Extraction tab...
2026-08-21 13:17:41,142  [INFO    ]  result_parser - On Extraction tab.
2026-08-21 13:17:41,142  [INFO    ]  result_parser - JS parse: 7 fields
2026-08-21 13:17:41,246  [INFO    ]  doc_uploader - Screenshot saved: D:\ai_doc_automation\output\screenshots\20260821_131741_extracted_Dl_Odisha.jpg.png
2026-08-21 13:17:41,246  [INFO    ]  excel_writer - Created sheet: 'Driving Licence'  headers: ['Filename', 'Document Type', 'Status', 'Error Message', 'Address', 'Date Of Expiry', 'Date Of Issue', 'Dl Number', 'Dob', 'Full Name', 'Vehicle Classes']
2026-08-21 13:17:41,515  [ERROR   ]  main - Top-level exception processing document: 'Processing Time (s)'
2026-08-21 13:17:41,515  [INFO    ]  doc_uploader - Resetting form for next submission...
2026-08-21 13:17:43,387  [INFO    ]  doc_uploader - New submission clicked — form reset.
2026-08-21 13:17:44,388  [INFO    ]  main - 
[15/161] D:\ai_doc_automation\Test Data\DL for Testing\Driving Licence 2.jpg
2026-08-21 13:17:44,388  [INFO    ]  main - ============================================================
2026-08-21 13:17:44,388  [INFO    ]  main - Processing [15/161]: Driving Licence 2.jpg  |  Driving Licence  |  Attempt 1
2026-08-21 13:17:44,388  [INFO    ]  main - ============================================================
2026-08-21 13:17:44,593  [INFO    ]  doc_uploader - Selecting document type: 'Driving Licence'
2026-08-21 13:17:44,646  [INFO    ]  doc_uploader - Selected by visible text: 'Driving Licence'
2026-08-21 13:17:44,646  [INFO    ]  doc_uploader - Ensuring 'Plain extraction' is selected...
2026-08-21 13:17:50,075  [INFO    ]  doc_uploader - Clicked Plain extraction text element.
2026-08-21 13:17:50,075  [INFO    ]  doc_uploader - Uploading file: D:\ai_doc_automation\Test Data\DL for Testing\Driving Licence 2.jpg
2026-08-21 13:17:50,092  [INFO    ]  doc_uploader - File input found via JS querySelector.
2026-08-21 13:18:02,464  [INFO    ]  doc_uploader - File uploaded successfully.
2026-08-21 13:18:02,464  [INFO    ]  doc_uploader - Pre-submit verification...
2026-08-21 13:18:12,641  [INFO    ]  doc_uploader - Ensuring 'Plain extraction' is selected...
2026-08-21 13:18:18,052  [INFO    ]  doc_uploader - Clicked Plain extraction text element.
2026-08-21 13:18:28,147  [INFO    ]  doc_uploader - Clicking 'Submit to engine'...
2026-08-21 13:18:39,622  [INFO    ]  doc_uploader - Submitted to engine. Waiting for result...
2026-08-21 13:18:39,622  [INFO    ]  doc_uploader - Waiting for engine result (timeout=90s)...
2026-08-21 13:18:39,640  [INFO    ]  doc_uploader - Result appeared after 0s.
2026-08-21 13:18:40,742  [INFO    ]  doc_uploader - Screenshot saved: D:\ai_doc_automation\output\screenshots\20260821_131840_result_Driving Licence 2.jpg.png
2026-08-21 13:18:40,742  [INFO    ]  result_parser - Reading verdict from Overview tab...
2026-08-21 13:18:57,213  [INFO    ]  result_parser - Verdict: SUCCESS (from verdict card)
2026-08-21 13:18:57,213  [INFO    ]  result_parser - Clicking Extraction tab...
2026-08-21 13:18:59,086  [INFO    ]  result_parser - On Extraction tab.
2026-08-21 13:18:59,086  [INFO    ]  result_parser - JS parse: 7 fields
2026-08-21 13:18:59,186  [INFO    ]  doc_uploader - Screenshot saved: D:\ai_doc_automation\output\screenshots\20260821_131859_extracted_Driving Licence 2.jpg.png
2026-08-21 13:18:59,449  [ERROR   ]  main - Top-level exception processing document: 'Processing Time (s)'
2026-08-21 13:18:59,449  [INFO    ]  doc_uploader - Resetting form for next submission...
2026-08-21 13:19:01,317  [INFO    ]  doc_uploader - New submission clicked — form reset.
2026-08-21 13:19:02,318  [INFO    ]  main - 
[16/161] D:\ai_doc_automation\Test Data\DL for Testing\Driving Licence.pdf
2026-08-21 13:19:02,318  [INFO    ]  main - ============================================================
2026-08-21 13:19:02,318  [INFO    ]  main - Processing [16/161]: Driving Licence.pdf  |  Driving Licence  |  Attempt 1
2026-08-21 13:19:02,318  [INFO    ]  main - ============================================================
2026-08-21 13:19:02,551  [INFO    ]  doc_uploader - Selecting document type: 'Driving Licence'
2026-08-21 13:19:02,601  [INFO    ]  doc_uploader - Selected by visible text: 'Driving Licence'
2026-08-21 13:19:02,601  [INFO    ]  doc_uploader - Ensuring 'Plain extraction' is selected...
2026-08-21 13:19:07,996  [INFO    ]  doc_uploader - Clicked Plain extraction text element.
2026-08-21 13:19:07,996  [INFO    ]  doc_uploader - Uploading file: D:\ai_doc_automation\Test Data\DL for Testing\Driving Licence.pdf
2026-08-21 13:19:08,012  [INFO    ]  doc_uploader - File input found via JS querySelector.
2026-08-21 13:19:20,372  [INFO    ]  doc_uploader - File uploaded successfully.
2026-08-21 13:19:20,372  [INFO    ]  doc_uploader - Pre-submit verification...
2026-08-21 13:19:30,500  [INFO    ]  doc_uploader - Ensuring 'Plain extraction' is selected...
2026-08-21 13:19:35,909  [INFO    ]  doc_uploader - Clicked Plain extraction text element.
2026-08-21 13:19:45,958  [INFO    ]  doc_uploader - Clicking 'Submit to engine'...
2026-08-21 13:19:57,420  [INFO    ]  doc_uploader - Submitted to engine. Waiting for result...
2026-08-21 13:19:57,420  [INFO    ]  doc_uploader - Waiting for engine result (timeout=90s)...
2026-08-21 13:19:57,439  [INFO    ]  doc_uploader - Result appeared after 0s.
2026-08-21 13:19:58,559  [INFO    ]  doc_uploader - Screenshot saved: D:\ai_doc_automation\output\screenshots\20260821_131958_result_Driving Licence.pdf.png
2026-08-21 13:19:58,559  [INFO    ]  result_parser - Reading verdict from Overview tab...
2026-08-21 13:20:15,071  [INFO    ]  result_parser - Verdict: SUCCESS (from verdict card)
2026-08-21 13:20:15,071  [INFO    ]  result_parser - Clicking Extraction tab...
2026-08-21 13:20:16,943  [INFO    ]  result_parser - On Extraction tab.
2026-08-21 13:20:16,948  [INFO    ]  result_parser - JS parse: 7 fields
2026-08-21 13:20:17,062  [INFO    ]  doc_uploader - Screenshot saved: D:\ai_doc_automation\output\screenshots\20260821_132016_extracted_Driving Licence.pdf.png
2026-08-21 13:20:17,318  [ERROR   ]  main - Top-level exception processing document: 'Processing Time (s)'
2026-08-21 13:20:17,318  [INFO    ]  doc_uploader - Resetting form for next submission...
2026-08-21 13:20:19,200  [INFO    ]  doc_uploader - New submission clicked — form reset.
2026-08-21 13:20:20,200  [INFO    ]  main - 
[17/161] D:\ai_doc_automation\Test Data\DL for Testing\Driving License Image1.jpg
2026-08-21 13:20:20,200  [INFO    ]  main - ============================================================
2026-08-21 13:20:20,200  [INFO    ]  main - Processing [17/161]: Driving License Image1.jpg  |  Driving Licence  |  Attempt 1
2026-08-21 13:20:20,201  [INFO    ]  main - ============================================================
2026-08-21 13:20:20,426  [INFO    ]  doc_uploader - Selecting document type: 'Driving Licence'
2026-08-21 13:20:20,457  [INFO    ]  doc_uploader - Selected by visible text: 'Driving Licence'
2026-08-21 13:20:20,457  [INFO    ]  doc_uploader - Ensuring 'Plain extraction' is selected...
2026-08-21 13:20:25,873  [INFO    ]  doc_uploader - Clicked Plain extraction text element.
2026-08-21 13:20:25,873  [INFO    ]  doc_uploader - Uploading file: D:\ai_doc_automation\Test Data\DL for Testing\Driving License Image1.jpg
2026-08-21 13:20:25,888  [INFO    ]  doc_uploader - File input found via JS querySelector.
2026-08-21 13:20:38,292  [INFO    ]  doc_uploader - File uploaded successfully.
2026-08-21 13:20:38,292  [INFO    ]  doc_uploader - Pre-submit verification...
2026-08-21 13:20:48,436  [INFO    ]  doc_uploader - Ensuring 'Plain extraction' is selected...
2026-08-21 13:20:53,797  [INFO    ]  doc_uploader - Clicked Plain extraction text element.
2026-08-21 13:21:03,880  [INFO    ]  doc_uploader - Clicking 'Submit to engine'...
2026-08-21 13:21:15,322  [INFO    ]  doc_uploader - Submitted to engine. Waiting for result...
2026-08-21 13:21:15,322  [INFO    ]  doc_uploader - Waiting for engine result (timeout=90s)...
2026-08-21 13:21:15,341  [INFO    ]  doc_uploader - Result appeared after 0s.
2026-08-21 13:21:16,432  [INFO    ]  doc_uploader - Screenshot saved: D:\ai_doc_automation\output\screenshots\20260821_132116_result_Driving License Image1.jpg.png
2026-08-21 13:21:16,432  [INFO    ]  result_parser - Reading verdict from Overview tab...
2026-08-21 13:21:32,948  [INFO    ]  result_parser - Verdict: SUCCESS (from verdict card)
2026-08-21 13:21:32,948  [INFO    ]  result_parser - Clicking Extraction tab...
2026-08-21 13:21:34,814  [INFO    ]  result_parser - On Extraction tab.
2026-08-21 13:21:34,814  [INFO    ]  result_parser - JS parse: 7 fields
2026-08-21 13:21:34,930  [INFO    ]  doc_uploader - Screenshot saved: D:\ai_doc_automation\output\screenshots\20260821_132134_extracted_Driving License Image1.jpg.png
2026-08-21 13:21:35,243  [ERROR   ]  main - Top-level exception processing document: 'Processing Time (s)'
2026-08-21 13:21:35,243  [INFO    ]  doc_uploader - Resetting form for next submission...
2026-08-21 13:21:37,129  [INFO    ]  doc_uploader - New submission clicked — form reset.
2026-08-21 13:21:38,130  [INFO    ]  main - 
[18/161] D:\ai_doc_automation\Test Data\DL for Testing\Driving License Sample.jpg
2026-08-21 13:21:38,130  [INFO    ]  main - ============================================================
2026-08-21 13:21:38,130  [INFO    ]  main - Processing [18/161]: Driving License Sample.jpg  |  Driving Licence  |  Attempt 1
2026-08-21 13:21:38,130  [INFO    ]  main - ============================================================
2026-08-21 13:21:38,364  [INFO    ]  doc_uploader - Selecting document type: 'Driving Licence'
2026-08-21 13:21:38,397  [INFO    ]  doc_uploader - Selected by visible text: 'Driving Licence'
2026-08-21 13:21:38,397  [INFO    ]  doc_uploader - Ensuring 'Plain extraction' is selected...
2026-08-21 13:21:43,809  [INFO    ]  doc_uploader - Clicked Plain extraction text element.
2026-08-21 13:21:43,809  [INFO    ]  doc_uploader - Uploading file: D:\ai_doc_automation\Test Data\DL for Testing\Driving License Sample.jpg
2026-08-21 13:21:43,825  [INFO    ]  doc_uploader - File input found via JS querySelector.
2026-08-21 13:21:56,213  [INFO    ]  doc_uploader - File uploaded successfully.
2026-08-21 13:21:56,213  [INFO    ]  doc_uploader - Pre-submit verification...
2026-08-21 13:22:06,359  [INFO    ]  doc_uploader - Ensuring 'Plain extraction' is selected...
2026-08-21 13:22:11,736  [INFO    ]  doc_uploader - Clicked Plain extraction text element.
2026-08-21 13:22:21,825  [INFO    ]  doc_uploader - Clicking 'Submit to engine'...
2026-08-21 13:22:33,339  [INFO    ]  doc_uploader - Submitted to engine. Waiting for result...
2026-08-21 13:22:33,339  [INFO    ]  doc_uploader - Waiting for engine result (timeout=90s)...
2026-08-21 13:22:37,950  [INFO    ]  doc_uploader - Result appeared after 0s.
2026-08-21 13:22:39,054  [INFO    ]  doc_uploader - Screenshot saved: D:\ai_doc_automation\output\screenshots\20260821_132238_result_Driving License Sample.jpg.png
2026-08-21 13:22:39,054  [INFO    ]  result_parser - Reading verdict from Overview tab...
2026-08-21 13:22:55,493  [INFO    ]  result_parser - Verdict: SUCCESS (from verdict card)
2026-08-21 13:22:55,493  [INFO    ]  result_parser - Clicking Extraction tab...
2026-08-21 13:22:57,367  [INFO    ]  result_parser - On Extraction tab.
2026-08-21 13:22:57,371  [INFO    ]  result_parser - JS parse: 7 fields
2026-08-21 13:22:57,471  [INFO    ]  doc_uploader - Screenshot saved: D:\ai_doc_automation\output\screenshots\20260821_132257_extracted_Driving License Sample.jpg.png
2026-08-21 13:22:57,727  [ERROR   ]  main - Top-level exception processing document: 'Processing Time (s)'
2026-08-21 13:22:57,727  [INFO    ]  doc_uploader - Resetting form for next submission...
2026-08-21 13:22:59,617  [INFO    ]  doc_uploader - New submission clicked — form reset.
2026-08-21 13:23:00,618  [INFO    ]  main - 
[19/161] D:\ai_doc_automation\Test Data\10th Marksheet for Testing\Document10_501_page_0.png
2026-08-21 13:23:00,618  [INFO    ]  main - ============================================================
2026-08-21 13:23:00,618  [INFO    ]  main - Processing [19/161]: Document10_501_page_0.png  |  10th Marksheet  |  Attempt 1
2026-08-21 13:23:00,618  [INFO    ]  main - ============================================================
2026-08-21 13:23:00,829  [INFO    ]  doc_uploader - Selecting document type: '10th Marksheet'
2026-08-21 13:23:00,898  [INFO    ]  doc_uploader - Selected by visible text: '10th Marksheet'
2026-08-21 13:23:00,899  [INFO    ]  doc_uploader - Ensuring 'Plain extraction' is selected...
2026-08-21 13:23:06,308  [INFO    ]  doc_uploader - Clicked Plain extraction text element.
2026-08-21 13:23:06,308  [INFO    ]  doc_uploader - Uploading file: D:\ai_doc_automation\Test Data\10th Marksheet for Testing\Document10_501_page_0.png
2026-08-21 13:23:06,310  [INFO    ]  doc_uploader - File input found via JS querySelector.
2026-08-21 13:23:18,711  [INFO    ]  doc_uploader - File uploaded successfully.
2026-08-21 13:23:18,711  [INFO    ]  doc_uploader - Pre-submit verification...
2026-08-21 13:23:28,873  [INFO    ]  doc_uploader - Ensuring 'Plain extraction' is selected...
2026-08-21 13:23:34,265  [INFO    ]  doc_uploader - Clicked Plain extraction text element.
2026-08-21 13:23:44,318  [INFO    ]  doc_uploader - Clicking 'Submit to engine'...
2026-08-21 13:23:55,778  [INFO    ]  doc_uploader - Submitted to engine. Waiting for result...
2026-08-21 13:23:55,778  [INFO    ]  doc_uploader - Waiting for engine result (timeout=90s)...
2026-08-21 13:24:20,992  [INFO    ]  doc_uploader - Result appeared after 25s.
2026-08-21 13:24:22,178  [INFO    ]  doc_uploader - Screenshot saved: D:\ai_doc_automation\output\screenshots\20260821_132422_result_Document10_501_page_0.png.png
2026-08-21 13:24:22,178  [INFO    ]  result_parser - Reading verdict from Overview tab...
2026-08-21 13:24:38,669  [INFO    ]  result_parser - Verdict: SUCCESS (from verdict card)
2026-08-21 13:24:38,669  [INFO    ]  result_parser - Clicking Extraction tab...
2026-08-21 13:24:40,553  [INFO    ]  result_parser - On Extraction tab.
2026-08-21 13:24:40,554  [INFO    ]  result_parser - JS parse: 14 fields
2026-08-21 13:24:40,700  [INFO    ]  doc_uploader - Screenshot saved: D:\ai_doc_automation\output\screenshots\20260821_132440_extracted_Document10_501_page_0.png.png
2026-08-21 13:24:40,702  [INFO    ]  excel_writer - Created sheet: '10th Marksheet'  headers: ['Filename', 'Document Type', 'Status', 'Error Message', 'Board Name', 'Cgpa Secured', 'Date Of Birth', 'Examination Name', 'Father Name', 'Grade', 'Mother Name', 'Percentage', 'Result', 'Roll Number', 'School Name', 'Student Name', 'Total Marks Secured', 'Year Of Passing']
2026-08-21 13:24:40,964  [ERROR   ]  main - Top-level exception processing document: 'Processing Time (s)'
2026-08-21 13:24:40,964  [INFO    ]  doc_uploader - Resetting form for next submission...
2026-08-21 13:24:42,850  [INFO    ]  doc_uploader - New submission clicked — form reset.
2026-08-21 13:24:43,851  [INFO    ]  main - 
[20/161] D:\ai_doc_automation\Test Data\10th Marksheet for Testing\Document10_502_page_0.png
2026-08-21 13:24:43,851  [INFO    ]  main - ============================================================
2026-08-21 13:24:43,851  [INFO    ]  main - Processing [20/161]: Document10_502_page_0.png  |  10th Marksheet  |  Attempt 1
2026-08-21 13:24:43,851  [INFO    ]  main - ============================================================
2026-08-21 13:24:44,097  [INFO    ]  doc_uploader - Selecting document type: '10th Marksheet'
2026-08-21 13:24:44,145  [INFO    ]  doc_uploader - Selected by visible text: '10th Marksheet'
2026-08-21 13:24:44,146  [INFO    ]  doc_uploader - Ensuring 'Plain extraction' is selected...
2026-08-21 13:24:49,522  [INFO    ]  doc_uploader - Clicked Plain extraction text element.
2026-08-21 13:24:49,522  [INFO    ]  doc_uploader - Uploading file: D:\ai_doc_automation\Test Data\10th Marksheet for Testing\Document10_502_page_0.png
2026-08-21 13:24:49,522  [INFO    ]  doc_uploader - File input found via JS querySelector.
2026-08-21 13:25:01,884  [INFO    ]  doc_uploader - File uploaded successfully.
2026-08-21 13:25:01,884  [INFO    ]  doc_uploader - Pre-submit verification...
2026-08-21 13:25:12,038  [INFO    ]  doc_uploader - Ensuring 'Plain extraction' is selected...
2026-08-21 13:25:17,443  [INFO    ]  doc_uploader - Clicked Plain extraction text element.
2026-08-21 13:25:27,572  [INFO    ]  doc_uploader - Clicking 'Submit to engine'...
2026-08-21 13:25:38,979  [INFO    ]  doc_uploader - Submitted to engine. Waiting for result...
2026-08-21 13:25:38,979  [INFO    ]  doc_uploader - Waiting for engine result (timeout=90s)...
2026-08-21 13:26:04,199  [INFO    ]  doc_uploader - Result appeared after 25s.
2026-08-21 13:26:05,314  [INFO    ]  doc_uploader - Screenshot saved: D:\ai_doc_automation\output\screenshots\20260821_132605_result_Document10_502_page_0.png.png
2026-08-21 13:26:05,314  [INFO    ]  result_parser - Reading verdict from Overview tab...
2026-08-21 13:26:21,774  [INFO    ]  result_parser - Verdict: SUCCESS (from verdict card)
2026-08-21 13:26:21,774  [INFO    ]  result_parser - Clicking Extraction tab...
2026-08-21 13:26:23,682  [INFO    ]  result_parser - On Extraction tab.
2026-08-21 13:26:23,687  [INFO    ]  result_parser - JS parse: 14 fields
2026-08-21 13:26:23,790  [INFO    ]  doc_uploader - Screenshot saved: D:\ai_doc_automation\output\screenshots\20260821_132623_extracted_Document10_502_page_0.png.png
2026-08-21 13:26:24,064  [ERROR   ]  main - Top-level exception processing document: 'Processing Time (s)'
2026-08-21 13:26:24,064  [INFO    ]  doc_uploader - Resetting form for next submission...
2026-08-21 13:26:25,942  [INFO    ]  doc_uploader - New submission clicked — form reset.
2026-08-21 13:26:26,943  [INFO    ]  main - 
[21/161] D:\ai_doc_automation\Test Data\10th Marksheet for Testing\Document10_503_page_0.png
2026-08-21 13:26:26,943  [INFO    ]  main - ============================================================
2026-08-21 13:26:26,943  [INFO    ]  main - Processing [21/161]: Document10_503_page_0.png  |  10th Marksheet  |  Attempt 1
2026-08-21 13:26:26,943  [INFO    ]  main - ============================================================
2026-08-21 13:26:27,179  [INFO    ]  doc_uploader - Selecting document type: '10th Marksheet'
2026-08-21 13:26:27,207  [INFO    ]  doc_uploader - Selected by visible text: '10th Marksheet'
2026-08-21 13:26:27,207  [INFO    ]  doc_uploader - Ensuring 'Plain extraction' is selected...
2026-08-21 13:26:32,622  [INFO    ]  doc_uploader - Clicked Plain extraction text element.
2026-08-21 13:26:32,622  [INFO    ]  doc_uploader - Uploading file: D:\ai_doc_automation\Test Data\10th Marksheet for Testing\Document10_503_page_0.png
2026-08-21 13:26:32,637  [INFO    ]  doc_uploader - File input found via JS querySelector.
2026-08-21 13:26:45,063  [INFO    ]  doc_uploader - File uploaded successfully.
2026-08-21 13:26:45,065  [INFO    ]  doc_uploader - Pre-submit verification...
2026-08-21 13:26:55,186  [INFO    ]  doc_uploader - Ensuring 'Plain extraction' is selected...
2026-08-21 13:27:00,578  [INFO    ]  doc_uploader - Clicked Plain extraction text element.
2026-08-21 13:27:10,646  [INFO    ]  doc_uploader - Clicking 'Submit to engine'...
2026-08-21 13:27:22,059  [INFO    ]  doc_uploader - Submitted to engine. Waiting for result...
2026-08-21 13:27:22,059  [INFO    ]  doc_uploader - Waiting for engine result (timeout=90s)...
2026-08-21 13:27:47,321  [INFO    ]  doc_uploader - Result appeared after 25s.
2026-08-21 13:27:48,411  [INFO    ]  doc_uploader - Screenshot saved: D:\ai_doc_automation\output\screenshots\20260821_132748_result_Document10_503_page_0.png.png
2026-08-21 13:27:48,411  [INFO    ]  result_parser - Reading verdict from Overview tab...
2026-08-21 13:28:04,874  [INFO    ]  result_parser - Verdict: SUCCESS (from verdict card)
2026-08-21 13:28:04,889  [INFO    ]  result_parser - Clicking Extraction tab...
2026-08-21 13:28:06,753  [INFO    ]  result_parser - On Extraction tab.
2026-08-21 13:28:06,756  [INFO    ]  result_parser - JS parse: 14 fields
2026-08-21 13:28:06,878  [INFO    ]  doc_uploader - Screenshot saved: D:\ai_doc_automation\output\screenshots\20260821_132806_extracted_Document10_503_page_0.png.png
2026-08-21 13:28:07,167  [ERROR   ]  main - Top-level exception processing document: 'Processing Time (s)'
2026-08-21 13:28:07,167  [INFO    ]  doc_uploader - Resetting form for next submission...
2026-08-21 13:28:09,042  [INFO    ]  doc_uploader - New submission clicked — form reset.
2026-08-21 13:28:10,043  [INFO    ]  main - 
[22/161] D:\ai_doc_automation\Test Data\10th Marksheet for Testing\Document10_504_page_0.png
2026-08-21 13:28:10,043  [INFO    ]  main - ============================================================
2026-08-21 13:28:10,043  [INFO    ]  main - Processing [22/161]: Document10_504_page_0.png  |  10th Marksheet  |  Attempt 1
2026-08-21 13:28:10,043  [INFO    ]  main - ============================================================
2026-08-21 13:28:10,254  [INFO    ]  doc_uploader - Selecting document type: '10th Marksheet'
2026-08-21 13:28:10,292  [INFO    ]  doc_uploader - Selected by visible text: '10th Marksheet'
2026-08-21 13:28:10,292  [INFO    ]  doc_uploader - Ensuring 'Plain extraction' is selected...
2026-08-21 13:28:15,726  [INFO    ]  doc_uploader - Clicked Plain extraction text element.
2026-08-21 13:28:15,726  [INFO    ]  doc_uploader - Uploading file: D:\ai_doc_automation\Test Data\10th Marksheet for Testing\Document10_504_page_0.png
2026-08-21 13:28:15,726  [INFO    ]  doc_uploader - File input found via JS querySelector.
2026-08-21 13:28:28,114  [INFO    ]  doc_uploader - File uploaded successfully.
2026-08-21 13:28:28,114  [INFO    ]  doc_uploader - Pre-submit verification...
2026-08-21 13:28:38,221  [INFO    ]  doc_uploader - Ensuring 'Plain extraction' is selected...
2026-08-21 13:28:43,630  [INFO    ]  doc_uploader - Clicked Plain extraction text element.
2026-08-21 13:28:53,696  [INFO    ]  doc_uploader - Clicking 'Submit to engine'...
2026-08-21 13:29:05,186  [INFO    ]  doc_uploader - Submitted to engine. Waiting for result...
2026-08-21 13:29:05,186  [INFO    ]  doc_uploader - Waiting for engine result (timeout=90s)...
2026-08-21 13:29:30,435  [INFO    ]  doc_uploader - Result appeared after 25s.
2026-08-21 13:29:31,546  [INFO    ]  doc_uploader - Screenshot saved: D:\ai_doc_automation\output\screenshots\20260821_132931_result_Document10_504_page_0.png.png
2026-08-21 13:29:31,546  [INFO    ]  result_parser - Reading verdict from Overview tab...
2026-08-21 13:29:48,027  [INFO    ]  result_parser - Verdict: SUCCESS (from verdict card)
2026-08-21 13:29:48,027  [INFO    ]  result_parser - Clicking Extraction tab...
2026-08-21 13:29:49,899  [INFO    ]  result_parser - On Extraction tab.
2026-08-21 13:29:49,899  [INFO    ]  result_parser - JS parse: 14 fields
2026-08-21 13:29:50,014  [INFO    ]  doc_uploader - Screenshot saved: D:\ai_doc_automation\output\screenshots\20260821_132949_extracted_Document10_504_page_0.png.png
2026-08-21 13:29:50,294  [ERROR   ]  main - Top-level exception processing document: 'Processing Time (s)'
2026-08-21 13:29:50,294  [INFO    ]  doc_uploader - Resetting form for next submission...
2026-08-21 13:29:52,165  [INFO    ]  doc_uploader - New submission clicked — form reset.
2026-08-21 13:29:53,166  [INFO    ]  main - 
[23/161] D:\ai_doc_automation\Test Data\10th Marksheet for Testing\Document10_505_page_0.png
2026-08-21 13:29:53,166  [INFO    ]  main - ============================================================
2026-08-21 13:29:53,166  [INFO    ]  main - Processing [23/161]: Document10_505_page_0.png  |  10th Marksheet  |  Attempt 1
2026-08-21 13:29:53,166  [INFO    ]  main - ============================================================
2026-08-21 13:29:53,358  [INFO    ]  doc_uploader - Selecting document type: '10th Marksheet'
2026-08-21 13:29:53,395  [INFO    ]  doc_uploader - Selected by visible text: '10th Marksheet'
2026-08-21 13:29:53,395  [INFO    ]  doc_uploader - Ensuring 'Plain extraction' is selected...
2026-08-21 13:29:58,810  [INFO    ]  doc_uploader - Clicked Plain extraction text element.
2026-08-21 13:29:58,810  [INFO    ]  doc_uploader - Uploading file: D:\ai_doc_automation\Test Data\10th Marksheet for Testing\Document10_505_page_0.png
2026-08-21 13:29:58,810  [INFO    ]  doc_uploader - File input found via JS querySelector.
2026-08-21 13:30:11,244  [INFO    ]  doc_uploader - File uploaded successfully.
2026-08-21 13:30:11,244  [INFO    ]  doc_uploader - Pre-submit verification...
2026-08-21 13:30:21,404  [INFO    ]  doc_uploader - Ensuring 'Plain extraction' is selected...
2026-08-21 13:30:26,784  [INFO    ]  doc_uploader - Clicked Plain extraction text element.
2026-08-21 13:30:36,881  [INFO    ]  doc_uploader - Clicking 'Submit to engine'...
2026-08-21 13:30:48,356  [INFO    ]  doc_uploader - Submitted to engine. Waiting for result...
2026-08-21 13:30:48,356  [INFO    ]  doc_uploader - Waiting for engine result (timeout=90s)...
2026-08-21 13:31:13,578  [INFO    ]  doc_uploader - Result appeared after 25s.
2026-08-21 13:31:14,682  [INFO    ]  doc_uploader - Screenshot saved: D:\ai_doc_automation\output\screenshots\20260821_133114_result_Document10_505_page_0.png.png
2026-08-21 13:31:14,682  [INFO    ]  result_parser - Reading verdict from Overview tab...
2026-08-21 13:31:31,172  [INFO    ]  result_parser - Verdict: SUCCESS (from verdict card)
2026-08-21 13:31:31,172  [INFO    ]  result_parser - Clicking Extraction tab...
2026-08-21 13:31:33,047  [INFO    ]  result_parser - On Extraction tab.
2026-08-21 13:31:33,058  [INFO    ]  result_parser - JS parse: 14 fields
2026-08-21 13:31:33,164  [INFO    ]  doc_uploader - Screenshot saved: D:\ai_doc_automation\output\screenshots\20260821_133133_extracted_Document10_505_page_0.png.png
2026-08-21 13:31:33,455  [ERROR   ]  main - Top-level exception processing document: 'Processing Time (s)'
2026-08-21 13:31:33,455  [INFO    ]  doc_uploader - Resetting form for next submission...
2026-08-21 13:31:35,340  [INFO    ]  doc_uploader - New submission clicked — form reset.
2026-08-21 13:31:36,341  [INFO    ]  main - 
[24/161] D:\ai_doc_automation\Test Data\10th Marksheet for Testing\Document10_506_page_0.png
2026-08-21 13:31:36,341  [INFO    ]  main - ============================================================
2026-08-21 13:31:36,341  [INFO    ]  main - Processing [24/161]: Document10_506_page_0.png  |  10th Marksheet  |  Attempt 1
2026-08-21 13:31:36,341  [INFO    ]  main - ============================================================
2026-08-21 13:31:36,544  [INFO    ]  doc_uploader - Selecting document type: '10th Marksheet'
2026-08-21 13:31:36,580  [INFO    ]  doc_uploader - Selected by visible text: '10th Marksheet'
2026-08-21 13:31:36,580  [INFO    ]  doc_uploader - Ensuring 'Plain extraction' is selected...
2026-08-21 13:31:41,991  [INFO    ]  doc_uploader - Clicked Plain extraction text element.
2026-08-21 13:31:41,991  [INFO    ]  doc_uploader - Uploading file: D:\ai_doc_automation\Test Data\10th Marksheet for Testing\Document10_506_page_0.png
2026-08-21 13:31:41,991  [INFO    ]  doc_uploader - File input found via JS querySelector.
2026-08-21 13:31:54,421  [INFO    ]  doc_uploader - File uploaded successfully.
2026-08-21 13:31:54,421  [INFO    ]  doc_uploader - Pre-submit verification...
2026-08-21 13:32:04,598  [INFO    ]  doc_uploader - Ensuring 'Plain extraction' is selected...
2026-08-21 13:32:10,007  [INFO    ]  doc_uploader - Clicked Plain extraction text element.
2026-08-21 13:32:20,090  [INFO    ]  doc_uploader - Clicking 'Submit to engine'...
2026-08-21 13:32:31,507  [INFO    ]  doc_uploader - Submitted to engine. Waiting for result...
2026-08-21 13:32:31,507  [INFO    ]  doc_uploader - Waiting for engine result (timeout=90s)...
2026-08-21 13:32:56,700  [INFO    ]  doc_uploader - Result appeared after 25s.
2026-08-21 13:32:57,801  [INFO    ]  doc_uploader - Screenshot saved: D:\ai_doc_automation\output\screenshots\20260821_133257_result_Document10_506_page_0.png.png
2026-08-21 13:32:57,801  [INFO    ]  result_parser - Reading verdict from Overview tab...
2026-08-21 13:33:14,281  [INFO    ]  result_parser - Verdict: SUCCESS (from verdict card)
2026-08-21 13:33:14,281  [INFO    ]  result_parser - Clicking Extraction tab...
2026-08-21 13:33:16,164  [INFO    ]  result_parser - On Extraction tab.
2026-08-21 13:33:16,169  [INFO    ]  result_parser - JS parse: 14 fields
2026-08-21 13:33:16,283  [INFO    ]  doc_uploader - Screenshot saved: D:\ai_doc_automation\output\screenshots\20260821_133316_extracted_Document10_506_page_0.png.png
2026-08-21 13:33:16,544  [ERROR   ]  main - Top-level exception processing document: 'Processing Time (s)'
2026-08-21 13:33:16,544  [INFO    ]  doc_uploader - Resetting form for next submission...
2026-08-21 13:33:18,444  [INFO    ]  doc_uploader - New submission clicked — form reset.
2026-08-21 13:33:19,445  [INFO    ]  main - 
[25/161] D:\ai_doc_automation\Test Data\10th Marksheet for Testing\Document10_507_page_0.png
2026-08-21 13:33:19,445  [INFO    ]  main - ============================================================
2026-08-21 13:33:19,445  [INFO    ]  main - Processing [25/161]: Document10_507_page_0.png  |  10th Marksheet  |  Attempt 1
2026-08-21 13:33:19,445  [INFO    ]  main - ============================================================
2026-08-21 13:33:19,744  [INFO    ]  doc_uploader - Selecting document type: '10th Marksheet'
2026-08-21 13:33:19,783  [INFO    ]  doc_uploader - Selected by visible text: '10th Marksheet'
2026-08-21 13:33:19,783  [INFO    ]  doc_uploader - Ensuring 'Plain extraction' is selected...
2026-08-21 13:33:25,194  [INFO    ]  doc_uploader - Clicked Plain extraction text element.
2026-08-21 13:33:25,194  [INFO    ]  doc_uploader - Uploading file: D:\ai_doc_automation\Test Data\10th Marksheet for Testing\Document10_507_page_0.png
2026-08-21 13:33:25,194  [INFO    ]  doc_uploader - File input found via JS querySelector.
2026-08-21 13:33:37,621  [INFO    ]  doc_uploader - File uploaded successfully.
2026-08-21 13:33:37,621  [INFO    ]  doc_uploader - Pre-submit verification...
2026-08-21 13:33:47,728  [INFO    ]  doc_uploader - Ensuring 'Plain extraction' is selected...
2026-08-21 13:33:53,111  [INFO    ]  doc_uploader - Clicked Plain extraction text element.
2026-08-21 13:34:03,156  [INFO    ]  doc_uploader - Clicking 'Submit to engine'...
2026-08-21 13:34:09,118  [WARNING ]  doc_uploader - Upload error detected via XPath: Upload a JPEG, PNG, WebP, or PDF document up to 5 MB.
2026-08-21 13:34:09,118  [WARNING ]  main - File upload rejected for Document10_507_page_0.png: Upload a JPEG, PNG, WebP, or PDF document up to 5 MB.
2026-08-21 13:34:09,245  [INFO    ]  doc_uploader - Screenshot saved: D:\ai_doc_automation\output\screenshots\20260821_133409_upload_rejected_Document10_507_page_0.png.png
2026-08-21 13:34:09,506  [ERROR   ]  main - Top-level exception processing document: 'Processing Time (s)'
2026-08-21 13:34:09,506  [INFO    ]  doc_uploader - Resetting form for next submission...
2026-08-21 13:34:20,110  [INFO    ]  doc_uploader - Navigating to Verify Document page to reset form.
2026-08-21 13:34:20,110  [INFO    ]  doc_uploader - Navigating to 'Verify Document' page...
2026-08-21 13:34:21,992  [INFO    ]  doc_uploader - On Verify Document page.
2026-08-21 13:34:22,993  [INFO    ]  main - 
[26/161] D:\ai_doc_automation\Test Data\10th Marksheet for Testing\Document10_508_page_0.png
2026-08-21 13:34:22,993  [INFO    ]  main - ============================================================
2026-08-21 13:34:22,993  [INFO    ]  main - Processing [26/161]: Document10_508_page_0.png  |  10th Marksheet  |  Attempt 1
2026-08-21 13:34:22,993  [INFO    ]  main - ============================================================
2026-08-21 13:34:23,254  [INFO    ]  doc_uploader - Selecting document type: '10th Marksheet'
2026-08-21 13:34:23,337  [INFO    ]  doc_uploader - Selected by visible text: '10th Marksheet'
2026-08-21 13:34:23,337  [INFO    ]  doc_uploader - Ensuring 'Plain extraction' is selected...
2026-08-21 13:34:28,778  [INFO    ]  doc_uploader - Clicked Plain extraction text element.
2026-08-21 13:34:28,778  [INFO    ]  doc_uploader - Uploading file: D:\ai_doc_automation\Test Data\10th Marksheet for Testing\Document10_508_page_0.png
2026-08-21 13:34:28,778  [INFO    ]  doc_uploader - File input found via JS querySelector.
2026-08-21 13:34:41,135  [INFO    ]  doc_uploader - File uploaded successfully.
2026-08-21 13:34:41,135  [INFO    ]  doc_uploader - Pre-submit verification...
2026-08-21 13:34:51,254  [WARNING ]  doc_uploader - Dropdown mismatch! Expected '10th Marksheet', found 'Aadhaar Card'. Re-selecting.
2026-08-21 13:34:51,254  [INFO    ]  doc_uploader - Selecting document type: '10th Marksheet'
2026-08-21 13:34:51,321  [INFO    ]  doc_uploader - Selected by visible text: '10th Marksheet'
2026-08-21 13:34:51,321  [INFO    ]  doc_uploader - Ensuring 'Plain extraction' is selected...
2026-08-21 13:34:56,703  [INFO    ]  doc_uploader - Clicked Plain extraction text element.
2026-08-21 13:35:06,747  [INFO    ]  doc_uploader - Clicking 'Submit to engine'...
2026-08-21 13:35:18,216  [INFO    ]  doc_uploader - Submitted to engine. Waiting for result...
2026-08-21 13:35:18,216  [INFO    ]  doc_uploader - Waiting for engine result (timeout=90s)...
2026-08-21 13:35:43,388  [INFO    ]  doc_uploader - Result appeared after 25s.
2026-08-21 13:35:44,494  [INFO    ]  doc_uploader - Screenshot saved: D:\ai_doc_automation\output\screenshots\20260821_133544_result_Document10_508_page_0.png.png
2026-08-21 13:35:44,494  [INFO    ]  result_parser - Reading verdict from Overview tab...
2026-08-21 13:36:00,952  [INFO    ]  result_parser - Verdict: SUCCESS (from verdict card)
2026-08-21 13:36:00,952  [INFO    ]  result_parser - Clicking Extraction tab...
2026-08-21 13:36:02,838  [INFO    ]  result_parser - On Extraction tab.
2026-08-21 13:36:02,845  [INFO    ]  result_parser - JS parse: 14 fields
2026-08-21 13:36:02,981  [INFO    ]  doc_uploader - Screenshot saved: D:\ai_doc_automation\output\screenshots\20260821_133602_extracted_Document10_508_page_0.png.png
2026-08-21 13:36:03,251  [ERROR   ]  main - Top-level exception processing document: 'Processing Time (s)'
2026-08-21 13:36:03,251  [INFO    ]  doc_uploader - Resetting form for next submission...
2026-08-21 13:36:05,129  [INFO    ]  doc_uploader - New submission clicked — form reset.
2026-08-21 13:36:06,130  [INFO    ]  main - 
[27/161] D:\ai_doc_automation\Test Data\10th Marksheet for Testing\Document10_509_page_0.png
2026-08-21 13:36:06,130  [INFO    ]  main - ============================================================
2026-08-21 13:36:06,130  [INFO    ]  main - Processing [27/161]: Document10_509_page_0.png  |  10th Marksheet  |  Attempt 1
2026-08-21 13:36:06,130  [INFO    ]  main - ============================================================
2026-08-21 13:36:06,322  [INFO    ]  doc_uploader - Selecting document type: '10th Marksheet'
2026-08-21 13:36:06,362  [INFO    ]  doc_uploader - Selected by visible text: '10th Marksheet'
2026-08-21 13:36:06,362  [INFO    ]  doc_uploader - Ensuring 'Plain extraction' is selected...
2026-08-21 13:36:11,785  [INFO    ]  doc_uploader - Clicked Plain extraction text element.
2026-08-21 13:36:11,785  [INFO    ]  doc_uploader - Uploading file: D:\ai_doc_automation\Test Data\10th Marksheet for Testing\Document10_509_page_0.png
2026-08-21 13:36:11,801  [INFO    ]  doc_uploader - File input found via JS querySelector.
2026-08-21 13:36:24,216  [INFO    ]  doc_uploader - File uploaded successfully.
2026-08-21 13:36:24,216  [INFO    ]  doc_uploader - Pre-submit verification...
2026-08-21 13:36:34,376  [INFO    ]  doc_uploader - Ensuring 'Plain extraction' is selected...
2026-08-21 13:36:39,803  [INFO    ]  doc_uploader - Clicked Plain extraction text element.
2026-08-21 13:36:49,873  [INFO    ]  doc_uploader - Clicking 'Submit to engine'...
2026-08-21 13:37:01,318  [INFO    ]  doc_uploader - Submitted to engine. Waiting for result...
2026-08-21 13:37:01,318  [INFO    ]  doc_uploader - Waiting for engine result (timeout=90s)...
2026-08-21 13:37:26,556  [INFO    ]  doc_uploader - Result appeared after 25s.
2026-08-21 13:37:27,666  [INFO    ]  doc_uploader - Screenshot saved: D:\ai_doc_automation\output\screenshots\20260821_133727_result_Document10_509_page_0.png.png
2026-08-21 13:37:27,666  [INFO    ]  result_parser - Reading verdict from Overview tab...
2026-08-21 13:37:44,130  [INFO    ]  result_parser - Verdict: SUCCESS (from verdict card)
2026-08-21 13:37:44,130  [INFO    ]  result_parser - Clicking Extraction tab...
2026-08-21 13:37:46,013  [INFO    ]  result_parser - On Extraction tab.
2026-08-21 13:37:46,013  [INFO    ]  result_parser - JS parse: 14 fields
2026-08-21 13:37:46,113  [INFO    ]  doc_uploader - Screenshot saved: D:\ai_doc_automation\output\screenshots\20260821_133746_extracted_Document10_509_page_0.png.png
2026-08-21 13:37:46,386  [ERROR   ]  main - Top-level exception processing document: 'Processing Time (s)'
2026-08-21 13:37:46,386  [INFO    ]  doc_uploader - Resetting form for next submission...
2026-08-21 13:37:48,269  [INFO    ]  doc_uploader - New submission clicked — form reset.
2026-08-21 13:37:49,270  [INFO    ]  main - 
[28/161] D:\ai_doc_automation\Test Data\10th Marksheet for Testing\Document10_510_page_0.png
2026-08-21 13:37:49,270  [INFO    ]  main - ============================================================
2026-08-21 13:37:49,270  [INFO    ]  main - Processing [28/161]: Document10_510_page_0.png  |  10th Marksheet  |  Attempt 1
2026-08-21 13:37:49,270  [INFO    ]  main - ============================================================
2026-08-21 13:37:49,477  [INFO    ]  doc_uploader - Selecting document type: '10th Marksheet'
2026-08-21 13:37:49,517  [INFO    ]  doc_uploader - Selected by visible text: '10th Marksheet'
2026-08-21 13:37:49,517  [INFO    ]  doc_uploader - Ensuring 'Plain extraction' is selected...
2026-08-21 13:37:54,932  [INFO    ]  doc_uploader - Clicked Plain extraction text element.
2026-08-21 13:37:54,932  [INFO    ]  doc_uploader - Uploading file: D:\ai_doc_automation\Test Data\10th Marksheet for Testing\Document10_510_page_0.png
2026-08-21 13:37:54,948  [INFO    ]  doc_uploader - File input found via JS querySelector.
2026-08-21 13:38:07,373  [INFO    ]  doc_uploader - File uploaded successfully.
2026-08-21 13:38:07,373  [INFO    ]  doc_uploader - Pre-submit verification...
2026-08-21 13:38:17,481  [INFO    ]  doc_uploader - Ensuring 'Plain extraction' is selected...
2026-08-21 13:38:22,903  [INFO    ]  doc_uploader - Clicked Plain extraction text element.
2026-08-21 13:38:32,998  [INFO    ]  doc_uploader - Clicking 'Submit to engine'...
2026-08-21 13:38:44,453  [INFO    ]  doc_uploader - Submitted to engine. Waiting for result...
2026-08-21 13:38:44,453  [INFO    ]  doc_uploader - Waiting for engine result (timeout=90s)...
2026-08-21 13:39:09,693  [INFO    ]  doc_uploader - Result appeared after 25s.
2026-08-21 13:39:10,800  [INFO    ]  doc_uploader - Screenshot saved: D:\ai_doc_automation\output\screenshots\20260821_133910_result_Document10_510_page_0.png.png
2026-08-21 13:39:10,800  [INFO    ]  result_parser - Reading verdict from Overview tab...
2026-08-21 13:39:27,218  [INFO    ]  result_parser - Verdict: SUCCESS (from verdict card)
2026-08-21 13:39:27,218  [INFO    ]  result_parser - Clicking Extraction tab...
2026-08-21 13:39:29,092  [INFO    ]  result_parser - On Extraction tab.
2026-08-21 13:39:29,094  [INFO    ]  result_parser - JS parse: 14 fields
2026-08-21 13:39:29,200  [INFO    ]  doc_uploader - Screenshot saved: D:\ai_doc_automation\output\screenshots\20260821_133929_extracted_Document10_510_page_0.png.png
2026-08-21 13:39:29,473  [ERROR   ]  main - Top-level exception processing document: 'Processing Time (s)'
2026-08-21 13:39:29,473  [INFO    ]  doc_uploader - Resetting form for next submission...
2026-08-21 13:39:31,354  [INFO    ]  doc_uploader - New submission clicked — form reset.
2026-08-21 13:39:32,355  [INFO    ]  main - 
[29/161] D:\ai_doc_automation\Test Data\10th Marksheet for Testing\Document10_511_page_0.png
2026-08-21 13:39:32,355  [INFO    ]  main - ============================================================
2026-08-21 13:39:32,355  [INFO    ]  main - Processing [29/161]: Document10_511_page_0.png  |  10th Marksheet  |  Attempt 1
2026-08-21 13:39:32,355  [INFO    ]  main - ============================================================
2026-08-21 13:39:32,560  [INFO    ]  doc_uploader - Selecting document type: '10th Marksheet'
2026-08-21 13:39:32,597  [INFO    ]  doc_uploader - Selected by visible text: '10th Marksheet'
2026-08-21 13:39:32,597  [INFO    ]  doc_uploader - Ensuring 'Plain extraction' is selected...
2026-08-21 13:39:37,990  [INFO    ]  doc_uploader - Clicked Plain extraction text element.
2026-08-21 13:39:37,990  [INFO    ]  doc_uploader - Uploading file: D:\ai_doc_automation\Test Data\10th Marksheet for Testing\Document10_511_page_0.png
2026-08-21 13:39:37,990  [INFO    ]  doc_uploader - File input found via JS querySelector.
2026-08-21 13:39:50,387  [INFO    ]  doc_uploader - File uploaded successfully.
2026-08-21 13:39:50,387  [INFO    ]  doc_uploader - Pre-submit verification...
2026-08-21 13:40:00,564  [INFO    ]  doc_uploader - Ensuring 'Plain extraction' is selected...
2026-08-21 13:40:05,960  [INFO    ]  doc_uploader - Clicked Plain extraction text element.
2026-08-21 13:40:16,023  [INFO    ]  doc_uploader - Clicking 'Submit to engine'...
2026-08-21 13:40:27,455  [INFO    ]  doc_uploader - Submitted to engine. Waiting for result...
2026-08-21 13:40:27,455  [INFO    ]  doc_uploader - Waiting for engine result (timeout=90s)...
2026-08-21 13:40:31,805  [INFO    ]  doc_uploader - Result appeared after 0s.
2026-08-21 13:40:32,909  [INFO    ]  doc_uploader - Screenshot saved: D:\ai_doc_automation\output\screenshots\20260821_134032_result_Document10_511_page_0.png.png
2026-08-21 13:40:32,909  [INFO    ]  result_parser - Reading verdict from Overview tab...
2026-08-21 13:40:32,937  [INFO    ]  result_parser - Verdict: FAILED (Pipeline Failure banner detected: TRANSACTION COMPLETE — Pipeline failure result — TXN-20260821-4443347189)
2026-08-21 13:40:32,939  [INFO    ]  result_parser - Skipping extraction (status=FAILED).
2026-08-21 13:40:33,343  [ERROR   ]  main - Top-level exception processing document: 'Processing Time (s)'
2026-08-21 13:40:33,350  [INFO    ]  doc_uploader - Resetting form for next submission...
2026-08-21 13:40:35,255  [INFO    ]  doc_uploader - New submission clicked — form reset.
2026-08-21 13:40:36,256  [INFO    ]  main - 
[30/161] D:\ai_doc_automation\Test Data\10th Marksheet for Testing\Document10_512_page_0.png
2026-08-21 13:40:36,256  [INFO    ]  main - ============================================================
2026-08-21 13:40:36,256  [INFO    ]  main - Processing [30/161]: Document10_512_page_0.png  |  10th Marksheet  |  Attempt 1
2026-08-21 13:40:36,256  [INFO    ]  main - ============================================================
2026-08-21 13:40:36,469  [INFO    ]  doc_uploader - Selecting document type: '10th Marksheet'
2026-08-21 13:40:36,505  [INFO    ]  doc_uploader - Selected by visible text: '10th Marksheet'
2026-08-21 13:40:36,505  [INFO    ]  doc_uploader - Ensuring 'Plain extraction' is selected...
2026-08-21 13:40:41,891  [INFO    ]  doc_uploader - Clicked Plain extraction text element.
2026-08-21 13:40:41,891  [INFO    ]  doc_uploader - Uploading file: D:\ai_doc_automation\Test Data\10th Marksheet for Testing\Document10_512_page_0.png
2026-08-21 13:40:41,907  [INFO    ]  doc_uploader - File input found via JS querySelector.
2026-08-21 13:40:54,296  [INFO    ]  doc_uploader - File uploaded successfully.
2026-08-21 13:40:54,296  [INFO    ]  doc_uploader - Pre-submit verification...
2026-08-21 13:41:04,442  [INFO    ]  doc_uploader - Ensuring 'Plain extraction' is selected...
2026-08-21 13:41:09,828  [INFO    ]  doc_uploader - Clicked Plain extraction text element.
2026-08-21 13:41:19,914  [INFO    ]  doc_uploader - Clicking 'Submit to engine'...
2026-08-21 13:41:31,347  [INFO    ]  doc_uploader - Submitted to engine. Waiting for result...
2026-08-21 13:41:31,347  [INFO    ]  doc_uploader - Waiting for engine result (timeout=90s)...
2026-08-21 13:41:56,552  [INFO    ]  doc_uploader - Result appeared after 25s.
2026-08-21 13:41:57,659  [INFO    ]  doc_uploader - Screenshot saved: D:\ai_doc_automation\output\screenshots\20260821_134157_result_Document10_512_page_0.png.png
2026-08-21 13:41:57,659  [INFO    ]  result_parser - Reading verdict from Overview tab...
2026-08-21 13:42:14,177  [INFO    ]  result_parser - Verdict: SUCCESS (from verdict card)
2026-08-21 13:42:14,177  [INFO    ]  result_parser - Clicking Extraction tab...
2026-08-21 13:42:16,050  [INFO    ]  result_parser - On Extraction tab.
2026-08-21 13:42:16,058  [INFO    ]  result_parser - JS parse: 14 fields
2026-08-21 13:42:16,163  [INFO    ]  doc_uploader - Screenshot saved: D:\ai_doc_automation\output\screenshots\20260821_134216_extracted_Document10_512_page_0.png.png
2026-08-21 13:42:16,433  [ERROR   ]  main - Top-level exception processing document: 'Processing Time (s)'
2026-08-21 13:42:16,433  [INFO    ]  doc_uploader - Resetting form for next submission...
2026-08-21 13:42:18,313  [INFO    ]  doc_uploader - New submission clicked — form reset.
2026-08-21 13:42:19,313  [INFO    ]  main - 
[31/161] D:\ai_doc_automation\Test Data\10th Marksheet for Testing\Document10_513_page_0.png
2026-08-21 13:42:19,313  [INFO    ]  main - ============================================================
2026-08-21 13:42:19,313  [INFO    ]  main - Processing [31/161]: Document10_513_page_0.png  |  10th Marksheet  |  Attempt 1
2026-08-21 13:42:19,313  [INFO    ]  main - ============================================================
2026-08-21 13:42:19,583  [INFO    ]  doc_uploader - Selecting document type: '10th Marksheet'
2026-08-21 13:42:19,625  [INFO    ]  doc_uploader - Selected by visible text: '10th Marksheet'
2026-08-21 13:42:19,625  [INFO    ]  doc_uploader - Ensuring 'Plain extraction' is selected...
2026-08-21 13:42:25,022  [INFO    ]  doc_uploader - Clicked Plain extraction text element.
2026-08-21 13:42:25,036  [INFO    ]  doc_uploader - Uploading file: D:\ai_doc_automation\Test Data\10th Marksheet for Testing\Document10_513_page_0.png
2026-08-21 13:42:25,038  [INFO    ]  doc_uploader - File input found via JS querySelector.
2026-08-21 13:42:37,457  [INFO    ]  doc_uploader - File uploaded successfully.
2026-08-21 13:42:37,457  [INFO    ]  doc_uploader - Pre-submit verification...
2026-08-21 13:42:47,610  [INFO    ]  doc_uploader - Ensuring 'Plain extraction' is selected...
2026-08-21 13:42:53,017  [INFO    ]  doc_uploader - Clicked Plain extraction text element.
2026-08-21 13:43:03,047  [INFO    ]  doc_uploader - Clicking 'Submit to engine'...
2026-08-21 13:43:14,533  [INFO    ]  doc_uploader - Submitted to engine. Waiting for result...
2026-08-21 13:43:14,533  [INFO    ]  doc_uploader - Waiting for engine result (timeout=90s)...
2026-08-21 13:43:39,764  [INFO    ]  doc_uploader - Result appeared after 25s.
2026-08-21 13:43:40,861  [INFO    ]  doc_uploader - Screenshot saved: D:\ai_doc_automation\output\screenshots\20260821_134340_result_Document10_513_page_0.png.png
2026-08-21 13:43:40,861  [INFO    ]  result_parser - Reading verdict from Overview tab...
2026-08-21 13:43:57,361  [INFO    ]  result_parser - Verdict: SUCCESS (from verdict card)
2026-08-21 13:43:57,361  [INFO    ]  result_parser - Clicking Extraction tab...
2026-08-21 13:43:59,234  [INFO    ]  result_parser - On Extraction tab.
2026-08-21 13:43:59,239  [INFO    ]  result_parser - JS parse: 14 fields
2026-08-21 13:43:59,349  [INFO    ]  doc_uploader - Screenshot saved: D:\ai_doc_automation\output\screenshots\20260821_134359_extracted_Document10_513_page_0.png.png
2026-08-21 13:43:59,635  [ERROR   ]  main - Top-level exception processing document: 'Processing Time (s)'
2026-08-21 13:43:59,635  [INFO    ]  doc_uploader - Resetting form for next submission...
2026-08-21 13:44:01,527  [INFO    ]  doc_uploader - New submission clicked — form reset.
2026-08-21 13:44:02,528  [INFO    ]  main - 
[32/161] D:\ai_doc_automation\Test Data\10th Marksheet for Testing\Document10_514_page_0.png
2026-08-21 13:44:02,528  [INFO    ]  main - ============================================================
2026-08-21 13:44:02,528  [INFO    ]  main - Processing [32/161]: Document10_514_page_0.png  |  10th Marksheet  |  Attempt 1
2026-08-21 13:44:02,528  [INFO    ]  main - ============================================================
2026-08-21 13:44:02,723  [INFO    ]  doc_uploader - Selecting document type: '10th Marksheet'
2026-08-21 13:44:02,760  [INFO    ]  doc_uploader - Selected by visible text: '10th Marksheet'
2026-08-21 13:44:02,760  [INFO    ]  doc_uploader - Ensuring 'Plain extraction' is selected...
2026-08-21 13:44:08,174  [INFO    ]  doc_uploader - Clicked Plain extraction text element.
2026-08-21 13:44:08,174  [INFO    ]  doc_uploader - Uploading file: D:\ai_doc_automation\Test Data\10th Marksheet for Testing\Document10_514_page_0.png
2026-08-21 13:44:08,190  [INFO    ]  doc_uploader - File input found via JS querySelector.
2026-08-21 13:44:20,620  [INFO    ]  doc_uploader - File uploaded successfully.
2026-08-21 13:44:20,620  [INFO    ]  doc_uploader - Pre-submit verification...
2026-08-21 13:44:30,779  [INFO    ]  doc_uploader - Ensuring 'Plain extraction' is selected...
2026-08-21 13:44:36,206  [INFO    ]  doc_uploader - Clicked Plain extraction text element.
2026-08-21 13:44:46,244  [INFO    ]  doc_uploader - Clicking 'Submit to engine'...
2026-08-21 13:44:57,735  [INFO    ]  doc_uploader - Submitted to engine. Waiting for result...
2026-08-21 13:44:57,735  [INFO    ]  doc_uploader - Waiting for engine result (timeout=90s)...
2026-08-21 13:45:22,993  [INFO    ]  doc_uploader - Result appeared after 25s.
2026-08-21 13:45:24,097  [INFO    ]  doc_uploader - Screenshot saved: D:\ai_doc_automation\output\screenshots\20260821_134523_result_Document10_514_page_0.png.png
2026-08-21 13:45:24,097  [INFO    ]  result_parser - Reading verdict from Overview tab...
2026-08-21 13:45:40,596  [INFO    ]  result_parser - Verdict: SUCCESS (from verdict card)
2026-08-21 13:45:40,596  [INFO    ]  result_parser - Clicking Extraction tab...
2026-08-21 13:45:42,467  [INFO    ]  result_parser - On Extraction tab.
2026-08-21 13:45:42,467  [INFO    ]  result_parser - JS parse: 14 fields
2026-08-21 13:45:42,562  [INFO    ]  doc_uploader - Screenshot saved: D:\ai_doc_automation\output\screenshots\20260821_134542_extracted_Document10_514_page_0.png.png
2026-08-21 13:45:42,830  [ERROR   ]  main - Top-level exception processing document: 'Processing Time (s)'
2026-08-21 13:45:42,830  [INFO    ]  doc_uploader - Resetting form for next submission...
2026-08-21 13:45:44,714  [INFO    ]  doc_uploader - New submission clicked — form reset.
2026-08-21 13:45:45,714  [INFO    ]  main - 
[33/161] D:\ai_doc_automation\Test Data\10th Marksheet for Testing\Document10_515_page_0.png
2026-08-21 13:45:45,714  [INFO    ]  main - ============================================================
2026-08-21 13:45:45,714  [INFO    ]  main - Processing [33/161]: Document10_515_page_0.png  |  10th Marksheet  |  Attempt 1
2026-08-21 13:45:45,714  [INFO    ]  main - ============================================================
2026-08-21 13:45:45,957  [INFO    ]  doc_uploader - Selecting document type: '10th Marksheet'
2026-08-21 13:45:45,998  [INFO    ]  doc_uploader - Selected by visible text: '10th Marksheet'
2026-08-21 13:45:45,999  [INFO    ]  doc_uploader - Ensuring 'Plain extraction' is selected...
2026-08-21 13:45:51,368  [INFO    ]  doc_uploader - Clicked Plain extraction text element.
2026-08-21 13:45:51,368  [INFO    ]  doc_uploader - Uploading file: D:\ai_doc_automation\Test Data\10th Marksheet for Testing\Document10_515_page_0.png
2026-08-21 13:45:51,368  [INFO    ]  doc_uploader - File input found via JS querySelector.
2026-08-21 13:46:03,772  [INFO    ]  doc_uploader - File uploaded successfully.
2026-08-21 13:46:03,772  [INFO    ]  doc_uploader - Pre-submit verification...
2026-08-21 13:46:13,884  [INFO    ]  doc_uploader - Ensuring 'Plain extraction' is selected...
2026-08-21 13:46:19,320  [INFO    ]  doc_uploader - Clicked Plain extraction text element.
2026-08-21 13:46:29,402  [INFO    ]  doc_uploader - Clicking 'Submit to engine'...
2026-08-21 13:46:40,854  [INFO    ]  doc_uploader - Submitted to engine. Waiting for result...
2026-08-21 13:46:40,854  [INFO    ]  doc_uploader - Waiting for engine result (timeout=90s)...
2026-08-21 13:47:06,061  [INFO    ]  doc_uploader - Result appeared after 25s.
2026-08-21 13:47:07,166  [INFO    ]  doc_uploader - Screenshot saved: D:\ai_doc_automation\output\screenshots\20260821_134707_result_Document10_515_page_0.png.png
2026-08-21 13:47:07,166  [INFO    ]  result_parser - Reading verdict from Overview tab...
2026-08-21 13:47:23,699  [INFO    ]  result_parser - Verdict: SUCCESS (from verdict card)
2026-08-21 13:47:23,699  [INFO    ]  result_parser - Clicking Extraction tab...
2026-08-21 13:47:25,583  [INFO    ]  result_parser - On Extraction tab.
2026-08-21 13:47:25,593  [INFO    ]  result_parser - JS parse: 14 fields
2026-08-21 13:47:25,720  [INFO    ]  doc_uploader - Screenshot saved: D:\ai_doc_automation\output\screenshots\20260821_134725_extracted_Document10_515_page_0.png.png
2026-08-21 13:47:25,988  [ERROR   ]  main - Top-level exception processing document: 'Processing Time (s)'
2026-08-21 13:47:25,988  [INFO    ]  doc_uploader - Resetting form for next submission...
2026-08-21 13:47:27,861  [INFO    ]  doc_uploader - New submission clicked — form reset.
2026-08-21 13:47:28,862  [INFO    ]  main - 
[34/161] D:\ai_doc_automation\Test Data\10th Marksheet for Testing\Document10_516_page_0.png
2026-08-21 13:47:28,862  [INFO    ]  main - ============================================================
2026-08-21 13:47:28,862  [INFO    ]  main - Processing [34/161]: Document10_516_page_0.png  |  10th Marksheet  |  Attempt 1
2026-08-21 13:47:28,862  [INFO    ]  main - ============================================================
2026-08-21 13:47:29,072  [INFO    ]  doc_uploader - Selecting document type: '10th Marksheet'
2026-08-21 13:47:29,114  [INFO    ]  doc_uploader - Selected by visible text: '10th Marksheet'
2026-08-21 13:47:29,114  [INFO    ]  doc_uploader - Ensuring 'Plain extraction' is selected...
2026-08-21 13:47:34,528  [INFO    ]  doc_uploader - Clicked Plain extraction text element.
2026-08-21 13:47:34,529  [INFO    ]  doc_uploader - Uploading file: D:\ai_doc_automation\Test Data\10th Marksheet for Testing\Document10_516_page_0.png
2026-08-21 13:47:34,533  [INFO    ]  doc_uploader - File input found via JS querySelector.
2026-08-21 13:47:46,951  [INFO    ]  doc_uploader - File uploaded successfully.
2026-08-21 13:47:46,951  [INFO    ]  doc_uploader - Pre-submit verification...
2026-08-21 13:47:57,114  [INFO    ]  doc_uploader - Ensuring 'Plain extraction' is selected...
2026-08-21 13:48:02,502  [INFO    ]  doc_uploader - Clicked Plain extraction text element.
2026-08-21 13:48:12,611  [INFO    ]  doc_uploader - Clicking 'Submit to engine'...
2026-08-21 13:48:24,058  [INFO    ]  doc_uploader - Submitted to engine. Waiting for result...
2026-08-21 13:48:24,064  [INFO    ]  doc_uploader - Waiting for engine result (timeout=90s)...
2026-08-21 13:48:49,285  [INFO    ]  doc_uploader - Result appeared after 25s.
2026-08-21 13:48:50,402  [INFO    ]  doc_uploader - Screenshot saved: D:\ai_doc_automation\output\screenshots\20260821_134850_result_Document10_516_page_0.png.png
2026-08-21 13:48:50,402  [INFO    ]  result_parser - Reading verdict from Overview tab...
2026-08-21 13:49:06,912  [INFO    ]  result_parser - Verdict: SUCCESS (from verdict card)
2026-08-21 13:49:06,912  [INFO    ]  result_parser - Clicking Extraction tab...
2026-08-21 13:49:08,786  [INFO    ]  result_parser - On Extraction tab.
2026-08-21 13:49:08,786  [INFO    ]  result_parser - JS parse: 14 fields
2026-08-21 13:49:08,903  [INFO    ]  doc_uploader - Screenshot saved: D:\ai_doc_automation\output\screenshots\20260821_134908_extracted_Document10_516_page_0.png.png
2026-08-21 13:49:09,206  [ERROR   ]  main - Top-level exception processing document: 'Processing Time (s)'
2026-08-21 13:49:09,206  [INFO    ]  doc_uploader - Resetting form for next submission...
2026-08-21 13:49:11,081  [INFO    ]  doc_uploader - New submission clicked — form reset.
2026-08-21 13:49:12,082  [INFO    ]  main - 
[35/161] D:\ai_doc_automation\Test Data\10th Marksheet for Testing\Document10_517_page_0.png
2026-08-21 13:49:12,082  [INFO    ]  main - ============================================================
2026-08-21 13:49:12,082  [INFO    ]  main - Processing [35/161]: Document10_517_page_0.png  |  10th Marksheet  |  Attempt 1
2026-08-21 13:49:12,082  [INFO    ]  main - ============================================================
2026-08-21 13:49:12,281  [INFO    ]  doc_uploader - Selecting document type: '10th Marksheet'
2026-08-21 13:49:12,318  [INFO    ]  doc_uploader - Selected by visible text: '10th Marksheet'
2026-08-21 13:49:12,318  [INFO    ]  doc_uploader - Ensuring 'Plain extraction' is selected...
2026-08-21 13:49:17,744  [INFO    ]  doc_uploader - Clicked Plain extraction text element.
2026-08-21 13:49:17,744  [INFO    ]  doc_uploader - Uploading file: D:\ai_doc_automation\Test Data\10th Marksheet for Testing\Document10_517_page_0.png
2026-08-21 13:49:17,744  [INFO    ]  doc_uploader - File input found via JS querySelector.
2026-08-21 13:49:30,190  [INFO    ]  doc_uploader - File uploaded successfully.
2026-08-21 13:49:30,190  [INFO    ]  doc_uploader - Pre-submit verification...
2026-08-21 13:49:40,384  [INFO    ]  doc_uploader - Ensuring 'Plain extraction' is selected...
2026-08-21 13:49:45,758  [INFO    ]  doc_uploader - Clicked Plain extraction text element.
2026-08-21 13:49:55,863  [INFO    ]  doc_uploader - Clicking 'Submit to engine'...
2026-08-21 13:50:07,342  [INFO    ]  doc_uploader - Submitted to engine. Waiting for result...
2026-08-21 13:50:07,342  [INFO    ]  doc_uploader - Waiting for engine result (timeout=90s)...
2026-08-21 13:50:32,531  [INFO    ]  doc_uploader - Result appeared after 25s.
2026-08-21 13:50:33,654  [INFO    ]  doc_uploader - Screenshot saved: D:\ai_doc_automation\output\screenshots\20260821_135033_result_Document10_517_page_0.png.png
2026-08-21 13:50:33,654  [INFO    ]  result_parser - Reading verdict from Overview tab...
2026-08-21 13:50:50,118  [INFO    ]  result_parser - Verdict: SUCCESS (from verdict card)
2026-08-21 13:50:50,118  [INFO    ]  result_parser - Clicking Extraction tab...
2026-08-21 13:50:51,992  [INFO    ]  result_parser - On Extraction tab.
2026-08-21 13:50:51,992  [INFO    ]  result_parser - JS parse: 14 fields
2026-08-21 13:50:52,145  [INFO    ]  doc_uploader - Screenshot saved: D:\ai_doc_automation\output\screenshots\20260821_135051_extracted_Document10_517_page_0.png.png
2026-08-21 13:50:52,409  [ERROR   ]  main - Top-level exception processing document: 'Processing Time (s)'
2026-08-21 13:50:52,409  [INFO    ]  doc_uploader - Resetting form for next submission...
2026-08-21 13:50:54,291  [INFO    ]  doc_uploader - New submission clicked — form reset.
2026-08-21 13:50:55,291  [INFO    ]  main - 
[36/161] D:\ai_doc_automation\Test Data\10th Marksheet for Testing\Document10_518_page_0.png
2026-08-21 13:50:55,291  [INFO    ]  main - ============================================================
2026-08-21 13:50:55,291  [INFO    ]  main - Processing [36/161]: Document10_518_page_0.png  |  10th Marksheet  |  Attempt 1
2026-08-21 13:50:55,291  [INFO    ]  main - ============================================================
2026-08-21 13:50:55,498  [INFO    ]  doc_uploader - Selecting document type: '10th Marksheet'
2026-08-21 13:50:55,542  [INFO    ]  doc_uploader - Selected by visible text: '10th Marksheet'
2026-08-21 13:50:55,542  [INFO    ]  doc_uploader - Ensuring 'Plain extraction' is selected...
2026-08-21 13:51:00,923  [INFO    ]  doc_uploader - Clicked Plain extraction text element.
2026-08-21 13:51:00,938  [INFO    ]  doc_uploader - Uploading file: D:\ai_doc_automation\Test Data\10th Marksheet for Testing\Document10_518_page_0.png
2026-08-21 13:51:00,938  [INFO    ]  doc_uploader - File input found via JS querySelector.
2026-08-21 13:51:13,327  [INFO    ]  doc_uploader - File uploaded successfully.
2026-08-21 13:51:13,327  [INFO    ]  doc_uploader - Pre-submit verification...
2026-08-21 13:51:23,512  [INFO    ]  doc_uploader - Ensuring 'Plain extraction' is selected...
2026-08-21 13:51:28,924  [INFO    ]  doc_uploader - Clicked Plain extraction text element.
2026-08-21 13:51:39,025  [INFO    ]  doc_uploader - Clicking 'Submit to engine'...
2026-08-21 13:51:50,516  [INFO    ]  doc_uploader - Submitted to engine. Waiting for result...
2026-08-21 13:51:50,516  [INFO    ]  doc_uploader - Waiting for engine result (timeout=90s)...
2026-08-21 13:52:15,727  [INFO    ]  doc_uploader - Result appeared after 25s.
2026-08-21 13:52:16,823  [INFO    ]  doc_uploader - Screenshot saved: D:\ai_doc_automation\output\screenshots\20260821_135216_result_Document10_518_page_0.png.png
2026-08-21 13:52:16,823  [INFO    ]  result_parser - Reading verdict from Overview tab...
2026-08-21 13:52:33,310  [INFO    ]  result_parser - Verdict: SUCCESS (from verdict card)
2026-08-21 13:52:33,310  [INFO    ]  result_parser - Clicking Extraction tab...
2026-08-21 13:52:35,186  [INFO    ]  result_parser - On Extraction tab.
2026-08-21 13:52:35,187  [INFO    ]  result_parser - JS parse: 14 fields
2026-08-21 13:52:35,294  [INFO    ]  doc_uploader - Screenshot saved: D:\ai_doc_automation\output\screenshots\20260821_135235_extracted_Document10_518_page_0.png.png
2026-08-21 13:52:35,586  [ERROR   ]  main - Top-level exception processing document: 'Processing Time (s)'
2026-08-21 13:52:35,586  [INFO    ]  doc_uploader - Resetting form for next submission...
2026-08-21 13:52:37,460  [INFO    ]  doc_uploader - New submission clicked — form reset.
2026-08-21 13:52:38,461  [INFO    ]  main - 
[37/161] D:\ai_doc_automation\Test Data\10th Marksheet for Testing\Document10_519_page_0.png
2026-08-21 13:52:38,461  [INFO    ]  main - ============================================================
2026-08-21 13:52:38,461  [INFO    ]  main - Processing [37/161]: Document10_519_page_0.png  |  10th Marksheet  |  Attempt 1
2026-08-21 13:52:38,462  [INFO    ]  main - ============================================================
2026-08-21 13:52:38,686  [INFO    ]  doc_uploader - Selecting document type: '10th Marksheet'
2026-08-21 13:52:38,721  [INFO    ]  doc_uploader - Selected by visible text: '10th Marksheet'
2026-08-21 13:52:38,721  [INFO    ]  doc_uploader - Ensuring 'Plain extraction' is selected...
2026-08-21 13:52:44,099  [INFO    ]  doc_uploader - Clicked Plain extraction text element.
2026-08-21 13:52:44,104  [INFO    ]  doc_uploader - Uploading file: D:\ai_doc_automation\Test Data\10th Marksheet for Testing\Document10_519_page_0.png
2026-08-21 13:52:44,109  [INFO    ]  doc_uploader - File input found via JS querySelector.
2026-08-21 13:52:56,521  [INFO    ]  doc_uploader - File uploaded successfully.
2026-08-21 13:52:56,521  [INFO    ]  doc_uploader - Pre-submit verification...
2026-08-21 13:53:06,701  [INFO    ]  doc_uploader - Ensuring 'Plain extraction' is selected...
2026-08-21 13:53:12,076  [INFO    ]  doc_uploader - Clicked Plain extraction text element.
2026-08-21 13:53:22,194  [INFO    ]  doc_uploader - Clicking 'Submit to engine'...
2026-08-21 13:53:33,631  [INFO    ]  doc_uploader - Submitted to engine. Waiting for result...
2026-08-21 13:53:33,631  [INFO    ]  doc_uploader - Waiting for engine result (timeout=90s)...
2026-08-21 13:53:58,840  [INFO    ]  doc_uploader - Result appeared after 25s.
2026-08-21 13:53:59,942  [INFO    ]  doc_uploader - Screenshot saved: D:\ai_doc_automation\output\screenshots\20260821_135359_result_Document10_519_page_0.png.png
2026-08-21 13:53:59,942  [INFO    ]  result_parser - Reading verdict from Overview tab...
2026-08-21 13:54:16,417  [INFO    ]  result_parser - Verdict: SUCCESS (from verdict card)
2026-08-21 13:54:16,417  [INFO    ]  result_parser - Clicking Extraction tab...
2026-08-21 13:54:18,299  [INFO    ]  result_parser - On Extraction tab.
2026-08-21 13:54:18,302  [INFO    ]  result_parser - JS parse: 14 fields
2026-08-21 13:54:18,409  [INFO    ]  doc_uploader - Screenshot saved: D:\ai_doc_automation\output\screenshots\20260821_135418_extracted_Document10_519_page_0.png.png
2026-08-21 13:54:18,682  [ERROR   ]  main - Top-level exception processing document: 'Processing Time (s)'
2026-08-21 13:54:18,682  [INFO    ]  doc_uploader - Resetting form for next submission...
2026-08-21 13:54:20,562  [INFO    ]  doc_uploader - New submission clicked — form reset.
2026-08-21 13:54:21,563  [INFO    ]  main - 
[38/161] D:\ai_doc_automation\Test Data\10th Marksheet for Testing\Document10_520_page_0.png
2026-08-21 13:54:21,563  [INFO    ]  main - ============================================================
2026-08-21 13:54:21,563  [INFO    ]  main - Processing [38/161]: Document10_520_page_0.png  |  10th Marksheet  |  Attempt 1
2026-08-21 13:54:21,563  [INFO    ]  main - ============================================================
2026-08-21 13:54:21,801  [INFO    ]  doc_uploader - Selecting document type: '10th Marksheet'
2026-08-21 13:54:21,844  [INFO    ]  doc_uploader - Selected by visible text: '10th Marksheet'
2026-08-21 13:54:21,845  [INFO    ]  doc_uploader - Ensuring 'Plain extraction' is selected...
2026-08-21 13:54:27,206  [INFO    ]  doc_uploader - Clicked Plain extraction text element.
2026-08-21 13:54:27,206  [INFO    ]  doc_uploader - Uploading file: D:\ai_doc_automation\Test Data\10th Marksheet for Testing\Document10_520_page_0.png
2026-08-21 13:54:27,221  [INFO    ]  doc_uploader - File input found via JS querySelector.
2026-08-21 13:54:39,562  [INFO    ]  doc_uploader - File uploaded successfully.
2026-08-21 13:54:39,562  [INFO    ]  doc_uploader - Pre-submit verification...
2026-08-21 13:54:49,684  [INFO    ]  doc_uploader - Ensuring 'Plain extraction' is selected...
2026-08-21 13:54:55,126  [INFO    ]  doc_uploader - Clicked Plain extraction text element.
2026-08-21 13:55:05,255  [INFO    ]  doc_uploader - Clicking 'Submit to engine'...
2026-08-21 13:55:16,703  [INFO    ]  doc_uploader - Submitted to engine. Waiting for result...
2026-08-21 13:55:16,704  [INFO    ]  doc_uploader - Waiting for engine result (timeout=90s)...
2026-08-21 13:55:41,864  [INFO    ]  doc_uploader - Result appeared after 25s.
2026-08-21 13:55:42,961  [INFO    ]  doc_uploader - Screenshot saved: D:\ai_doc_automation\output\screenshots\20260821_135542_result_Document10_520_page_0.png.png
2026-08-21 13:55:42,961  [INFO    ]  result_parser - Reading verdict from Overview tab...
2026-08-21 13:55:59,523  [INFO    ]  result_parser - Verdict: SUCCESS (from verdict card)
2026-08-21 13:55:59,523  [INFO    ]  result_parser - Clicking Extraction tab...
2026-08-21 13:56:01,399  [INFO    ]  result_parser - On Extraction tab.
2026-08-21 13:56:01,401  [INFO    ]  result_parser - JS parse: 14 fields
2026-08-21 13:56:01,548  [INFO    ]  doc_uploader - Screenshot saved: D:\ai_doc_automation\output\screenshots\20260821_135601_extracted_Document10_520_page_0.png.png
2026-08-21 13:56:01,816  [ERROR   ]  main - Top-level exception processing document: 'Processing Time (s)'
2026-08-21 13:56:01,816  [INFO    ]  doc_uploader - Resetting form for next submission...
2026-08-21 13:56:03,684  [INFO    ]  doc_uploader - New submission clicked — form reset.
2026-08-21 13:56:04,684  [INFO    ]  main - 
[39/161] D:\ai_doc_automation\Test Data\12th Certificate for Testing\Document11_10_page_0.png
2026-08-21 13:56:04,684  [INFO    ]  main - ============================================================
2026-08-21 13:56:04,684  [INFO    ]  main - Processing [39/161]: Document11_10_page_0.png  |  12th Marksheet  |  Attempt 1
2026-08-21 13:56:04,684  [INFO    ]  main - ============================================================
2026-08-21 13:56:04,889  [INFO    ]  doc_uploader - Selecting document type: '12th Marksheet'
2026-08-21 13:56:04,969  [INFO    ]  doc_uploader - Selected by visible text: '12th Marksheet'
2026-08-21 13:56:04,970  [INFO    ]  doc_uploader - Ensuring 'Plain extraction' is selected...
2026-08-21 13:56:10,335  [INFO    ]  doc_uploader - Clicked Plain extraction text element.
2026-08-21 13:56:10,335  [INFO    ]  doc_uploader - Uploading file: D:\ai_doc_automation\Test Data\12th Certificate for Testing\Document11_10_page_0.png
2026-08-21 13:56:10,352  [INFO    ]  doc_uploader - File input found via JS querySelector.
2026-08-21 13:56:22,790  [INFO    ]  doc_uploader - File uploaded successfully.
2026-08-21 13:56:22,790  [INFO    ]  doc_uploader - Pre-submit verification...
2026-08-21 13:56:32,873  [INFO    ]  doc_uploader - Ensuring 'Plain extraction' is selected...
2026-08-21 13:56:38,247  [INFO    ]  doc_uploader - Clicked Plain extraction text element.
2026-08-21 13:56:48,297  [INFO    ]  doc_uploader - Clicking 'Submit to engine'...
2026-08-21 13:56:59,768  [INFO    ]  doc_uploader - Submitted to engine. Waiting for result...
2026-08-21 13:56:59,768  [INFO    ]  doc_uploader - Waiting for engine result (timeout=90s)...
2026-08-21 13:57:24,996  [INFO    ]  doc_uploader - Result appeared after 25s.
2026-08-21 13:57:26,097  [INFO    ]  doc_uploader - Screenshot saved: D:\ai_doc_automation\output\screenshots\20260821_135726_result_Document11_10_page_0.png.png
2026-08-21 13:57:26,097  [INFO    ]  result_parser - Reading verdict from Overview tab...
2026-08-21 13:57:42,621  [INFO    ]  result_parser - Verdict: SUCCESS (from verdict card)
2026-08-21 13:57:42,621  [INFO    ]  result_parser - Clicking Extraction tab...
2026-08-21 13:57:44,497  [INFO    ]  result_parser - On Extraction tab.
2026-08-21 13:57:44,503  [INFO    ]  result_parser - JS parse: 13 fields
2026-08-21 13:57:44,595  [INFO    ]  doc_uploader - Screenshot saved: D:\ai_doc_automation\output\screenshots\20260821_135744_extracted_Document11_10_page_0.png.png
2026-08-21 13:57:44,595  [INFO    ]  excel_writer - Created sheet: '12th Marksheet'  headers: ['Filename', 'Document Type', 'Status', 'Error Message', 'Board Name', 'Cgpa Secured', 'Father Name', 'Grade', 'Mother Name', 'Percentage', 'Result', 'Roll Number', 'School Name', 'Stream', 'Student Name', 'Total Marks Secured', 'Year Of Passing']
2026-08-21 13:57:44,896  [ERROR   ]  main - Top-level exception processing document: 'Processing Time (s)'
2026-08-21 13:57:44,896  [INFO    ]  doc_uploader - Resetting form for next submission...
2026-08-21 13:57:46,765  [INFO    ]  doc_uploader - New submission clicked — form reset.
2026-08-21 13:57:47,766  [INFO    ]  main - 
[40/161] D:\ai_doc_automation\Test Data\12th Certificate for Testing\Document11_11_page_0.png
2026-08-21 13:57:47,766  [INFO    ]  main - ============================================================
2026-08-21 13:57:47,766  [INFO    ]  main - Processing [40/161]: Document11_11_page_0.png  |  12th Marksheet  |  Attempt 1
2026-08-21 13:57:47,767  [INFO    ]  main - ============================================================
2026-08-21 13:57:47,973  [INFO    ]  doc_uploader - Selecting document type: '12th Marksheet'
2026-08-21 13:57:48,011  [INFO    ]  doc_uploader - Selected by visible text: '12th Marksheet'
2026-08-21 13:57:48,011  [INFO    ]  doc_uploader - Ensuring 'Plain extraction' is selected...
2026-08-21 13:57:53,388  [INFO    ]  doc_uploader - Clicked Plain extraction text element.
2026-08-21 13:57:53,391  [INFO    ]  doc_uploader - Uploading file: D:\ai_doc_automation\Test Data\12th Certificate for Testing\Document11_11_page_0.png
2026-08-21 13:57:53,391  [INFO    ]  doc_uploader - File input found via JS querySelector.
2026-08-21 13:58:05,806  [INFO    ]  doc_uploader - File uploaded successfully.
2026-08-21 13:58:05,806  [INFO    ]  doc_uploader - Pre-submit verification...
2026-08-21 13:58:15,935  [INFO    ]  doc_uploader - Ensuring 'Plain extraction' is selected...
2026-08-21 13:58:21,345  [INFO    ]  doc_uploader - Clicked Plain extraction text element.
2026-08-21 13:58:31,459  [INFO    ]  doc_uploader - Clicking 'Submit to engine'...
2026-08-21 13:58:42,873  [INFO    ]  doc_uploader - Submitted to engine. Waiting for result...
2026-08-21 13:58:42,873  [INFO    ]  doc_uploader - Waiting for engine result (timeout=90s)...
2026-08-21 13:59:08,007  [INFO    ]  doc_uploader - Result appeared after 25s.
2026-08-21 13:59:09,132  [INFO    ]  doc_uploader - Screenshot saved: D:\ai_doc_automation\output\screenshots\20260821_135909_result_Document11_11_page_0.png.png
2026-08-21 13:59:09,132  [INFO    ]  result_parser - Reading verdict from Overview tab...
2026-08-21 13:59:25,662  [INFO    ]  result_parser - Verdict: SUCCESS (from verdict card)
2026-08-21 13:59:25,662  [INFO    ]  result_parser - Clicking Extraction tab...
2026-08-21 13:59:27,547  [INFO    ]  result_parser - On Extraction tab.
2026-08-21 13:59:27,548  [INFO    ]  result_parser - JS parse: 13 fields
2026-08-21 13:59:27,648  [INFO    ]  doc_uploader - Screenshot saved: D:\ai_doc_automation\output\screenshots\20260821_135927_extracted_Document11_11_page_0.png.png
2026-08-21 13:59:27,949  [ERROR   ]  main - Top-level exception processing document: 'Processing Time (s)'
2026-08-21 13:59:27,949  [INFO    ]  doc_uploader - Resetting form for next submission...
2026-08-21 13:59:29,820  [INFO    ]  doc_uploader - New submission clicked — form reset.
2026-08-21 13:59:30,821  [INFO    ]  main - 
[41/161] D:\ai_doc_automation\Test Data\12th Certificate for Testing\Document11_12_page_0.png
2026-08-21 13:59:30,821  [INFO    ]  main - ============================================================
2026-08-21 13:59:30,821  [INFO    ]  main - Processing [41/161]: Document11_12_page_0.png  |  12th Marksheet  |  Attempt 1
2026-08-21 13:59:30,821  [INFO    ]  main - ============================================================
2026-08-21 13:59:31,044  [INFO    ]  doc_uploader - Selecting document type: '12th Marksheet'
2026-08-21 13:59:31,081  [INFO    ]  doc_uploader - Selected by visible text: '12th Marksheet'
2026-08-21 13:59:31,081  [INFO    ]  doc_uploader - Ensuring 'Plain extraction' is selected...
2026-08-21 13:59:36,506  [INFO    ]  doc_uploader - Clicked Plain extraction text element.
2026-08-21 13:59:36,506  [INFO    ]  doc_uploader - Uploading file: D:\ai_doc_automation\Test Data\12th Certificate for Testing\Document11_12_page_0.png
2026-08-21 13:59:36,522  [INFO    ]  doc_uploader - File input found via JS querySelector.
2026-08-21 13:59:48,960  [INFO    ]  doc_uploader - File uploaded successfully.
2026-08-21 13:59:48,960  [INFO    ]  doc_uploader - Pre-submit verification...
2026-08-21 13:59:59,076  [INFO    ]  doc_uploader - Ensuring 'Plain extraction' is selected...
2026-08-21 14:00:04,507  [INFO    ]  doc_uploader - Clicked Plain extraction text element.
2026-08-21 14:00:14,610  [INFO    ]  doc_uploader - Clicking 'Submit to engine'...
2026-08-21 14:00:26,107  [INFO    ]  doc_uploader - Submitted to engine. Waiting for result...
2026-08-21 14:00:26,107  [INFO    ]  doc_uploader - Waiting for engine result (timeout=90s)...
2026-08-21 14:00:51,292  [INFO    ]  doc_uploader - Result appeared after 25s.
2026-08-21 14:00:52,401  [INFO    ]  doc_uploader - Screenshot saved: D:\ai_doc_automation\output\screenshots\20260821_140052_result_Document11_12_page_0.png.png
2026-08-21 14:00:52,401  [INFO    ]  result_parser - Reading verdict from Overview tab...
2026-08-21 14:01:08,854  [INFO    ]  result_parser - Verdict: SUCCESS (from verdict card)
2026-08-21 14:01:08,854  [INFO    ]  result_parser - Clicking Extraction tab...
2026-08-21 14:01:10,736  [INFO    ]  result_parser - On Extraction tab.
2026-08-21 14:01:10,736  [INFO    ]  result_parser - JS parse: 13 fields
2026-08-21 14:01:10,834  [INFO    ]  doc_uploader - Screenshot saved: D:\ai_doc_automation\output\screenshots\20260821_140110_extracted_Document11_12_page_0.png.png
2026-08-21 14:01:11,170  [ERROR   ]  main - Top-level exception processing document: 'Processing Time (s)'
2026-08-21 14:01:11,170  [INFO    ]  doc_uploader - Resetting form for next submission...
2026-08-21 14:01:13,044  [INFO    ]  doc_uploader - New submission clicked — form reset.
2026-08-21 14:01:14,044  [INFO    ]  main - 
[42/161] D:\ai_doc_automation\Test Data\12th Certificate for Testing\Document11_13_page_0.png
2026-08-21 14:01:14,044  [INFO    ]  main - ============================================================
2026-08-21 14:01:14,044  [INFO    ]  main - Processing [42/161]: Document11_13_page_0.png  |  12th Marksheet  |  Attempt 1
2026-08-21 14:01:14,044  [INFO    ]  main - ============================================================
2026-08-21 14:01:14,261  [INFO    ]  doc_uploader - Selecting document type: '12th Marksheet'
2026-08-21 14:01:14,299  [INFO    ]  doc_uploader - Selected by visible text: '12th Marksheet'
2026-08-21 14:01:14,299  [INFO    ]  doc_uploader - Ensuring 'Plain extraction' is selected...
2026-08-21 14:01:19,674  [INFO    ]  doc_uploader - Clicked Plain extraction text element.
2026-08-21 14:01:19,674  [INFO    ]  doc_uploader - Uploading file: D:\ai_doc_automation\Test Data\12th Certificate for Testing\Document11_13_page_0.png
2026-08-21 14:01:19,683  [INFO    ]  doc_uploader - File input found via JS querySelector.
2026-08-21 14:01:32,092  [INFO    ]  doc_uploader - File uploaded successfully.
2026-08-21 14:01:32,092  [INFO    ]  doc_uploader - Pre-submit verification...
2026-08-21 14:01:42,256  [INFO    ]  doc_uploader - Ensuring 'Plain extraction' is selected...
2026-08-21 14:01:47,676  [INFO    ]  doc_uploader - Clicked Plain extraction text element.
2026-08-21 14:01:57,774  [INFO    ]  doc_uploader - Clicking 'Submit to engine'...
2026-08-21 14:02:09,275  [INFO    ]  doc_uploader - Submitted to engine. Waiting for result...
2026-08-21 14:02:09,275  [INFO    ]  doc_uploader - Waiting for engine result (timeout=90s)...
2026-08-21 14:02:11,036  [INFO    ]  doc_uploader - Result appeared after 0s.
2026-08-21 14:02:12,140  [INFO    ]  doc_uploader - Screenshot saved: D:\ai_doc_automation\output\screenshots\20260821_140212_result_Document11_13_page_0.png.png
2026-08-21 14:02:12,140  [INFO    ]  result_parser - Reading verdict from Overview tab...
2026-08-21 14:02:28,670  [INFO    ]  result_parser - Verdict: SUCCESS (from verdict card)
2026-08-21 14:02:28,670  [INFO    ]  result_parser - Clicking Extraction tab...
2026-08-21 14:02:30,555  [INFO    ]  result_parser - On Extraction tab.
2026-08-21 14:02:30,559  [INFO    ]  result_parser - JS parse: 13 fields
2026-08-21 14:02:30,674  [INFO    ]  doc_uploader - Screenshot saved: D:\ai_doc_automation\output\screenshots\20260821_140230_extracted_Document11_13_page_0.png.png
2026-08-21 14:02:30,976  [ERROR   ]  main - Top-level exception processing document: 'Processing Time (s)'
2026-08-21 14:02:30,976  [INFO    ]  doc_uploader - Resetting form for next submission...
2026-08-21 14:02:32,858  [INFO    ]  doc_uploader - New submission clicked — form reset.
2026-08-21 14:02:33,859  [INFO    ]  main - 
[43/161] D:\ai_doc_automation\Test Data\12th Certificate for Testing\Document11_14_page_0.png
2026-08-21 14:02:33,859  [INFO    ]  main - ============================================================
2026-08-21 14:02:33,859  [INFO    ]  main - Processing [43/161]: Document11_14_page_0.png  |  12th Marksheet  |  Attempt 1
2026-08-21 14:02:33,859  [INFO    ]  main - ============================================================
2026-08-21 14:02:34,094  [INFO    ]  doc_uploader - Selecting document type: '12th Marksheet'
2026-08-21 14:02:34,144  [INFO    ]  doc_uploader - Selected by visible text: '12th Marksheet'
2026-08-21 14:02:34,144  [INFO    ]  doc_uploader - Ensuring 'Plain extraction' is selected...
2026-08-21 14:02:39,506  [INFO    ]  doc_uploader - Clicked Plain extraction text element.
2026-08-21 14:02:39,506  [INFO    ]  doc_uploader - Uploading file: D:\ai_doc_automation\Test Data\12th Certificate for Testing\Document11_14_page_0.png
2026-08-21 14:02:39,522  [INFO    ]  doc_uploader - File input found via JS querySelector.
2026-08-21 14:02:51,911  [INFO    ]  doc_uploader - File uploaded successfully.
2026-08-21 14:02:51,911  [INFO    ]  doc_uploader - Pre-submit verification...
2026-08-21 14:03:02,081  [INFO    ]  doc_uploader - Ensuring 'Plain extraction' is selected...
2026-08-21 14:03:07,450  [INFO    ]  doc_uploader - Clicked Plain extraction text element.
2026-08-21 14:03:17,509  [INFO    ]  doc_uploader - Clicking 'Submit to engine'...
2026-08-21 14:03:28,963  [INFO    ]  doc_uploader - Submitted to engine. Waiting for result...
2026-08-21 14:03:28,963  [INFO    ]  doc_uploader - Waiting for engine result (timeout=90s)...
2026-08-21 14:03:54,230  [INFO    ]  doc_uploader - Result appeared after 25s.
2026-08-21 14:03:55,358  [INFO    ]  doc_uploader - Screenshot saved: D:\ai_doc_automation\output\screenshots\20260821_140355_result_Document11_14_page_0.png.png
2026-08-21 14:03:55,358  [INFO    ]  result_parser - Reading verdict from Overview tab...
2026-08-21 14:04:11,841  [INFO    ]  result_parser - Verdict: SUCCESS (from verdict card)
2026-08-21 14:04:11,841  [INFO    ]  result_parser - Clicking Extraction tab...
2026-08-21 14:04:13,708  [INFO    ]  result_parser - On Extraction tab.
2026-08-21 14:04:13,708  [INFO    ]  result_parser - JS parse: 13 fields
2026-08-21 14:04:13,820  [INFO    ]  doc_uploader - Screenshot saved: D:\ai_doc_automation\output\screenshots\20260821_140413_extracted_Document11_14_page_0.png.png
2026-08-21 14:04:14,124  [ERROR   ]  main - Top-level exception processing document: 'Processing Time (s)'
2026-08-21 14:04:14,124  [INFO    ]  doc_uploader - Resetting form for next submission...
2026-08-21 14:04:16,012  [INFO    ]  doc_uploader - New submission clicked — form reset.
2026-08-21 14:04:17,012  [INFO    ]  main - 
[44/161] D:\ai_doc_automation\Test Data\12th Certificate for Testing\Document11_15_page_0.png
2026-08-21 14:04:17,012  [INFO    ]  main - ============================================================
2026-08-21 14:04:17,012  [INFO    ]  main - Processing [44/161]: Document11_15_page_0.png  |  12th Marksheet  |  Attempt 1
2026-08-21 14:04:17,012  [INFO    ]  main - ============================================================
2026-08-21 14:04:17,247  [INFO    ]  doc_uploader - Selecting document type: '12th Marksheet'
2026-08-21 14:04:17,276  [INFO    ]  doc_uploader - Selected by visible text: '12th Marksheet'
2026-08-21 14:04:17,276  [INFO    ]  doc_uploader - Ensuring 'Plain extraction' is selected...
2026-08-21 14:04:22,702  [INFO    ]  doc_uploader - Clicked Plain extraction text element.
2026-08-21 14:04:22,702  [INFO    ]  doc_uploader - Uploading file: D:\ai_doc_automation\Test Data\12th Certificate for Testing\Document11_15_page_0.png
2026-08-21 14:04:22,702  [INFO    ]  doc_uploader - File input found via JS querySelector.
2026-08-21 14:04:35,120  [INFO    ]  doc_uploader - File uploaded successfully.
2026-08-21 14:04:35,120  [INFO    ]  doc_uploader - Pre-submit verification...
2026-08-21 14:04:45,239  [INFO    ]  doc_uploader - Ensuring 'Plain extraction' is selected...
2026-08-21 14:04:50,633  [INFO    ]  doc_uploader - Clicked Plain extraction text element.
2026-08-21 14:05:00,725  [INFO    ]  doc_uploader - Clicking 'Submit to engine'...
2026-08-21 14:05:12,132  [INFO    ]  doc_uploader - Submitted to engine. Waiting for result...
2026-08-21 14:05:12,132  [INFO    ]  doc_uploader - Waiting for engine result (timeout=90s)...
2026-08-21 14:05:37,413  [INFO    ]  doc_uploader - Result appeared after 25s.
2026-08-21 14:05:38,544  [INFO    ]  doc_uploader - Screenshot saved: D:\ai_doc_automation\output\screenshots\20260821_140538_result_Document11_15_page_0.png.png
2026-08-21 14:05:38,560  [INFO    ]  result_parser - Reading verdict from Overview tab...
2026-08-21 14:05:55,000  [INFO    ]  result_parser - Verdict: SUCCESS (from verdict card)
2026-08-21 14:05:55,000  [INFO    ]  result_parser - Clicking Extraction tab...
2026-08-21 14:05:56,873  [INFO    ]  result_parser - On Extraction tab.
2026-08-21 14:05:56,873  [INFO    ]  result_parser - JS parse: 13 fields
2026-08-21 14:05:56,978  [INFO    ]  doc_uploader - Screenshot saved: D:\ai_doc_automation\output\screenshots\20260821_140556_extracted_Document11_15_page_0.png.png
2026-08-21 14:05:57,300  [ERROR   ]  main - Top-level exception processing document: 'Processing Time (s)'
2026-08-21 14:05:57,300  [INFO    ]  doc_uploader - Resetting form for next submission...
2026-08-21 14:05:59,172  [INFO    ]  doc_uploader - New submission clicked — form reset.
2026-08-21 14:06:00,173  [INFO    ]  main - 
[45/161] D:\ai_doc_automation\Test Data\12th Certificate for Testing\Document11_16_page_0.png
2026-08-21 14:06:00,173  [INFO    ]  main - ============================================================
2026-08-21 14:06:00,174  [INFO    ]  main - Processing [45/161]: Document11_16_page_0.png  |  12th Marksheet  |  Attempt 1
2026-08-21 14:06:00,174  [INFO    ]  main - ============================================================
2026-08-21 14:06:00,390  [INFO    ]  doc_uploader - Selecting document type: '12th Marksheet'
2026-08-21 14:06:00,443  [INFO    ]  doc_uploader - Selected by visible text: '12th Marksheet'
2026-08-21 14:06:00,443  [INFO    ]  doc_uploader - Ensuring 'Plain extraction' is selected...
2026-08-21 14:06:05,826  [INFO    ]  doc_uploader - Clicked Plain extraction text element.
2026-08-21 14:06:05,826  [INFO    ]  doc_uploader - Uploading file: D:\ai_doc_automation\Test Data\12th Certificate for Testing\Document11_16_page_0.png
2026-08-21 14:06:05,826  [INFO    ]  doc_uploader - File input found via JS querySelector.
2026-08-21 14:06:18,235  [INFO    ]  doc_uploader - File uploaded successfully.
2026-08-21 14:06:18,235  [INFO    ]  doc_uploader - Pre-submit verification...
2026-08-21 14:06:28,362  [INFO    ]  doc_uploader - Ensuring 'Plain extraction' is selected...
2026-08-21 14:06:33,758  [INFO    ]  doc_uploader - Clicked Plain extraction text element.
2026-08-21 14:06:43,839  [INFO    ]  doc_uploader - Clicking 'Submit to engine'...
2026-08-21 14:06:55,352  [INFO    ]  doc_uploader - Submitted to engine. Waiting for result...
2026-08-21 14:06:55,352  [INFO    ]  doc_uploader - Waiting for engine result (timeout=90s)...
2026-08-21 14:07:20,592  [INFO    ]  doc_uploader - Result appeared after 25s.
2026-08-21 14:07:21,697  [INFO    ]  doc_uploader - Screenshot saved: D:\ai_doc_automation\output\screenshots\20260821_140721_result_Document11_16_page_0.png.png
2026-08-21 14:07:21,697  [INFO    ]  result_parser - Reading verdict from Overview tab...
2026-08-21 14:07:38,209  [INFO    ]  result_parser - Verdict: SUCCESS (from verdict card)
2026-08-21 14:07:38,209  [INFO    ]  result_parser - Clicking Extraction tab...
2026-08-21 14:07:40,086  [INFO    ]  result_parser - On Extraction tab.
2026-08-21 14:07:40,086  [INFO    ]  result_parser - JS parse: 13 fields
2026-08-21 14:07:40,197  [INFO    ]  doc_uploader - Screenshot saved: D:\ai_doc_automation\output\screenshots\20260821_140740_extracted_Document11_16_page_0.png.png
2026-08-21 14:07:40,487  [ERROR   ]  main - Top-level exception processing document: 'Processing Time (s)'
2026-08-21 14:07:40,487  [INFO    ]  doc_uploader - Resetting form for next submission...
2026-08-21 14:07:42,365  [INFO    ]  doc_uploader - New submission clicked — form reset.
2026-08-21 14:07:43,366  [INFO    ]  main - 
[46/161] D:\ai_doc_automation\Test Data\12th Certificate for Testing\Document11_17_page_0.png
2026-08-21 14:07:43,366  [INFO    ]  main - ============================================================
2026-08-21 14:07:43,366  [INFO    ]  main - Processing [46/161]: Document11_17_page_0.png  |  12th Marksheet  |  Attempt 1
2026-08-21 14:07:43,366  [INFO    ]  main - ============================================================
2026-08-21 14:07:43,573  [INFO    ]  doc_uploader - Selecting document type: '12th Marksheet'
2026-08-21 14:07:43,613  [INFO    ]  doc_uploader - Selected by visible text: '12th Marksheet'
2026-08-21 14:07:43,613  [INFO    ]  doc_uploader - Ensuring 'Plain extraction' is selected...
2026-08-21 14:07:49,053  [INFO    ]  doc_uploader - Clicked Plain extraction text element.
2026-08-21 14:07:49,055  [INFO    ]  doc_uploader - Uploading file: D:\ai_doc_automation\Test Data\12th Certificate for Testing\Document11_17_page_0.png
2026-08-21 14:07:49,061  [INFO    ]  doc_uploader - File input found via JS querySelector.
2026-08-21 14:08:01,467  [INFO    ]  doc_uploader - File uploaded successfully.
2026-08-21 14:08:01,467  [INFO    ]  doc_uploader - Pre-submit verification...
2026-08-21 14:08:11,623  [INFO    ]  doc_uploader - Ensuring 'Plain extraction' is selected...
2026-08-21 14:08:16,999  [INFO    ]  doc_uploader - Clicked Plain extraction text element.
2026-08-21 14:08:27,064  [INFO    ]  doc_uploader - Clicking 'Submit to engine'...
2026-08-21 14:08:38,521  [INFO    ]  doc_uploader - Submitted to engine. Waiting for result...
2026-08-21 14:08:38,521  [INFO    ]  doc_uploader - Waiting for engine result (timeout=90s)...
2026-08-21 14:08:39,187  [INFO    ]  doc_uploader - Result appeared after 0s.
2026-08-21 14:08:40,303  [INFO    ]  doc_uploader - Screenshot saved: D:\ai_doc_automation\output\screenshots\20260821_140840_result_Document11_17_page_0.png.png
2026-08-21 14:08:40,303  [INFO    ]  result_parser - Reading verdict from Overview tab...
2026-08-21 14:08:56,842  [INFO    ]  result_parser - Verdict: SUCCESS (from verdict card)
2026-08-21 14:08:56,842  [INFO    ]  result_parser - Clicking Extraction tab...
2026-08-21 14:08:58,717  [INFO    ]  result_parser - On Extraction tab.
2026-08-21 14:08:58,717  [INFO    ]  result_parser - JS parse: 13 fields
2026-08-21 14:08:58,821  [INFO    ]  doc_uploader - Screenshot saved: D:\ai_doc_automation\output\screenshots\20260821_140858_extracted_Document11_17_page_0.png.png
2026-08-21 14:08:59,144  [ERROR   ]  main - Top-level exception processing document: 'Processing Time (s)'
2026-08-21 14:08:59,144  [INFO    ]  doc_uploader - Resetting form for next submission...
2026-08-21 14:09:01,023  [INFO    ]  doc_uploader - New submission clicked — form reset.
2026-08-21 14:09:02,024  [INFO    ]  main - 
[47/161] D:\ai_doc_automation\Test Data\12th Certificate for Testing\Document11_18_page_0.png
2026-08-21 14:09:02,024  [INFO    ]  main - ============================================================
2026-08-21 14:09:02,024  [INFO    ]  main - Processing [47/161]: Document11_18_page_0.png  |  12th Marksheet  |  Attempt 1
2026-08-21 14:09:02,024  [INFO    ]  main - ============================================================
2026-08-21 14:09:02,246  [INFO    ]  doc_uploader - Selecting document type: '12th Marksheet'
2026-08-21 14:09:02,301  [INFO    ]  doc_uploader - Selected by visible text: '12th Marksheet'
2026-08-21 14:09:02,301  [INFO    ]  doc_uploader - Ensuring 'Plain extraction' is selected...
2026-08-21 14:09:07,733  [INFO    ]  doc_uploader - Clicked Plain extraction text element.
2026-08-21 14:09:07,733  [INFO    ]  doc_uploader - Uploading file: D:\ai_doc_automation\Test Data\12th Certificate for Testing\Document11_18_page_0.png
2026-08-21 14:09:07,733  [INFO    ]  doc_uploader - File input found via JS querySelector.
2026-08-21 14:09:20,170  [INFO    ]  doc_uploader - File uploaded successfully.
2026-08-21 14:09:20,170  [INFO    ]  doc_uploader - Pre-submit verification...
2026-08-21 14:09:30,281  [INFO    ]  doc_uploader - Ensuring 'Plain extraction' is selected...
2026-08-21 14:09:35,698  [INFO    ]  doc_uploader - Clicked Plain extraction text element.
2026-08-21 14:09:45,742  [INFO    ]  doc_uploader - Clicking 'Submit to engine'...
2026-08-21 14:09:57,210  [INFO    ]  doc_uploader - Submitted to engine. Waiting for result...
2026-08-21 14:09:57,210  [INFO    ]  doc_uploader - Waiting for engine result (timeout=90s)...
2026-08-21 14:10:22,354  [INFO    ]  doc_uploader - Result appeared after 25s.
2026-08-21 14:10:23,488  [INFO    ]  doc_uploader - Screenshot saved: D:\ai_doc_automation\output\screenshots\20260821_141023_result_Document11_18_page_0.png.png
2026-08-21 14:10:23,488  [INFO    ]  result_parser - Reading verdict from Overview tab...
2026-08-21 14:10:39,985  [INFO    ]  result_parser - Verdict: SUCCESS (from verdict card)
2026-08-21 14:10:39,985  [INFO    ]  result_parser - Clicking Extraction tab...
2026-08-21 14:10:41,855  [INFO    ]  result_parser - On Extraction tab.
2026-08-21 14:10:41,855  [INFO    ]  result_parser - JS parse: 13 fields
2026-08-21 14:10:41,973  [INFO    ]  doc_uploader - Screenshot saved: D:\ai_doc_automation\output\screenshots\20260821_141041_extracted_Document11_18_page_0.png.png
2026-08-21 14:10:42,275  [ERROR   ]  main - Top-level exception processing document: 'Processing Time (s)'
2026-08-21 14:10:42,275  [INFO    ]  doc_uploader - Resetting form for next submission...
2026-08-21 14:10:44,144  [INFO    ]  doc_uploader - New submission clicked — form reset.
2026-08-21 14:10:45,145  [INFO    ]  main - 
[48/161] D:\ai_doc_automation\Test Data\12th Certificate for Testing\Document11_19_page_0.png
2026-08-21 14:10:45,145  [INFO    ]  main - ============================================================
2026-08-21 14:10:45,145  [INFO    ]  main - Processing [48/161]: Document11_19_page_0.png  |  12th Marksheet  |  Attempt 1
2026-08-21 14:10:45,145  [INFO    ]  main - ============================================================
2026-08-21 14:10:45,348  [INFO    ]  doc_uploader - Selecting document type: '12th Marksheet'
2026-08-21 14:10:45,387  [INFO    ]  doc_uploader - Selected by visible text: '12th Marksheet'
2026-08-21 14:10:45,387  [INFO    ]  doc_uploader - Ensuring 'Plain extraction' is selected...
2026-08-21 14:10:50,792  [INFO    ]  doc_uploader - Clicked Plain extraction text element.
2026-08-21 14:10:50,792  [INFO    ]  doc_uploader - Uploading file: D:\ai_doc_automation\Test Data\12th Certificate for Testing\Document11_19_page_0.png
2026-08-21 14:10:50,792  [INFO    ]  doc_uploader - File input found via JS querySelector.
2026-08-21 14:11:03,210  [INFO    ]  doc_uploader - File uploaded successfully.
2026-08-21 14:11:03,210  [INFO    ]  doc_uploader - Pre-submit verification...
2026-08-21 14:11:13,349  [INFO    ]  doc_uploader - Ensuring 'Plain extraction' is selected...
2026-08-21 14:11:18,727  [INFO    ]  doc_uploader - Clicked Plain extraction text element.
2026-08-21 14:11:28,760  [INFO    ]  doc_uploader - Clicking 'Submit to engine'...
2026-08-21 14:11:40,246  [INFO    ]  doc_uploader - Submitted to engine. Waiting for result...
2026-08-21 14:11:40,246  [INFO    ]  doc_uploader - Waiting for engine result (timeout=90s)...
2026-08-21 14:12:05,434  [INFO    ]  doc_uploader - Result appeared after 25s.
2026-08-21 14:12:06,540  [INFO    ]  doc_uploader - Screenshot saved: D:\ai_doc_automation\output\screenshots\20260821_141206_result_Document11_19_page_0.png.png
2026-08-21 14:12:06,540  [INFO    ]  result_parser - Reading verdict from Overview tab...
2026-08-21 14:12:23,023  [INFO    ]  result_parser - Verdict: SUCCESS (from verdict card)
2026-08-21 14:12:23,026  [INFO    ]  result_parser - Clicking Extraction tab...
2026-08-21 14:12:24,898  [INFO    ]  result_parser - On Extraction tab.
2026-08-21 14:12:24,905  [INFO    ]  result_parser - JS parse: 13 fields
2026-08-21 14:12:25,041  [INFO    ]  doc_uploader - Screenshot saved: D:\ai_doc_automation\output\screenshots\20260821_141224_extracted_Document11_19_page_0.png.png
2026-08-21 14:12:25,346  [ERROR   ]  main - Top-level exception processing document: 'Processing Time (s)'
2026-08-21 14:12:25,346  [INFO    ]  doc_uploader - Resetting form for next submission...
2026-08-21 14:12:27,228  [INFO    ]  doc_uploader - New submission clicked — form reset.
2026-08-21 14:12:28,229  [INFO    ]  main - 
[49/161] D:\ai_doc_automation\Test Data\12th Certificate for Testing\Document11_1_page_0.png
2026-08-21 14:12:28,229  [INFO    ]  main - ============================================================
2026-08-21 14:12:28,229  [INFO    ]  main - Processing [49/161]: Document11_1_page_0.png  |  12th Marksheet  |  Attempt 1
2026-08-21 14:12:28,229  [INFO    ]  main - ============================================================
2026-08-21 14:12:28,434  [INFO    ]  doc_uploader - Selecting document type: '12th Marksheet'
2026-08-21 14:12:28,471  [INFO    ]  doc_uploader - Selected by visible text: '12th Marksheet'
2026-08-21 14:12:28,471  [INFO    ]  doc_uploader - Ensuring 'Plain extraction' is selected...
2026-08-21 14:12:33,897  [INFO    ]  doc_uploader - Clicked Plain extraction text element.
2026-08-21 14:12:33,899  [INFO    ]  doc_uploader - Uploading file: D:\ai_doc_automation\Test Data\12th Certificate for Testing\Document11_1_page_0.png
2026-08-21 14:12:33,904  [INFO    ]  doc_uploader - File input found via JS querySelector.
2026-08-21 14:12:46,325  [INFO    ]  doc_uploader - File uploaded successfully.
2026-08-21 14:12:46,325  [INFO    ]  doc_uploader - Pre-submit verification...
2026-08-21 14:12:56,470  [INFO    ]  doc_uploader - Ensuring 'Plain extraction' is selected...
2026-08-21 14:13:01,882  [INFO    ]  doc_uploader - Clicked Plain extraction text element.
2026-08-21 14:13:11,991  [INFO    ]  doc_uploader - Clicking 'Submit to engine'...
2026-08-21 14:13:23,498  [INFO    ]  doc_uploader - Submitted to engine. Waiting for result...
2026-08-21 14:13:23,498  [INFO    ]  doc_uploader - Waiting for engine result (timeout=90s)...
2026-08-21 14:13:48,723  [INFO    ]  doc_uploader - Result appeared after 25s.
2026-08-21 14:13:49,827  [INFO    ]  doc_uploader - Screenshot saved: D:\ai_doc_automation\output\screenshots\20260821_141349_result_Document11_1_page_0.png.png
2026-08-21 14:13:49,827  [INFO    ]  result_parser - Reading verdict from Overview tab...
2026-08-21 14:14:06,310  [INFO    ]  result_parser - Verdict: SUCCESS (from verdict card)
2026-08-21 14:14:06,310  [INFO    ]  result_parser - Clicking Extraction tab...
2026-08-21 14:14:08,177  [INFO    ]  result_parser - On Extraction tab.
2026-08-21 14:14:08,177  [INFO    ]  result_parser - JS parse: 13 fields
2026-08-21 14:14:08,275  [INFO    ]  doc_uploader - Screenshot saved: D:\ai_doc_automation\output\screenshots\20260821_141408_extracted_Document11_1_page_0.png.png
2026-08-21 14:14:08,596  [ERROR   ]  main - Top-level exception processing document: 'Processing Time (s)'
2026-08-21 14:14:08,596  [INFO    ]  doc_uploader - Resetting form for next submission...
2026-08-21 14:14:10,471  [INFO    ]  doc_uploader - New submission clicked — form reset.
2026-08-21 14:14:11,472  [INFO    ]  main - 
[50/161] D:\ai_doc_automation\Test Data\12th Certificate for Testing\Document11_2_page_0.png
2026-08-21 14:14:11,472  [INFO    ]  main - ============================================================
2026-08-21 14:14:11,472  [INFO    ]  main - Processing [50/161]: Document11_2_page_0.png  |  12th Marksheet  |  Attempt 1
2026-08-21 14:14:11,472  [INFO    ]  main - ============================================================
2026-08-21 14:14:11,670  [INFO    ]  doc_uploader - Selecting document type: '12th Marksheet'
2026-08-21 14:14:11,707  [INFO    ]  doc_uploader - Selected by visible text: '12th Marksheet'
2026-08-21 14:14:11,707  [INFO    ]  doc_uploader - Ensuring 'Plain extraction' is selected...
2026-08-21 14:14:17,088  [INFO    ]  doc_uploader - Clicked Plain extraction text element.
2026-08-21 14:14:17,088  [INFO    ]  doc_uploader - Uploading file: D:\ai_doc_automation\Test Data\12th Certificate for Testing\Document11_2_page_0.png
2026-08-21 14:14:17,103  [INFO    ]  doc_uploader - File input found via JS querySelector.
2026-08-21 14:14:29,502  [INFO    ]  doc_uploader - File uploaded successfully.
2026-08-21 14:14:29,502  [INFO    ]  doc_uploader - Pre-submit verification...
2026-08-21 14:14:39,712  [INFO    ]  doc_uploader - Ensuring 'Plain extraction' is selected...
2026-08-21 14:14:45,152  [INFO    ]  doc_uploader - Clicked Plain extraction text element.
2026-08-21 14:14:55,235  [INFO    ]  doc_uploader - Clicking 'Submit to engine'...
2026-08-21 14:15:06,651  [INFO    ]  doc_uploader - Submitted to engine. Waiting for result...
2026-08-21 14:15:06,651  [INFO    ]  doc_uploader - Waiting for engine result (timeout=90s)...
2026-08-21 14:15:31,877  [INFO    ]  doc_uploader - Result appeared after 25s.
2026-08-21 14:15:33,014  [INFO    ]  doc_uploader - Screenshot saved: D:\ai_doc_automation\output\screenshots\20260821_141532_result_Document11_2_page_0.png.png
2026-08-21 14:15:33,014  [INFO    ]  result_parser - Reading verdict from Overview tab...
2026-08-21 14:15:49,513  [INFO    ]  result_parser - Verdict: SUCCESS (from verdict card)
2026-08-21 14:15:49,513  [INFO    ]  result_parser - Clicking Extraction tab...
2026-08-21 14:15:51,380  [INFO    ]  result_parser - On Extraction tab.
2026-08-21 14:15:51,380  [INFO    ]  result_parser - JS parse: 13 fields
2026-08-21 14:15:51,478  [INFO    ]  doc_uploader - Screenshot saved: D:\ai_doc_automation\output\screenshots\20260821_141551_extracted_Document11_2_page_0.png.png
2026-08-21 14:15:51,773  [ERROR   ]  main - Top-level exception processing document: 'Processing Time (s)'
2026-08-21 14:15:51,773  [INFO    ]  doc_uploader - Resetting form for next submission...
2026-08-21 14:15:53,651  [INFO    ]  doc_uploader - New submission clicked — form reset.
2026-08-21 14:15:54,652  [INFO    ]  main - 
[51/161] D:\ai_doc_automation\Test Data\12th Certificate for Testing\Document11_3_page_0.png
2026-08-21 14:15:54,652  [INFO    ]  main - ============================================================
2026-08-21 14:15:54,652  [INFO    ]  main - Processing [51/161]: Document11_3_page_0.png  |  12th Marksheet  |  Attempt 1
2026-08-21 14:15:54,652  [INFO    ]  main - ============================================================
2026-08-21 14:15:54,855  [INFO    ]  doc_uploader - Selecting document type: '12th Marksheet'
2026-08-21 14:15:54,893  [INFO    ]  doc_uploader - Selected by visible text: '12th Marksheet'
2026-08-21 14:15:54,893  [INFO    ]  doc_uploader - Ensuring 'Plain extraction' is selected...
2026-08-21 14:16:00,276  [INFO    ]  doc_uploader - Clicked Plain extraction text element.
2026-08-21 14:16:00,277  [INFO    ]  doc_uploader - Uploading file: D:\ai_doc_automation\Test Data\12th Certificate for Testing\Document11_3_page_0.png
2026-08-21 14:16:00,282  [INFO    ]  doc_uploader - File input found via JS querySelector.
2026-08-21 14:16:12,719  [INFO    ]  doc_uploader - File uploaded successfully.
2026-08-21 14:16:12,721  [INFO    ]  doc_uploader - Pre-submit verification...
2026-08-21 14:16:22,903  [INFO    ]  doc_uploader - Ensuring 'Plain extraction' is selected...
2026-08-21 14:16:28,314  [INFO    ]  doc_uploader - Clicked Plain extraction text element.
2026-08-21 14:16:38,443  [INFO    ]  doc_uploader - Clicking 'Submit to engine'...
2026-08-21 14:16:49,937  [INFO    ]  doc_uploader - Submitted to engine. Waiting for result...
2026-08-21 14:16:49,937  [INFO    ]  doc_uploader - Waiting for engine result (timeout=90s)...
2026-08-21 14:17:15,132  [INFO    ]  doc_uploader - Result appeared after 25s.
2026-08-21 14:17:16,262  [INFO    ]  doc_uploader - Screenshot saved: D:\ai_doc_automation\output\screenshots\20260821_141716_result_Document11_3_page_0.png.png
2026-08-21 14:17:16,262  [INFO    ]  result_parser - Reading verdict from Overview tab...
2026-08-21 14:17:32,758  [INFO    ]  result_parser - Verdict: SUCCESS (from verdict card)
2026-08-21 14:17:32,758  [INFO    ]  result_parser - Clicking Extraction tab...
2026-08-21 14:17:34,641  [INFO    ]  result_parser - On Extraction tab.
2026-08-21 14:17:34,641  [INFO    ]  result_parser - JS parse: 13 fields
2026-08-21 14:17:34,747  [INFO    ]  doc_uploader - Screenshot saved: D:\ai_doc_automation\output\screenshots\20260821_141734_extracted_Document11_3_page_0.png.png
2026-08-21 14:17:35,056  [ERROR   ]  main - Top-level exception processing document: 'Processing Time (s)'
2026-08-21 14:17:35,056  [INFO    ]  doc_uploader - Resetting form for next submission...
2026-08-21 14:17:36,932  [INFO    ]  doc_uploader - New submission clicked — form reset.
2026-08-21 14:17:37,933  [INFO    ]  main - 
[52/161] D:\ai_doc_automation\Test Data\12th Certificate for Testing\Document11_4_page_0.png
2026-08-21 14:17:37,933  [INFO    ]  main - ============================================================
2026-08-21 14:17:37,933  [INFO    ]  main - Processing [52/161]: Document11_4_page_0.png  |  12th Marksheet  |  Attempt 1
2026-08-21 14:17:37,933  [INFO    ]  main - ============================================================
2026-08-21 14:17:38,161  [INFO    ]  doc_uploader - Selecting document type: '12th Marksheet'
2026-08-21 14:17:38,198  [INFO    ]  doc_uploader - Selected by visible text: '12th Marksheet'
2026-08-21 14:17:38,198  [INFO    ]  doc_uploader - Ensuring 'Plain extraction' is selected...
2026-08-21 14:17:43,585  [INFO    ]  doc_uploader - Clicked Plain extraction text element.
2026-08-21 14:17:43,586  [INFO    ]  doc_uploader - Uploading file: D:\ai_doc_automation\Test Data\12th Certificate for Testing\Document11_4_page_0.png
2026-08-21 14:17:43,586  [INFO    ]  doc_uploader - File input found via JS querySelector.
2026-08-21 14:17:55,992  [INFO    ]  doc_uploader - File uploaded successfully.
2026-08-21 14:17:55,992  [INFO    ]  doc_uploader - Pre-submit verification...
2026-08-21 14:18:06,167  [INFO    ]  doc_uploader - Ensuring 'Plain extraction' is selected...
2026-08-21 14:18:11,587  [INFO    ]  doc_uploader - Clicked Plain extraction text element.
2026-08-21 14:18:21,702  [INFO    ]  doc_uploader - Clicking 'Submit to engine'...
2026-08-21 14:18:33,172  [INFO    ]  doc_uploader - Submitted to engine. Waiting for result...
2026-08-21 14:18:33,172  [INFO    ]  doc_uploader - Waiting for engine result (timeout=90s)...
2026-08-21 14:18:58,324  [INFO    ]  doc_uploader - Result appeared after 25s.
2026-08-21 14:18:59,450  [INFO    ]  doc_uploader - Screenshot saved: D:\ai_doc_automation\output\screenshots\20260821_141859_result_Document11_4_page_0.png.png
2026-08-21 14:18:59,450  [INFO    ]  result_parser - Reading verdict from Overview tab...
2026-08-21 14:19:15,935  [INFO    ]  result_parser - Verdict: SUCCESS (from verdict card)
2026-08-21 14:19:15,935  [INFO    ]  result_parser - Clicking Extraction tab...
2026-08-21 14:19:17,809  [INFO    ]  result_parser - On Extraction tab.
2026-08-21 14:19:17,812  [INFO    ]  result_parser - JS parse: 13 fields
2026-08-21 14:19:17,918  [INFO    ]  doc_uploader - Screenshot saved: D:\ai_doc_automation\output\screenshots\20260821_141917_extracted_Document11_4_page_0.png.png
2026-08-21 14:19:18,222  [ERROR   ]  main - Top-level exception processing document: 'Processing Time (s)'
2026-08-21 14:19:18,222  [INFO    ]  doc_uploader - Resetting form for next submission...
2026-08-21 14:19:20,101  [INFO    ]  doc_uploader - New submission clicked — form reset.
2026-08-21 14:19:21,102  [INFO    ]  main - 
[53/161] D:\ai_doc_automation\Test Data\12th Certificate for Testing\Document11_5_page_0.png
2026-08-21 14:19:21,102  [INFO    ]  main - ============================================================
2026-08-21 14:19:21,102  [INFO    ]  main - Processing [53/161]: Document11_5_page_0.png  |  12th Marksheet  |  Attempt 1
2026-08-21 14:19:21,102  [INFO    ]  main - ============================================================
2026-08-21 14:19:21,311  [INFO    ]  doc_uploader - Selecting document type: '12th Marksheet'
2026-08-21 14:19:21,348  [INFO    ]  doc_uploader - Selected by visible text: '12th Marksheet'
2026-08-21 14:19:21,348  [INFO    ]  doc_uploader - Ensuring 'Plain extraction' is selected...
2026-08-21 14:19:26,758  [INFO    ]  doc_uploader - Clicked Plain extraction text element.
2026-08-21 14:19:26,758  [INFO    ]  doc_uploader - Uploading file: D:\ai_doc_automation\Test Data\12th Certificate for Testing\Document11_5_page_0.png
2026-08-21 14:19:26,765  [INFO    ]  doc_uploader - File input found via JS querySelector.
2026-08-21 14:19:39,183  [INFO    ]  doc_uploader - File uploaded successfully.
2026-08-21 14:19:39,183  [INFO    ]  doc_uploader - Pre-submit verification...
2026-08-21 14:19:49,313  [INFO    ]  doc_uploader - Ensuring 'Plain extraction' is selected...
2026-08-21 14:19:54,711  [INFO    ]  doc_uploader - Clicked Plain extraction text element.
2026-08-21 14:20:04,806  [INFO    ]  doc_uploader - Clicking 'Submit to engine'...
2026-08-21 14:20:16,256  [INFO    ]  doc_uploader - Submitted to engine. Waiting for result...
2026-08-21 14:20:16,256  [INFO    ]  doc_uploader - Waiting for engine result (timeout=90s)...
2026-08-21 14:20:41,503  [INFO    ]  doc_uploader - Result appeared after 25s.
2026-08-21 14:20:42,623  [INFO    ]  doc_uploader - Screenshot saved: D:\ai_doc_automation\output\screenshots\20260821_142042_result_Document11_5_page_0.png.png
2026-08-21 14:20:42,623  [INFO    ]  result_parser - Reading verdict from Overview tab...
2026-08-21 14:20:59,112  [INFO    ]  result_parser - Verdict: SUCCESS (from verdict card)
2026-08-21 14:20:59,112  [INFO    ]  result_parser - Clicking Extraction tab...
2026-08-21 14:21:00,980  [INFO    ]  result_parser - On Extraction tab.
2026-08-21 14:21:00,984  [INFO    ]  result_parser - JS parse: 13 fields
2026-08-21 14:21:01,100  [INFO    ]  doc_uploader - Screenshot saved: D:\ai_doc_automation\output\screenshots\20260821_142100_extracted_Document11_5_page_0.png.png
2026-08-21 14:21:01,392  [ERROR   ]  main - Top-level exception processing document: 'Processing Time (s)'
2026-08-21 14:21:01,392  [INFO    ]  doc_uploader - Resetting form for next submission...
2026-08-21 14:21:03,275  [INFO    ]  doc_uploader - New submission clicked — form reset.
2026-08-21 14:21:04,275  [INFO    ]  main - 
[54/161] D:\ai_doc_automation\Test Data\12th Certificate for Testing\Document11_6_page_0.png
2026-08-21 14:21:04,275  [INFO    ]  main - ============================================================
2026-08-21 14:21:04,275  [INFO    ]  main - Processing [54/161]: Document11_6_page_0.png  |  12th Marksheet  |  Attempt 1
2026-08-21 14:21:04,276  [INFO    ]  main - ============================================================
2026-08-21 14:21:04,481  [INFO    ]  doc_uploader - Selecting document type: '12th Marksheet'
2026-08-21 14:21:04,518  [INFO    ]  doc_uploader - Selected by visible text: '12th Marksheet'
2026-08-21 14:21:04,518  [INFO    ]  doc_uploader - Ensuring 'Plain extraction' is selected...
2026-08-21 14:21:09,940  [INFO    ]  doc_uploader - Clicked Plain extraction text element.
2026-08-21 14:21:09,940  [INFO    ]  doc_uploader - Uploading file: D:\ai_doc_automation\Test Data\12th Certificate for Testing\Document11_6_page_0.png
2026-08-21 14:21:09,940  [INFO    ]  doc_uploader - File input found via JS querySelector.
2026-08-21 14:21:22,314  [INFO    ]  doc_uploader - File uploaded successfully.
2026-08-21 14:21:22,314  [INFO    ]  doc_uploader - Pre-submit verification...
2026-08-21 14:21:32,426  [INFO    ]  doc_uploader - Ensuring 'Plain extraction' is selected...
2026-08-21 14:21:37,789  [INFO    ]  doc_uploader - Clicked Plain extraction text element.
2026-08-21 14:21:47,873  [INFO    ]  doc_uploader - Clicking 'Submit to engine'...
2026-08-21 14:21:59,342  [INFO    ]  doc_uploader - Submitted to engine. Waiting for result...
2026-08-21 14:21:59,342  [INFO    ]  doc_uploader - Waiting for engine result (timeout=90s)...
2026-08-21 14:22:24,608  [INFO    ]  doc_uploader - Result appeared after 25s.
2026-08-21 14:22:25,721  [INFO    ]  doc_uploader - Screenshot saved: D:\ai_doc_automation\output\screenshots\20260821_142225_result_Document11_6_page_0.png.png
2026-08-21 14:22:25,721  [INFO    ]  result_parser - Reading verdict from Overview tab...
2026-08-21 14:22:42,184  [INFO    ]  result_parser - Verdict: SUCCESS (from verdict card)
2026-08-21 14:22:42,184  [INFO    ]  result_parser - Clicking Extraction tab...
2026-08-21 14:22:44,051  [INFO    ]  result_parser - On Extraction tab.
2026-08-21 14:22:44,051  [INFO    ]  result_parser - JS parse: 13 fields
2026-08-21 14:22:44,169  [INFO    ]  doc_uploader - Screenshot saved: D:\ai_doc_automation\output\screenshots\20260821_142244_extracted_Document11_6_page_0.png.png
2026-08-21 14:22:44,463  [ERROR   ]  main - Top-level exception processing document: 'Processing Time (s)'
2026-08-21 14:22:44,463  [INFO    ]  doc_uploader - Resetting form for next submission...
2026-08-21 14:22:46,331  [INFO    ]  doc_uploader - New submission clicked — form reset.
2026-08-21 14:22:47,332  [INFO    ]  main - 
[55/161] D:\ai_doc_automation\Test Data\12th Certificate for Testing\Document11_7_page_0.png
2026-08-21 14:22:47,332  [INFO    ]  main - ============================================================
2026-08-21 14:22:47,332  [INFO    ]  main - Processing [55/161]: Document11_7_page_0.png  |  12th Marksheet  |  Attempt 1
2026-08-21 14:22:47,332  [INFO    ]  main - ============================================================
2026-08-21 14:22:47,537  [INFO    ]  doc_uploader - Selecting document type: '12th Marksheet'
2026-08-21 14:22:47,576  [INFO    ]  doc_uploader - Selected by visible text: '12th Marksheet'
2026-08-21 14:22:47,576  [INFO    ]  doc_uploader - Ensuring 'Plain extraction' is selected...
2026-08-21 14:22:52,970  [INFO    ]  doc_uploader - Clicked Plain extraction text element.
2026-08-21 14:22:52,970  [INFO    ]  doc_uploader - Uploading file: D:\ai_doc_automation\Test Data\12th Certificate for Testing\Document11_7_page_0.png
2026-08-21 14:22:52,984  [INFO    ]  doc_uploader - File input found via JS querySelector.
2026-08-21 14:23:05,339  [INFO    ]  doc_uploader - File uploaded successfully.
2026-08-21 14:23:05,339  [INFO    ]  doc_uploader - Pre-submit verification...
2026-08-21 14:23:15,532  [INFO    ]  doc_uploader - Ensuring 'Plain extraction' is selected...
2026-08-21 14:23:20,895  [INFO    ]  doc_uploader - Clicked Plain extraction text element.
2026-08-21 14:23:30,976  [INFO    ]  doc_uploader - Clicking 'Submit to engine'...
2026-08-21 14:23:42,430  [INFO    ]  doc_uploader - Submitted to engine. Waiting for result...
2026-08-21 14:23:42,430  [INFO    ]  doc_uploader - Waiting for engine result (timeout=90s)...
2026-08-21 14:24:07,668  [INFO    ]  doc_uploader - Result appeared after 25s.
2026-08-21 14:24:08,774  [INFO    ]  doc_uploader - Screenshot saved: D:\ai_doc_automation\output\screenshots\20260821_142408_result_Document11_7_page_0.png.png
2026-08-21 14:24:08,774  [INFO    ]  result_parser - Reading verdict from Overview tab...
2026-08-21 14:24:25,267  [INFO    ]  result_parser - Verdict: SUCCESS (from verdict card)
2026-08-21 14:24:25,267  [INFO    ]  result_parser - Clicking Extraction tab...
2026-08-21 14:24:27,149  [INFO    ]  result_parser - On Extraction tab.
2026-08-21 14:24:27,152  [INFO    ]  result_parser - JS parse: 13 fields
2026-08-21 14:24:27,256  [INFO    ]  doc_uploader - Screenshot saved: D:\ai_doc_automation\output\screenshots\20260821_142427_extracted_Document11_7_page_0.png.png
2026-08-21 14:24:27,561  [ERROR   ]  main - Top-level exception processing document: 'Processing Time (s)'
2026-08-21 14:24:27,561  [INFO    ]  doc_uploader - Resetting form for next submission...
2026-08-21 14:24:29,430  [INFO    ]  doc_uploader - New submission clicked — form reset.
2026-08-21 14:24:30,431  [INFO    ]  main - 
[56/161] D:\ai_doc_automation\Test Data\12th Certificate for Testing\Document11_8_page_0.png
2026-08-21 14:24:30,431  [INFO    ]  main - ============================================================
2026-08-21 14:24:30,431  [INFO    ]  main - Processing [56/161]: Document11_8_page_0.png  |  12th Marksheet  |  Attempt 1
2026-08-21 14:24:30,431  [INFO    ]  main - ============================================================
2026-08-21 14:24:30,650  [INFO    ]  doc_uploader - Selecting document type: '12th Marksheet'
2026-08-21 14:24:30,706  [INFO    ]  doc_uploader - Selected by visible text: '12th Marksheet'
2026-08-21 14:24:30,706  [INFO    ]  doc_uploader - Ensuring 'Plain extraction' is selected...
2026-08-21 14:24:36,131  [INFO    ]  doc_uploader - Clicked Plain extraction text element.
2026-08-21 14:24:36,131  [INFO    ]  doc_uploader - Uploading file: D:\ai_doc_automation\Test Data\12th Certificate for Testing\Document11_8_page_0.png
2026-08-21 14:24:36,134  [INFO    ]  doc_uploader - File input found via JS querySelector.
2026-08-21 14:24:48,533  [INFO    ]  doc_uploader - File uploaded successfully.
2026-08-21 14:24:48,533  [INFO    ]  doc_uploader - Pre-submit verification...
2026-08-21 14:24:58,680  [INFO    ]  doc_uploader - Ensuring 'Plain extraction' is selected...
2026-08-21 14:25:04,118  [INFO    ]  doc_uploader - Clicked Plain extraction text element.
2026-08-21 14:25:14,201  [INFO    ]  doc_uploader - Clicking 'Submit to engine'...
2026-08-21 14:25:25,660  [INFO    ]  doc_uploader - Submitted to engine. Waiting for result...
2026-08-21 14:25:25,660  [INFO    ]  doc_uploader - Waiting for engine result (timeout=90s)...
2026-08-21 14:25:50,912  [INFO    ]  doc_uploader - Result appeared after 25s.
2026-08-21 14:25:52,009  [INFO    ]  doc_uploader - Screenshot saved: D:\ai_doc_automation\output\screenshots\20260821_142551_result_Document11_8_page_0.png.png
2026-08-21 14:25:52,009  [INFO    ]  result_parser - Reading verdict from Overview tab...
2026-08-21 14:26:08,559  [INFO    ]  result_parser - Verdict: SUCCESS (from verdict card)
2026-08-21 14:26:08,559  [INFO    ]  result_parser - Clicking Extraction tab...
2026-08-21 14:26:10,455  [INFO    ]  result_parser - On Extraction tab.
2026-08-21 14:26:10,457  [INFO    ]  result_parser - JS parse: 13 fields
2026-08-21 14:26:10,590  [INFO    ]  doc_uploader - Screenshot saved: D:\ai_doc_automation\output\screenshots\20260821_142610_extracted_Document11_8_page_0.png.png
2026-08-21 14:26:10,888  [ERROR   ]  main - Top-level exception processing document: 'Processing Time (s)'
2026-08-21 14:26:10,888  [INFO    ]  doc_uploader - Resetting form for next submission...
2026-08-21 14:26:12,764  [INFO    ]  doc_uploader - New submission clicked — form reset.
2026-08-21 14:26:13,765  [INFO    ]  main - 
[57/161] D:\ai_doc_automation\Test Data\12th Certificate for Testing\Document11_9_page_0.png
2026-08-21 14:26:13,765  [INFO    ]  main - ============================================================
2026-08-21 14:26:13,765  [INFO    ]  main - Processing [57/161]: Document11_9_page_0.png  |  12th Marksheet  |  Attempt 1
2026-08-21 14:26:13,765  [INFO    ]  main - ============================================================
2026-08-21 14:26:13,969  [INFO    ]  doc_uploader - Selecting document type: '12th Marksheet'
2026-08-21 14:26:14,007  [INFO    ]  doc_uploader - Selected by visible text: '12th Marksheet'
2026-08-21 14:26:14,007  [INFO    ]  doc_uploader - Ensuring 'Plain extraction' is selected...
2026-08-21 14:26:19,392  [INFO    ]  doc_uploader - Clicked Plain extraction text element.
2026-08-21 14:26:19,392  [INFO    ]  doc_uploader - Uploading file: D:\ai_doc_automation\Test Data\12th Certificate for Testing\Document11_9_page_0.png
2026-08-21 14:26:19,408  [INFO    ]  doc_uploader - File input found via JS querySelector.
2026-08-21 14:26:31,815  [INFO    ]  doc_uploader - File uploaded successfully.
2026-08-21 14:26:31,815  [INFO    ]  doc_uploader - Pre-submit verification...
2026-08-21 14:26:41,937  [INFO    ]  doc_uploader - Ensuring 'Plain extraction' is selected...
2026-08-21 14:26:47,354  [INFO    ]  doc_uploader - Clicked Plain extraction text element.
2026-08-21 14:26:57,458  [INFO    ]  doc_uploader - Clicking 'Submit to engine'...
2026-08-21 14:27:08,925  [INFO    ]  doc_uploader - Submitted to engine. Waiting for result...
2026-08-21 14:27:08,925  [INFO    ]  doc_uploader - Waiting for engine result (timeout=90s)...
2026-08-21 14:27:34,164  [INFO    ]  doc_uploader - Result appeared after 25s.
2026-08-21 14:27:35,262  [INFO    ]  doc_uploader - Screenshot saved: D:\ai_doc_automation\output\screenshots\20260821_142735_result_Document11_9_page_0.png.png
2026-08-21 14:27:35,262  [INFO    ]  result_parser - Reading verdict from Overview tab...
2026-08-21 14:27:51,773  [INFO    ]  result_parser - Verdict: SUCCESS (from verdict card)
2026-08-21 14:27:51,773  [INFO    ]  result_parser - Clicking Extraction tab...
2026-08-21 14:27:53,646  [INFO    ]  result_parser - On Extraction tab.
2026-08-21 14:27:53,650  [INFO    ]  result_parser - JS parse: 13 fields
2026-08-21 14:27:53,745  [INFO    ]  doc_uploader - Screenshot saved: D:\ai_doc_automation\output\screenshots\20260821_142753_extracted_Document11_9_page_0.png.png
2026-08-21 14:27:54,039  [ERROR   ]  main - Top-level exception processing document: 'Processing Time (s)'
2026-08-21 14:27:54,039  [INFO    ]  doc_uploader - Resetting form for next submission...
2026-08-21 14:27:55,919  [INFO    ]  doc_uploader - New submission clicked — form reset.
2026-08-21 14:27:56,919  [INFO    ]  main - 
[58/161] D:\ai_doc_automation\Test Data\Degree Certificate\Andhra University.png
2026-08-21 14:27:56,919  [INFO    ]  main - ============================================================
2026-08-21 14:27:56,919  [INFO    ]  main - Processing [58/161]: Andhra University.png  |  Graduation Certificate  |  Attempt 1
2026-08-21 14:27:56,919  [INFO    ]  main - ============================================================
2026-08-21 14:27:57,154  [INFO    ]  doc_uploader - Selecting document type: 'Graduation Certificate'
2026-08-21 14:27:57,226  [INFO    ]  doc_uploader - Selected by visible text: 'Graduation Certificate'
2026-08-21 14:27:57,227  [INFO    ]  doc_uploader - Ensuring 'Plain extraction' is selected...
2026-08-21 14:28:02,600  [INFO    ]  doc_uploader - Clicked Plain extraction text element.
2026-08-21 14:28:02,600  [INFO    ]  doc_uploader - Uploading file: D:\ai_doc_automation\Test Data\Degree Certificate\Andhra University.png
2026-08-21 14:28:02,611  [INFO    ]  doc_uploader - File input found via JS querySelector.
2026-08-21 14:28:15,023  [INFO    ]  doc_uploader - File uploaded successfully.
2026-08-21 14:28:15,023  [INFO    ]  doc_uploader - Pre-submit verification...
2026-08-21 14:28:25,203  [INFO    ]  doc_uploader - Ensuring 'Plain extraction' is selected...
2026-08-21 14:28:30,570  [INFO    ]  doc_uploader - Clicked Plain extraction text element.
2026-08-21 14:28:40,613  [INFO    ]  doc_uploader - Clicking 'Submit to engine'...
2026-08-21 14:28:52,119  [INFO    ]  doc_uploader - Submitted to engine. Waiting for result...
2026-08-21 14:28:52,119  [INFO    ]  doc_uploader - Waiting for engine result (timeout=90s)...
2026-08-21 14:29:17,310  [INFO    ]  doc_uploader - Result appeared after 25s.
2026-08-21 14:29:18,414  [INFO    ]  doc_uploader - Screenshot saved: D:\ai_doc_automation\output\screenshots\20260821_142918_result_Andhra University.png.png
2026-08-21 14:29:18,414  [INFO    ]  result_parser - Reading verdict from Overview tab...
2026-08-21 14:29:34,885  [INFO    ]  result_parser - Verdict: SUCCESS (from verdict card)
2026-08-21 14:29:34,885  [INFO    ]  result_parser - Clicking Extraction tab...
2026-08-21 14:29:36,772  [INFO    ]  result_parser - On Extraction tab.
2026-08-21 14:29:36,772  [INFO    ]  result_parser - JS parse: 16 fields
2026-08-21 14:29:36,880  [INFO    ]  doc_uploader - Screenshot saved: D:\ai_doc_automation\output\screenshots\20260821_142936_extracted_Andhra University.png.png
2026-08-21 14:29:36,880  [INFO    ]  excel_writer - Created sheet: 'Graduation Certificate'  headers: ['Filename', 'Document Type', 'Status', 'Error Message', 'Cgpa Secured', 'College Name', 'Degree Name', 'Enrollment Number', 'Father Name', 'Grade', 'Mother Name', 'Percentage', 'Registration Number', 'Result', 'Roll Number', 'Stream Or Specialization', 'Student Name', 'Total Marks Secured', 'University Name', 'Year Of Passing']
2026-08-21 14:29:37,203  [ERROR   ]  main - Top-level exception processing document: 'Processing Time (s)'
2026-08-21 14:29:37,203  [INFO    ]  doc_uploader - Resetting form for next submission...
2026-08-21 14:29:39,081  [INFO    ]  doc_uploader - New submission clicked — form reset.
2026-08-21 14:29:40,082  [INFO    ]  main - 
[59/161] D:\ai_doc_automation\Test Data\Degree Certificate\Annamalai University.png
2026-08-21 14:29:40,082  [INFO    ]  main - ============================================================
2026-08-21 14:29:40,082  [INFO    ]  main - Processing [59/161]: Annamalai University.png  |  Graduation Certificate  |  Attempt 1
2026-08-21 14:29:40,082  [INFO    ]  main - ============================================================
2026-08-21 14:29:40,291  [INFO    ]  doc_uploader - Selecting document type: 'Graduation Certificate'
2026-08-21 14:29:40,429  [INFO    ]  doc_uploader - Selected by visible text: 'Graduation Certificate'
2026-08-21 14:29:40,429  [INFO    ]  doc_uploader - Ensuring 'Plain extraction' is selected...
2026-08-21 14:29:45,843  [INFO    ]  doc_uploader - Clicked Plain extraction text element.
2026-08-21 14:29:45,843  [INFO    ]  doc_uploader - Uploading file: D:\ai_doc_automation\Test Data\Degree Certificate\Annamalai University.png
2026-08-21 14:29:45,857  [INFO    ]  doc_uploader - File input found via JS querySelector.
2026-08-21 14:29:58,264  [INFO    ]  doc_uploader - File uploaded successfully.
2026-08-21 14:29:58,264  [INFO    ]  doc_uploader - Pre-submit verification...
2026-08-21 14:30:08,391  [INFO    ]  doc_uploader - Ensuring 'Plain extraction' is selected...
2026-08-21 14:30:13,770  [INFO    ]  doc_uploader - Clicked Plain extraction text element.
2026-08-21 14:30:23,866  [INFO    ]  doc_uploader - Clicking 'Submit to engine'...
2026-08-21 14:30:35,354  [INFO    ]  doc_uploader - Submitted to engine. Waiting for result...
2026-08-21 14:30:35,354  [INFO    ]  doc_uploader - Waiting for engine result (timeout=90s)...
2026-08-21 14:31:00,581  [INFO    ]  doc_uploader - Result appeared after 25s.
2026-08-21 14:31:01,685  [INFO    ]  doc_uploader - Screenshot saved: D:\ai_doc_automation\output\screenshots\20260821_143101_result_Annamalai University.png.png
2026-08-21 14:31:01,685  [INFO    ]  result_parser - Reading verdict from Overview tab...
2026-08-21 14:31:18,175  [INFO    ]  result_parser - Verdict: SUCCESS (from verdict card)
2026-08-21 14:31:18,175  [INFO    ]  result_parser - Clicking Extraction tab...
2026-08-21 14:31:20,048  [INFO    ]  result_parser - On Extraction tab.
2026-08-21 14:31:20,048  [INFO    ]  result_parser - JS parse: 16 fields
2026-08-21 14:31:20,182  [INFO    ]  doc_uploader - Screenshot saved: D:\ai_doc_automation\output\screenshots\20260821_143120_extracted_Annamalai University.png.png
2026-08-21 14:31:20,490  [ERROR   ]  main - Top-level exception processing document: 'Processing Time (s)'
2026-08-21 14:31:20,490  [INFO    ]  doc_uploader - Resetting form for next submission...
2026-08-21 14:31:22,370  [INFO    ]  doc_uploader - New submission clicked — form reset.
2026-08-21 14:31:23,370  [INFO    ]  main - 
[60/161] D:\ai_doc_automation\Test Data\Degree Certificate\Banki College (1).png
2026-08-21 14:31:23,370  [INFO    ]  main - ============================================================
2026-08-21 14:31:23,370  [INFO    ]  main - Processing [60/161]: Banki College (1).png  |  Graduation Certificate  |  Attempt 1
2026-08-21 14:31:23,370  [INFO    ]  main - ============================================================
2026-08-21 14:31:23,592  [INFO    ]  doc_uploader - Selecting document type: 'Graduation Certificate'
2026-08-21 14:31:23,631  [INFO    ]  doc_uploader - Selected by visible text: 'Graduation Certificate'
2026-08-21 14:31:23,631  [INFO    ]  doc_uploader - Ensuring 'Plain extraction' is selected...
2026-08-21 14:31:29,010  [INFO    ]  doc_uploader - Clicked Plain extraction text element.
2026-08-21 14:31:29,010  [INFO    ]  doc_uploader - Uploading file: D:\ai_doc_automation\Test Data\Degree Certificate\Banki College (1).png
2026-08-21 14:31:29,026  [INFO    ]  doc_uploader - File input found via JS querySelector.
2026-08-21 14:31:41,456  [INFO    ]  doc_uploader - File uploaded successfully.
2026-08-21 14:31:41,456  [INFO    ]  doc_uploader - Pre-submit verification...
2026-08-21 14:31:51,600  [INFO    ]  doc_uploader - Ensuring 'Plain extraction' is selected...
2026-08-21 14:31:56,998  [INFO    ]  doc_uploader - Clicked Plain extraction text element.
2026-08-21 14:32:07,046  [INFO    ]  doc_uploader - Clicking 'Submit to engine'...
2026-08-21 14:32:18,504  [INFO    ]  doc_uploader - Submitted to engine. Waiting for result...
2026-08-21 14:32:18,504  [INFO    ]  doc_uploader - Waiting for engine result (timeout=90s)...
2026-08-21 14:32:43,736  [INFO    ]  doc_uploader - Result appeared after 25s.
2026-08-21 14:32:44,853  [INFO    ]  doc_uploader - Screenshot saved: D:\ai_doc_automation\output\screenshots\20260821_143244_result_Banki College (1).png.png
2026-08-21 14:32:44,853  [INFO    ]  result_parser - Reading verdict from Overview tab...
2026-08-21 14:33:01,327  [INFO    ]  result_parser - Verdict: SUCCESS (from verdict card)
2026-08-21 14:33:01,327  [INFO    ]  result_parser - Clicking Extraction tab...
2026-08-21 14:33:03,205  [INFO    ]  result_parser - On Extraction tab.
2026-08-21 14:33:03,207  [INFO    ]  result_parser - JS parse: 16 fields
2026-08-21 14:33:03,301  [INFO    ]  doc_uploader - Screenshot saved: D:\ai_doc_automation\output\screenshots\20260821_143303_extracted_Banki College (1).png.png
2026-08-21 14:33:03,658  [ERROR   ]  main - Top-level exception processing document: 'Processing Time (s)'
2026-08-21 14:33:03,659  [INFO    ]  doc_uploader - Resetting form for next submission...
2026-08-21 14:33:05,538  [INFO    ]  doc_uploader - New submission clicked — form reset.
2026-08-21 14:33:06,539  [INFO    ]  main - 
[61/161] D:\ai_doc_automation\Test Data\Degree Certificate\Banki College.png
2026-08-21 14:33:06,539  [INFO    ]  main - ============================================================
2026-08-21 14:33:06,539  [INFO    ]  main - Processing [61/161]: Banki College.png  |  Graduation Certificate  |  Attempt 1
2026-08-21 14:33:06,539  [INFO    ]  main - ============================================================
2026-08-21 14:33:06,811  [INFO    ]  doc_uploader - Selecting document type: 'Graduation Certificate'
2026-08-21 14:33:06,851  [INFO    ]  doc_uploader - Selected by visible text: 'Graduation Certificate'
2026-08-21 14:33:06,851  [INFO    ]  doc_uploader - Ensuring 'Plain extraction' is selected...
2026-08-21 14:33:12,266  [INFO    ]  doc_uploader - Clicked Plain extraction text element.
2026-08-21 14:33:12,267  [INFO    ]  doc_uploader - Uploading file: D:\ai_doc_automation\Test Data\Degree Certificate\Banki College.png
2026-08-21 14:33:12,273  [INFO    ]  doc_uploader - File input found via JS querySelector.
2026-08-21 14:33:24,656  [INFO    ]  doc_uploader - File uploaded successfully.
2026-08-21 14:33:24,656  [INFO    ]  doc_uploader - Pre-submit verification...
2026-08-21 14:33:34,795  [INFO    ]  doc_uploader - Ensuring 'Plain extraction' is selected...
2026-08-21 14:33:40,172  [INFO    ]  doc_uploader - Clicked Plain extraction text element.
2026-08-21 14:33:50,222  [INFO    ]  doc_uploader - Clicking 'Submit to engine'...
2026-08-21 14:34:01,708  [INFO    ]  doc_uploader - Submitted to engine. Waiting for result...
2026-08-21 14:34:01,708  [INFO    ]  doc_uploader - Waiting for engine result (timeout=90s)...
2026-08-21 14:34:26,895  [INFO    ]  doc_uploader - Result appeared after 25s.
2026-08-21 14:34:28,004  [INFO    ]  doc_uploader - Screenshot saved: D:\ai_doc_automation\output\screenshots\20260821_143427_result_Banki College.png.png
2026-08-21 14:34:28,004  [INFO    ]  result_parser - Reading verdict from Overview tab...
2026-08-21 14:34:44,536  [INFO    ]  result_parser - Verdict: SUCCESS (from verdict card)
2026-08-21 14:34:44,536  [INFO    ]  result_parser - Clicking Extraction tab...
2026-08-21 14:34:46,404  [INFO    ]  result_parser - On Extraction tab.
2026-08-21 14:34:46,404  [INFO    ]  result_parser - JS parse: 16 fields
2026-08-21 14:34:46,503  [INFO    ]  doc_uploader - Screenshot saved: D:\ai_doc_automation\output\screenshots\20260821_143446_extracted_Banki College.png.png
2026-08-21 14:34:46,810  [ERROR   ]  main - Top-level exception processing document: 'Processing Time (s)'
2026-08-21 14:34:46,810  [INFO    ]  doc_uploader - Resetting form for next submission...
2026-08-21 14:34:48,705  [INFO    ]  doc_uploader - New submission clicked — form reset.
2026-08-21 14:34:49,706  [INFO    ]  main - 
[62/161] D:\ai_doc_automation\Test Data\Degree Certificate\Berhampur University.png
2026-08-21 14:34:49,706  [INFO    ]  main - ============================================================
2026-08-21 14:34:49,706  [INFO    ]  main - Processing [62/161]: Berhampur University.png  |  Graduation Certificate  |  Attempt 1
2026-08-21 14:34:49,706  [INFO    ]  main - ============================================================
2026-08-21 14:34:49,915  [INFO    ]  doc_uploader - Selecting document type: 'Graduation Certificate'
2026-08-21 14:34:49,952  [INFO    ]  doc_uploader - Selected by visible text: 'Graduation Certificate'
2026-08-21 14:34:49,952  [INFO    ]  doc_uploader - Ensuring 'Plain extraction' is selected...
2026-08-21 14:34:55,381  [INFO    ]  doc_uploader - Clicked Plain extraction text element.
2026-08-21 14:34:55,381  [INFO    ]  doc_uploader - Uploading file: D:\ai_doc_automation\Test Data\Degree Certificate\Berhampur University.png
2026-08-21 14:34:55,381  [INFO    ]  doc_uploader - File input found via JS querySelector.
2026-08-21 14:35:07,808  [INFO    ]  doc_uploader - File uploaded successfully.
2026-08-21 14:35:07,808  [INFO    ]  doc_uploader - Pre-submit verification...
2026-08-21 14:35:17,930  [INFO    ]  doc_uploader - Ensuring 'Plain extraction' is selected...
2026-08-21 14:35:23,373  [INFO    ]  doc_uploader - Clicked Plain extraction text element.
2026-08-21 14:35:33,439  [INFO    ]  doc_uploader - Clicking 'Submit to engine'...
2026-08-21 14:35:44,961  [INFO    ]  doc_uploader - Submitted to engine. Waiting for result...
2026-08-21 14:35:44,961  [INFO    ]  doc_uploader - Waiting for engine result (timeout=90s)...
2026-08-21 14:36:10,148  [INFO    ]  doc_uploader - Result appeared after 25s.
2026-08-21 14:36:11,241  [INFO    ]  doc_uploader - Screenshot saved: D:\ai_doc_automation\output\screenshots\20260821_143611_result_Berhampur University.png.png
2026-08-21 14:36:11,241  [INFO    ]  result_parser - Reading verdict from Overview tab...
2026-08-21 14:36:27,713  [INFO    ]  result_parser - Verdict: SUCCESS (from verdict card)
2026-08-21 14:36:27,713  [INFO    ]  result_parser - Clicking Extraction tab...
2026-08-21 14:36:29,593  [INFO    ]  result_parser - On Extraction tab.
2026-08-21 14:36:29,599  [INFO    ]  result_parser - JS parse: 16 fields
2026-08-21 14:36:29,746  [INFO    ]  doc_uploader - Screenshot saved: D:\ai_doc_automation\output\screenshots\20260821_143629_extracted_Berhampur University.png.png
2026-08-21 14:36:30,078  [ERROR   ]  main - Top-level exception processing document: 'Processing Time (s)'
2026-08-21 14:36:30,078  [INFO    ]  doc_uploader - Resetting form for next submission...
2026-08-21 14:36:31,961  [INFO    ]  doc_uploader - New submission clicked — form reset.
2026-08-21 14:36:32,962  [INFO    ]  main - 
[63/161] D:\ai_doc_automation\Test Data\Degree Certificate\BPUT Degree Certificate.pdf
2026-08-21 14:36:32,962  [INFO    ]  main - ============================================================
2026-08-21 14:36:32,962  [INFO    ]  main - Processing [63/161]: BPUT Degree Certificate.pdf  |  Graduation Certificate  |  Attempt 1
2026-08-21 14:36:32,962  [INFO    ]  main - ============================================================
2026-08-21 14:36:33,183  [INFO    ]  doc_uploader - Selecting document type: 'Graduation Certificate'
2026-08-21 14:36:33,222  [INFO    ]  doc_uploader - Selected by visible text: 'Graduation Certificate'
2026-08-21 14:36:33,222  [INFO    ]  doc_uploader - Ensuring 'Plain extraction' is selected...
2026-08-21 14:36:38,628  [INFO    ]  doc_uploader - Clicked Plain extraction text element.
2026-08-21 14:36:38,628  [INFO    ]  doc_uploader - Uploading file: D:\ai_doc_automation\Test Data\Degree Certificate\BPUT Degree Certificate.pdf
2026-08-21 14:36:38,628  [INFO    ]  doc_uploader - File input found via JS querySelector.
2026-08-21 14:36:51,011  [INFO    ]  doc_uploader - File uploaded successfully.
2026-08-21 14:36:51,011  [INFO    ]  doc_uploader - Pre-submit verification...
2026-08-21 14:37:01,171  [INFO    ]  doc_uploader - Ensuring 'Plain extraction' is selected...
2026-08-21 14:37:06,555  [INFO    ]  doc_uploader - Clicked Plain extraction text element.
2026-08-21 14:37:16,599  [INFO    ]  doc_uploader - Clicking 'Submit to engine'...
2026-08-21 14:37:28,114  [INFO    ]  doc_uploader - Submitted to engine. Waiting for result...
2026-08-21 14:37:28,114  [INFO    ]  doc_uploader - Waiting for engine result (timeout=90s)...
2026-08-21 14:37:33,117  [INFO    ]  doc_uploader - Result appeared after 0s.
2026-08-21 14:37:34,219  [INFO    ]  doc_uploader - Screenshot saved: D:\ai_doc_automation\output\screenshots\20260821_143734_result_BPUT Degree Certificate.pdf.png
2026-08-21 14:37:34,219  [INFO    ]  result_parser - Reading verdict from Overview tab...
2026-08-21 14:37:50,719  [INFO    ]  result_parser - Verdict: SUCCESS (from verdict card)
2026-08-21 14:37:50,719  [INFO    ]  result_parser - Clicking Extraction tab...
2026-08-21 14:37:52,601  [INFO    ]  result_parser - On Extraction tab.
2026-08-21 14:37:52,601  [INFO    ]  result_parser - JS parse: 16 fields
2026-08-21 14:37:52,713  [INFO    ]  doc_uploader - Screenshot saved: D:\ai_doc_automation\output\screenshots\20260821_143752_extracted_BPUT Degree Certificate.pdf.png
2026-08-21 14:37:53,035  [ERROR   ]  main - Top-level exception processing document: 'Processing Time (s)'
2026-08-21 14:37:53,035  [INFO    ]  doc_uploader - Resetting form for next submission...
2026-08-21 14:37:54,919  [INFO    ]  doc_uploader - New submission clicked — form reset.
2026-08-21 14:37:55,920  [INFO    ]  main - 
[64/161] D:\ai_doc_automation\Test Data\Degree Certificate\Buxi Jagabandhu Bidyadhar Autonomous College.png
2026-08-21 14:37:55,920  [INFO    ]  main - ============================================================
2026-08-21 14:37:55,920  [INFO    ]  main - Processing [64/161]: Buxi Jagabandhu Bidyadhar Autonomous College.png  |  Graduation Certificate  |  Attempt 1
2026-08-21 14:37:55,920  [INFO    ]  main - ============================================================
2026-08-21 14:37:56,138  [INFO    ]  doc_uploader - Selecting document type: 'Graduation Certificate'
2026-08-21 14:37:56,176  [INFO    ]  doc_uploader - Selected by visible text: 'Graduation Certificate'
2026-08-21 14:37:56,176  [INFO    ]  doc_uploader - Ensuring 'Plain extraction' is selected...
2026-08-21 14:38:01,563  [INFO    ]  doc_uploader - Clicked Plain extraction text element.
2026-08-21 14:38:01,563  [INFO    ]  doc_uploader - Uploading file: D:\ai_doc_automation\Test Data\Degree Certificate\Buxi Jagabandhu Bidyadhar Autonomous College.png
2026-08-21 14:38:01,563  [INFO    ]  doc_uploader - File input found via JS querySelector.
2026-08-21 14:38:13,942  [INFO    ]  doc_uploader - File uploaded successfully.
2026-08-21 14:38:13,942  [INFO    ]  doc_uploader - Pre-submit verification...
2026-08-21 14:38:24,099  [INFO    ]  doc_uploader - Ensuring 'Plain extraction' is selected...
2026-08-21 14:38:29,469  [INFO    ]  doc_uploader - Clicked Plain extraction text element.
2026-08-21 14:38:39,520  [INFO    ]  doc_uploader - Clicking 'Submit to engine'...
2026-08-21 14:38:50,954  [INFO    ]  doc_uploader - Submitted to engine. Waiting for result...
2026-08-21 14:38:50,954  [INFO    ]  doc_uploader - Waiting for engine result (timeout=90s)...
2026-08-21 14:39:16,196  [INFO    ]  doc_uploader - Result appeared after 25s.
2026-08-21 14:39:17,297  [INFO    ]  doc_uploader - Screenshot saved: D:\ai_doc_automation\output\screenshots\20260821_143917_result_Buxi Jagabandhu Bidyadhar Autonomous College.png.png
2026-08-21 14:39:17,297  [INFO    ]  result_parser - Reading verdict from Overview tab...
2026-08-21 14:39:33,769  [INFO    ]  result_parser - Verdict: SUCCESS (from verdict card)
2026-08-21 14:39:33,769  [INFO    ]  result_parser - Clicking Extraction tab...
2026-08-21 14:39:35,653  [INFO    ]  result_parser - On Extraction tab.
2026-08-21 14:39:35,655  [INFO    ]  result_parser - JS parse: 16 fields
2026-08-21 14:39:35,779  [INFO    ]  doc_uploader - Screenshot saved: D:\ai_doc_automation\output\screenshots\20260821_143935_extracted_Buxi Jagabandhu Bidyadhar Autonomous College.png.png
2026-08-21 14:39:36,118  [ERROR   ]  main - Top-level exception processing document: 'Processing Time (s)'
2026-08-21 14:39:36,118  [INFO    ]  doc_uploader - Resetting form for next submission...
2026-08-21 14:39:38,001  [INFO    ]  doc_uploader - New submission clicked — form reset.
2026-08-21 14:39:39,002  [INFO    ]  main - 
[65/161] D:\ai_doc_automation\Test Data\Degree Certificate\Central Sanskit University.png
2026-08-21 14:39:39,002  [INFO    ]  main - ============================================================
2026-08-21 14:39:39,002  [INFO    ]  main - Processing [65/161]: Central Sanskit University.png  |  Graduation Certificate  |  Attempt 1
2026-08-21 14:39:39,002  [INFO    ]  main - ============================================================
2026-08-21 14:39:39,224  [INFO    ]  doc_uploader - Selecting document type: 'Graduation Certificate'
2026-08-21 14:39:39,266  [INFO    ]  doc_uploader - Selected by visible text: 'Graduation Certificate'
2026-08-21 14:39:39,266  [INFO    ]  doc_uploader - Ensuring 'Plain extraction' is selected...
2026-08-21 14:39:44,670  [INFO    ]  doc_uploader - Clicked Plain extraction text element.
2026-08-21 14:39:44,670  [INFO    ]  doc_uploader - Uploading file: D:\ai_doc_automation\Test Data\Degree Certificate\Central Sanskit University.png
2026-08-21 14:39:44,670  [INFO    ]  doc_uploader - File input found via JS querySelector.
2026-08-21 14:39:57,043  [INFO    ]  doc_uploader - File uploaded successfully.
2026-08-21 14:39:57,045  [INFO    ]  doc_uploader - Pre-submit verification...
2026-08-21 14:40:07,246  [INFO    ]  doc_uploader - Ensuring 'Plain extraction' is selected...
2026-08-21 14:40:12,623  [INFO    ]  doc_uploader - Clicked Plain extraction text element.
2026-08-21 14:40:22,736  [INFO    ]  doc_uploader - Clicking 'Submit to engine'...
2026-08-21 14:40:34,225  [INFO    ]  doc_uploader - Submitted to engine. Waiting for result...
2026-08-21 14:40:34,225  [INFO    ]  doc_uploader - Waiting for engine result (timeout=90s)...
2026-08-21 14:40:59,400  [INFO    ]  doc_uploader - Result appeared after 25s.
2026-08-21 14:41:00,518  [INFO    ]  doc_uploader - Screenshot saved: D:\ai_doc_automation\output\screenshots\20260821_144100_result_Central Sanskit University.png.png
2026-08-21 14:41:00,518  [INFO    ]  result_parser - Reading verdict from Overview tab...
2026-08-21 14:41:17,060  [INFO    ]  result_parser - Verdict: SUCCESS (from verdict card)
2026-08-21 14:41:17,060  [INFO    ]  result_parser - Clicking Extraction tab...
2026-08-21 14:41:18,966  [INFO    ]  result_parser - On Extraction tab.
2026-08-21 14:41:18,966  [INFO    ]  result_parser - JS parse: 16 fields
2026-08-21 14:41:19,101  [INFO    ]  doc_uploader - Screenshot saved: D:\ai_doc_automation\output\screenshots\20260821_144118_extracted_Central Sanskit University.png.png
2026-08-21 14:41:19,435  [ERROR   ]  main - Top-level exception processing document: 'Processing Time (s)'
2026-08-21 14:41:19,435  [INFO    ]  doc_uploader - Resetting form for next submission...
2026-08-21 14:41:21,306  [INFO    ]  doc_uploader - New submission clicked — form reset.
2026-08-21 14:41:22,307  [INFO    ]  main - 
[66/161] D:\ai_doc_automation\Test Data\Degree Certificate\DAV Autonomous College.png
2026-08-21 14:41:22,307  [INFO    ]  main - ============================================================
2026-08-21 14:41:22,307  [INFO    ]  main - Processing [66/161]: DAV Autonomous College.png  |  Graduation Certificate  |  Attempt 1
2026-08-21 14:41:22,307  [INFO    ]  main - ============================================================
2026-08-21 14:41:22,511  [INFO    ]  doc_uploader - Selecting document type: 'Graduation Certificate'
2026-08-21 14:41:22,547  [INFO    ]  doc_uploader - Selected by visible text: 'Graduation Certificate'
2026-08-21 14:41:22,547  [INFO    ]  doc_uploader - Ensuring 'Plain extraction' is selected...
2026-08-21 14:41:27,959  [INFO    ]  doc_uploader - Clicked Plain extraction text element.
2026-08-21 14:41:27,959  [INFO    ]  doc_uploader - Uploading file: D:\ai_doc_automation\Test Data\Degree Certificate\DAV Autonomous College.png
2026-08-21 14:41:27,959  [INFO    ]  doc_uploader - File input found via JS querySelector.
2026-08-21 14:41:40,403  [INFO    ]  doc_uploader - File uploaded successfully.
2026-08-21 14:41:40,403  [INFO    ]  doc_uploader - Pre-submit verification...
2026-08-21 14:41:50,583  [INFO    ]  doc_uploader - Ensuring 'Plain extraction' is selected...
2026-08-21 14:41:55,964  [INFO    ]  doc_uploader - Clicked Plain extraction text element.
2026-08-21 14:42:06,044  [INFO    ]  doc_uploader - Clicking 'Submit to engine'...
2026-08-21 14:42:17,539  [INFO    ]  doc_uploader - Submitted to engine. Waiting for result...
2026-08-21 14:42:17,539  [INFO    ]  doc_uploader - Waiting for engine result (timeout=90s)...
2026-08-21 14:42:42,682  [INFO    ]  doc_uploader - Result appeared after 25s.
2026-08-21 14:42:43,786  [INFO    ]  doc_uploader - Screenshot saved: D:\ai_doc_automation\output\screenshots\20260821_144243_result_DAV Autonomous College.png.png
2026-08-21 14:42:43,786  [INFO    ]  result_parser - Reading verdict from Overview tab...
2026-08-21 14:43:00,242  [INFO    ]  result_parser - Verdict: SUCCESS (from verdict card)
2026-08-21 14:43:00,257  [INFO    ]  result_parser - Clicking Extraction tab...
2026-08-21 14:43:02,123  [INFO    ]  result_parser - On Extraction tab.
2026-08-21 14:43:02,123  [INFO    ]  result_parser - JS parse: 16 fields
2026-08-21 14:43:02,236  [INFO    ]  doc_uploader - Screenshot saved: D:\ai_doc_automation\output\screenshots\20260821_144302_extracted_DAV Autonomous College.png.png
2026-08-21 14:43:02,574  [ERROR   ]  main - Top-level exception processing document: 'Processing Time (s)'
2026-08-21 14:43:02,574  [INFO    ]  doc_uploader - Resetting form for next submission...
2026-08-21 14:43:04,452  [INFO    ]  doc_uploader - New submission clicked — form reset.
2026-08-21 14:43:05,453  [INFO    ]  main - 
[67/161] D:\ai_doc_automation\Test Data\Degree Certificate\Dhenkanal Autonomous College.png
2026-08-21 14:43:05,453  [INFO    ]  main - ============================================================
2026-08-21 14:43:05,453  [INFO    ]  main - Processing [67/161]: Dhenkanal Autonomous College.png  |  Graduation Certificate  |  Attempt 1
2026-08-21 14:43:05,453  [INFO    ]  main - ============================================================
2026-08-21 14:43:05,662  [INFO    ]  doc_uploader - Selecting document type: 'Graduation Certificate'
2026-08-21 14:43:05,700  [INFO    ]  doc_uploader - Selected by visible text: 'Graduation Certificate'
2026-08-21 14:43:05,700  [INFO    ]  doc_uploader - Ensuring 'Plain extraction' is selected...
2026-08-21 14:43:11,135  [INFO    ]  doc_uploader - Clicked Plain extraction text element.
2026-08-21 14:43:11,135  [INFO    ]  doc_uploader - Uploading file: D:\ai_doc_automation\Test Data\Degree Certificate\Dhenkanal Autonomous College.png
2026-08-21 14:43:11,135  [INFO    ]  doc_uploader - File input found via JS querySelector.
2026-08-21 14:43:23,561  [INFO    ]  doc_uploader - File uploaded successfully.
2026-08-21 14:43:23,561  [INFO    ]  doc_uploader - Pre-submit verification...
2026-08-21 14:43:33,709  [INFO    ]  doc_uploader - Ensuring 'Plain extraction' is selected...
2026-08-21 14:43:39,122  [INFO    ]  doc_uploader - Clicked Plain extraction text element.
2026-08-21 14:43:49,186  [INFO    ]  doc_uploader - Clicking 'Submit to engine'...
2026-08-21 14:44:00,677  [INFO    ]  doc_uploader - Submitted to engine. Waiting for result...
2026-08-21 14:44:00,677  [INFO    ]  doc_uploader - Waiting for engine result (timeout=90s)...
2026-08-21 14:44:25,891  [INFO    ]  doc_uploader - Result appeared after 25s.
2026-08-21 14:44:26,990  [INFO    ]  doc_uploader - Screenshot saved: D:\ai_doc_automation\output\screenshots\20260821_144426_result_Dhenkanal Autonomous College.png.png
2026-08-21 14:44:26,990  [INFO    ]  result_parser - Reading verdict from Overview tab...
2026-08-21 14:44:43,500  [INFO    ]  result_parser - Verdict: SUCCESS (from verdict card)
2026-08-21 14:44:43,500  [INFO    ]  result_parser - Clicking Extraction tab...
2026-08-21 14:44:45,367  [INFO    ]  result_parser - On Extraction tab.
2026-08-21 14:44:45,367  [INFO    ]  result_parser - JS parse: 16 fields
2026-08-21 14:44:45,493  [INFO    ]  doc_uploader - Screenshot saved: D:\ai_doc_automation\output\screenshots\20260821_144445_extracted_Dhenkanal Autonomous College.png.png
2026-08-21 14:44:45,830  [ERROR   ]  main - Top-level exception processing document: 'Processing Time (s)'
2026-08-21 14:44:45,830  [INFO    ]  doc_uploader - Resetting form for next submission...
2026-08-21 14:44:47,704  [INFO    ]  doc_uploader - New submission clicked — form reset.
2026-08-21 14:44:48,705  [INFO    ]  main - 
[68/161] D:\ai_doc_automation\Test Data\Degree Certificate\Gangadhar Meher University.png
2026-08-21 14:44:48,705  [INFO    ]  main - ============================================================
2026-08-21 14:44:48,705  [INFO    ]  main - Processing [68/161]: Gangadhar Meher University.png  |  Graduation Certificate  |  Attempt 1
2026-08-21 14:44:48,705  [INFO    ]  main - ============================================================
2026-08-21 14:44:48,914  [INFO    ]  doc_uploader - Selecting document type: 'Graduation Certificate'
2026-08-21 14:44:48,960  [INFO    ]  doc_uploader - Selected by visible text: 'Graduation Certificate'
2026-08-21 14:44:48,960  [INFO    ]  doc_uploader - Ensuring 'Plain extraction' is selected...
2026-08-21 14:44:54,345  [INFO    ]  doc_uploader - Clicked Plain extraction text element.
2026-08-21 14:44:54,345  [INFO    ]  doc_uploader - Uploading file: D:\ai_doc_automation\Test Data\Degree Certificate\Gangadhar Meher University.png
2026-08-21 14:44:54,361  [INFO    ]  doc_uploader - File input found via JS querySelector.
2026-08-21 14:45:06,750  [INFO    ]  doc_uploader - File uploaded successfully.
2026-08-21 14:45:06,750  [INFO    ]  doc_uploader - Pre-submit verification...
2026-08-21 14:45:16,896  [INFO    ]  doc_uploader - Ensuring 'Plain extraction' is selected...
2026-08-21 14:45:22,305  [INFO    ]  doc_uploader - Clicked Plain extraction text element.
2026-08-21 14:45:32,427  [INFO    ]  doc_uploader - Clicking 'Submit to engine'...
2026-08-21 14:45:43,928  [INFO    ]  doc_uploader - Submitted to engine. Waiting for result...
2026-08-21 14:45:43,928  [INFO    ]  doc_uploader - Waiting for engine result (timeout=90s)...
2026-08-21 14:46:09,085  [INFO    ]  doc_uploader - Result appeared after 25s.
2026-08-21 14:46:10,190  [INFO    ]  doc_uploader - Screenshot saved: D:\ai_doc_automation\output\screenshots\20260821_144610_result_Gangadhar Meher University.png.png
2026-08-21 14:46:10,190  [INFO    ]  result_parser - Reading verdict from Overview tab...
2026-08-21 14:46:26,677  [INFO    ]  result_parser - Verdict: SUCCESS (from verdict card)
2026-08-21 14:46:26,677  [INFO    ]  result_parser - Clicking Extraction tab...
2026-08-21 14:46:28,581  [INFO    ]  result_parser - On Extraction tab.
2026-08-21 14:46:28,587  [INFO    ]  result_parser - JS parse: 16 fields
2026-08-21 14:46:28,691  [INFO    ]  doc_uploader - Screenshot saved: D:\ai_doc_automation\output\screenshots\20260821_144628_extracted_Gangadhar Meher University.png.png
2026-08-21 14:46:29,026  [ERROR   ]  main - Top-level exception processing document: 'Processing Time (s)'
2026-08-21 14:46:29,026  [INFO    ]  doc_uploader - Resetting form for next submission...
2026-08-21 14:46:30,895  [INFO    ]  doc_uploader - New submission clicked — form reset.
2026-08-21 14:46:31,895  [INFO    ]  main - 
[69/161] D:\ai_doc_automation\Test Data\Degree Certificate\GIET Cirtificate .pdf
2026-08-21 14:46:31,895  [INFO    ]  main - ============================================================
2026-08-21 14:46:31,895  [INFO    ]  main - Processing [69/161]: GIET Cirtificate .pdf  |  Graduation Certificate  |  Attempt 1
2026-08-21 14:46:31,896  [INFO    ]  main - ============================================================
2026-08-21 14:46:32,133  [INFO    ]  doc_uploader - Selecting document type: 'Graduation Certificate'
2026-08-21 14:46:32,190  [INFO    ]  doc_uploader - Selected by visible text: 'Graduation Certificate'
2026-08-21 14:46:32,190  [INFO    ]  doc_uploader - Ensuring 'Plain extraction' is selected...
2026-08-21 14:46:37,618  [INFO    ]  doc_uploader - Clicked Plain extraction text element.
2026-08-21 14:46:37,618  [INFO    ]  doc_uploader - Uploading file: D:\ai_doc_automation\Test Data\Degree Certificate\GIET Cirtificate .pdf
2026-08-21 14:46:37,618  [INFO    ]  doc_uploader - File input found via JS querySelector.
2026-08-21 14:46:50,039  [INFO    ]  doc_uploader - File uploaded successfully.
2026-08-21 14:46:50,039  [INFO    ]  doc_uploader - Pre-submit verification...
2026-08-21 14:47:00,215  [INFO    ]  doc_uploader - Ensuring 'Plain extraction' is selected...
2026-08-21 14:47:05,608  [INFO    ]  doc_uploader - Clicked Plain extraction text element.
2026-08-21 14:47:15,692  [INFO    ]  doc_uploader - Clicking 'Submit to engine'...
2026-08-21 14:47:27,139  [INFO    ]  doc_uploader - Submitted to engine. Waiting for result...
2026-08-21 14:47:27,139  [INFO    ]  doc_uploader - Waiting for engine result (timeout=90s)...
2026-08-21 14:47:27,157  [INFO    ]  doc_uploader - Result appeared after 0s.
2026-08-21 14:47:28,293  [INFO    ]  doc_uploader - Screenshot saved: D:\ai_doc_automation\output\screenshots\20260821_144728_result_GIET Cirtificate .pdf.png
2026-08-21 14:47:28,293  [INFO    ]  result_parser - Reading verdict from Overview tab...
2026-08-21 14:47:28,325  [INFO    ]  result_parser - Verdict: FAILED (Pipeline Failure banner detected: TRANSACTION COMPLETE — Pipeline failure result — TXN-20260820-6162113994)
2026-08-21 14:47:28,326  [INFO    ]  result_parser - Skipping extraction (status=FAILED).
2026-08-21 14:47:28,644  [ERROR   ]  main - Top-level exception processing document: 'Processing Time (s)'
2026-08-21 14:47:28,644  [INFO    ]  doc_uploader - Resetting form for next submission...
2026-08-21 14:47:30,523  [INFO    ]  doc_uploader - New submission clicked — form reset.
2026-08-21 14:47:31,524  [INFO    ]  main - 
[70/161] D:\ai_doc_automation\Test Data\Degree Certificate\Govt Autonomous College Anugul.png
2026-08-21 14:47:31,524  [INFO    ]  main - ============================================================
2026-08-21 14:47:31,524  [INFO    ]  main - Processing [70/161]: Govt Autonomous College Anugul.png  |  Graduation Certificate  |  Attempt 1
2026-08-21 14:47:31,524  [INFO    ]  main - ============================================================
2026-08-21 14:47:31,805  [INFO    ]  doc_uploader - Selecting document type: 'Graduation Certificate'
2026-08-21 14:47:31,863  [INFO    ]  doc_uploader - Selected by visible text: 'Graduation Certificate'
2026-08-21 14:47:31,863  [INFO    ]  doc_uploader - Ensuring 'Plain extraction' is selected...
2026-08-21 14:47:37,280  [INFO    ]  doc_uploader - Clicked Plain extraction text element.
2026-08-21 14:47:37,281  [INFO    ]  doc_uploader - Uploading file: D:\ai_doc_automation\Test Data\Degree Certificate\Govt Autonomous College Anugul.png
2026-08-21 14:47:37,286  [INFO    ]  doc_uploader - File input found via JS querySelector.
2026-08-21 14:47:49,692  [INFO    ]  doc_uploader - File uploaded successfully.
2026-08-21 14:47:49,692  [INFO    ]  doc_uploader - Pre-submit verification...
2026-08-21 14:47:59,821  [INFO    ]  doc_uploader - Ensuring 'Plain extraction' is selected...
2026-08-21 14:48:05,240  [INFO    ]  doc_uploader - Clicked Plain extraction text element.
2026-08-21 14:48:15,265  [INFO    ]  doc_uploader - Clicking 'Submit to engine'...
2026-08-21 14:48:26,762  [INFO    ]  doc_uploader - Submitted to engine. Waiting for result...
2026-08-21 14:48:26,762  [INFO    ]  doc_uploader - Waiting for engine result (timeout=90s)...
2026-08-21 14:48:52,052  [INFO    ]  doc_uploader - Result appeared after 25s.
2026-08-21 14:48:53,167  [INFO    ]  doc_uploader - Screenshot saved: D:\ai_doc_automation\output\screenshots\20260821_144853_result_Govt Autonomous College Anugul.png.png
2026-08-21 14:48:53,167  [INFO    ]  result_parser - Reading verdict from Overview tab...
2026-08-21 14:49:09,801  [INFO    ]  result_parser - Verdict: SUCCESS (from verdict card)
2026-08-21 14:49:09,801  [INFO    ]  result_parser - Clicking Extraction tab...
2026-08-21 14:49:11,703  [INFO    ]  result_parser - On Extraction tab.
2026-08-21 14:49:11,710  [INFO    ]  result_parser - JS parse: 16 fields
2026-08-21 14:49:11,864  [INFO    ]  doc_uploader - Screenshot saved: D:\ai_doc_automation\output\screenshots\20260821_144911_extracted_Govt Autonomous College Anugul.png.png
2026-08-21 14:49:12,308  [ERROR   ]  main - Top-level exception processing document: 'Processing Time (s)'
2026-08-21 14:49:12,308  [INFO    ]  doc_uploader - Resetting form for next submission...
2026-08-21 14:49:14,198  [INFO    ]  doc_uploader - New submission clicked — form reset.
2026-08-21 14:49:15,199  [INFO    ]  main - 
[71/161] D:\ai_doc_automation\Test Data\Degree Certificate\Gulbarga University Degree Certificate.pdf
2026-08-21 14:49:15,199  [INFO    ]  main - ============================================================
2026-08-21 14:49:15,199  [INFO    ]  main - Processing [71/161]: Gulbarga University Degree Certificate.pdf  |  Graduation Certificate  |  Attempt 1
2026-08-21 14:49:15,199  [INFO    ]  main - ============================================================
2026-08-21 14:49:15,486  [INFO    ]  doc_uploader - Selecting document type: 'Graduation Certificate'
2026-08-21 14:49:15,543  [INFO    ]  doc_uploader - Selected by visible text: 'Graduation Certificate'
2026-08-21 14:49:15,545  [INFO    ]  doc_uploader - Ensuring 'Plain extraction' is selected...
2026-08-21 14:49:20,940  [INFO    ]  doc_uploader - Clicked Plain extraction text element.
2026-08-21 14:49:20,940  [INFO    ]  doc_uploader - Uploading file: D:\ai_doc_automation\Test Data\Degree Certificate\Gulbarga University Degree Certificate.pdf
2026-08-21 14:49:20,940  [INFO    ]  doc_uploader - File input found via JS querySelector.
2026-08-21 14:49:33,350  [INFO    ]  doc_uploader - File uploaded successfully.
2026-08-21 14:49:33,350  [INFO    ]  doc_uploader - Pre-submit verification...
2026-08-21 14:49:43,511  [INFO    ]  doc_uploader - Ensuring 'Plain extraction' is selected...
2026-08-21 14:49:48,943  [INFO    ]  doc_uploader - Clicked Plain extraction text element.
2026-08-21 14:49:59,044  [INFO    ]  doc_uploader - Clicking 'Submit to engine'...
2026-08-21 14:50:10,524  [INFO    ]  doc_uploader - Submitted to engine. Waiting for result...
2026-08-21 14:50:10,524  [INFO    ]  doc_uploader - Waiting for engine result (timeout=90s)...
2026-08-21 14:50:15,323  [INFO    ]  doc_uploader - Result appeared after 0s.
2026-08-21 14:50:16,438  [INFO    ]  doc_uploader - Screenshot saved: D:\ai_doc_automation\output\screenshots\20260821_145016_result_Gulbarga University Degree Certificate.pdf.png
2026-08-21 14:50:16,438  [INFO    ]  result_parser - Reading verdict from Overview tab...
2026-08-21 14:50:32,966  [INFO    ]  result_parser - Verdict: SUCCESS (from verdict card)
2026-08-21 14:50:32,966  [INFO    ]  result_parser - Clicking Extraction tab...
2026-08-21 14:50:34,863  [INFO    ]  result_parser - On Extraction tab.
2026-08-21 14:50:34,865  [INFO    ]  result_parser - JS parse: 16 fields
2026-08-21 14:50:34,990  [INFO    ]  doc_uploader - Screenshot saved: D:\ai_doc_automation\output\screenshots\20260821_145034_extracted_Gulbarga University Degree Certificate.pdf.png
2026-08-21 14:50:35,358  [ERROR   ]  main - Top-level exception processing document: 'Processing Time (s)'
2026-08-21 14:50:35,358  [INFO    ]  doc_uploader - Resetting form for next submission...
2026-08-21 14:50:37,242  [INFO    ]  doc_uploader - New submission clicked — form reset.
2026-08-21 14:50:38,242  [INFO    ]  main - 
[72/161] D:\ai_doc_automation\Test Data\Degree Certificate\Gurukul Kangri Vishwavidyalaya.png
2026-08-21 14:50:38,242  [INFO    ]  main - ============================================================
2026-08-21 14:50:38,242  [INFO    ]  main - Processing [72/161]: Gurukul Kangri Vishwavidyalaya.png  |  Graduation Certificate  |  Attempt 1
2026-08-21 14:50:38,242  [INFO    ]  main - ============================================================
2026-08-21 14:50:38,475  [INFO    ]  doc_uploader - Selecting document type: 'Graduation Certificate'
2026-08-21 14:50:38,549  [INFO    ]  doc_uploader - Selected by visible text: 'Graduation Certificate'
2026-08-21 14:50:38,549  [INFO    ]  doc_uploader - Ensuring 'Plain extraction' is selected...
2026-08-21 14:50:43,928  [INFO    ]  doc_uploader - Clicked Plain extraction text element.
2026-08-21 14:50:43,944  [INFO    ]  doc_uploader - Uploading file: D:\ai_doc_automation\Test Data\Degree Certificate\Gurukul Kangri Vishwavidyalaya.png
2026-08-21 14:50:43,948  [INFO    ]  doc_uploader - File input found via JS querySelector.
2026-08-21 14:50:56,332  [INFO    ]  doc_uploader - File uploaded successfully.
2026-08-21 14:50:56,332  [INFO    ]  doc_uploader - Pre-submit verification...
2026-08-21 14:51:06,486  [INFO    ]  doc_uploader - Ensuring 'Plain extraction' is selected...
2026-08-21 14:51:11,899  [INFO    ]  doc_uploader - Clicked Plain extraction text element.
2026-08-21 14:51:21,978  [INFO    ]  doc_uploader - Clicking 'Submit to engine'...
2026-08-21 14:51:33,484  [INFO    ]  doc_uploader - Submitted to engine. Waiting for result...
2026-08-21 14:51:33,486  [INFO    ]  doc_uploader - Waiting for engine result (timeout=90s)...
2026-08-21 14:51:58,756  [INFO    ]  doc_uploader - Result appeared after 25s.
2026-08-21 14:51:59,875  [INFO    ]  doc_uploader - Screenshot saved: D:\ai_doc_automation\output\screenshots\20260821_145159_result_Gurukul Kangri Vishwavidyalaya.png.png
2026-08-21 14:51:59,875  [INFO    ]  result_parser - Reading verdict from Overview tab...
2026-08-21 14:52:16,335  [INFO    ]  result_parser - Verdict: SUCCESS (from verdict card)
2026-08-21 14:52:16,335  [INFO    ]  result_parser - Clicking Extraction tab...
2026-08-21 14:52:18,209  [INFO    ]  result_parser - On Extraction tab.
2026-08-21 14:52:18,209  [INFO    ]  result_parser - JS parse: 16 fields
2026-08-21 14:52:18,329  [INFO    ]  doc_uploader - Screenshot saved: D:\ai_doc_automation\output\screenshots\20260821_145218_extracted_Gurukul Kangri Vishwavidyalaya.png.png
2026-08-21 14:52:18,656  [ERROR   ]  main - Top-level exception processing document: 'Processing Time (s)'
2026-08-21 14:52:18,656  [INFO    ]  doc_uploader - Resetting form for next submission...
2026-08-21 14:52:20,525  [INFO    ]  doc_uploader - New submission clicked — form reset.
2026-08-21 14:52:21,526  [INFO    ]  main - 
[73/161] D:\ai_doc_automation\Test Data\Degree Certificate\India Result Image .png
2026-08-21 14:52:21,526  [INFO    ]  main - ============================================================
2026-08-21 14:52:21,526  [INFO    ]  main - Processing [73/161]: India Result Image .png  |  Graduation Certificate  |  Attempt 1
2026-08-21 14:52:21,526  [INFO    ]  main - ============================================================
2026-08-21 14:52:21,750  [INFO    ]  doc_uploader - Selecting document type: 'Graduation Certificate'
2026-08-21 14:52:21,790  [INFO    ]  doc_uploader - Selected by visible text: 'Graduation Certificate'
2026-08-21 14:52:21,805  [INFO    ]  doc_uploader - Ensuring 'Plain extraction' is selected...
2026-08-21 14:52:27,230  [INFO    ]  doc_uploader - Clicked Plain extraction text element.
2026-08-21 14:52:27,230  [INFO    ]  doc_uploader - Uploading file: D:\ai_doc_automation\Test Data\Degree Certificate\India Result Image .png
2026-08-21 14:52:27,234  [INFO    ]  doc_uploader - File input found via JS querySelector.
2026-08-21 14:52:39,633  [INFO    ]  doc_uploader - File uploaded successfully.
2026-08-21 14:52:39,633  [INFO    ]  doc_uploader - Pre-submit verification...
2026-08-21 14:52:49,794  [INFO    ]  doc_uploader - Ensuring 'Plain extraction' is selected...
2026-08-21 14:52:55,205  [INFO    ]  doc_uploader - Clicked Plain extraction text element.
2026-08-21 14:53:05,285  [INFO    ]  doc_uploader - Clicking 'Submit to engine'...
2026-08-21 14:53:16,732  [INFO    ]  doc_uploader - Submitted to engine. Waiting for result...
2026-08-21 14:53:16,732  [INFO    ]  doc_uploader - Waiting for engine result (timeout=90s)...
2026-08-21 14:53:21,649  [INFO    ]  doc_uploader - Result appeared after 0s.
2026-08-21 14:53:22,777  [INFO    ]  doc_uploader - Screenshot saved: D:\ai_doc_automation\output\screenshots\20260821_145322_result_India Result Image .png.png
2026-08-21 14:53:22,777  [INFO    ]  result_parser - Reading verdict from Overview tab...
2026-08-21 14:53:39,230  [INFO    ]  result_parser - Verdict: SUCCESS (from verdict card)
2026-08-21 14:53:39,230  [INFO    ]  result_parser - Clicking Extraction tab...
2026-08-21 14:53:41,123  [INFO    ]  result_parser - On Extraction tab.
2026-08-21 14:53:41,124  [INFO    ]  result_parser - JS parse: 16 fields
2026-08-21 14:53:41,251  [INFO    ]  doc_uploader - Screenshot saved: D:\ai_doc_automation\output\screenshots\20260821_145341_extracted_India Result Image .png.png
2026-08-21 14:53:41,579  [ERROR   ]  main - Top-level exception processing document: 'Processing Time (s)'
2026-08-21 14:53:41,579  [INFO    ]  doc_uploader - Resetting form for next submission...
2026-08-21 14:53:43,447  [INFO    ]  doc_uploader - New submission clicked — form reset.
2026-08-21 14:53:44,448  [INFO    ]  main - 
[74/161] D:\ai_doc_automation\Test Data\Degree Certificate\Indira Gandhi Naional Tribal University.png
2026-08-21 14:53:44,448  [INFO    ]  main - ============================================================
2026-08-21 14:53:44,448  [INFO    ]  main - Processing [74/161]: Indira Gandhi Naional Tribal University.png  |  Graduation Certificate  |  Attempt 1
2026-08-21 14:53:44,448  [INFO    ]  main - ============================================================
2026-08-21 14:53:44,688  [INFO    ]  doc_uploader - Selecting document type: 'Graduation Certificate'
2026-08-21 14:53:44,739  [INFO    ]  doc_uploader - Selected by visible text: 'Graduation Certificate'
2026-08-21 14:53:44,739  [INFO    ]  doc_uploader - Ensuring 'Plain extraction' is selected...
2026-08-21 14:53:50,126  [INFO    ]  doc_uploader - Clicked Plain extraction text element.
2026-08-21 14:53:50,126  [INFO    ]  doc_uploader - Uploading file: D:\ai_doc_automation\Test Data\Degree Certificate\Indira Gandhi Naional Tribal University.png
2026-08-21 14:53:50,130  [INFO    ]  doc_uploader - File input found via JS querySelector.
2026-08-21 14:54:02,512  [INFO    ]  doc_uploader - File uploaded successfully.
2026-08-21 14:54:02,512  [INFO    ]  doc_uploader - Pre-submit verification...
2026-08-21 14:54:12,663  [INFO    ]  doc_uploader - Ensuring 'Plain extraction' is selected...
2026-08-21 14:54:18,064  [INFO    ]  doc_uploader - Clicked Plain extraction text element.
2026-08-21 14:54:28,179  [INFO    ]  doc_uploader - Clicking 'Submit to engine'...
2026-08-21 14:54:39,670  [INFO    ]  doc_uploader - Submitted to engine. Waiting for result...
2026-08-21 14:54:39,670  [INFO    ]  doc_uploader - Waiting for engine result (timeout=90s)...
2026-08-21 14:55:04,854  [INFO    ]  doc_uploader - Result appeared after 25s.
2026-08-21 14:55:05,968  [INFO    ]  doc_uploader - Screenshot saved: D:\ai_doc_automation\output\screenshots\20260821_145505_result_Indira Gandhi Naional Tribal University.png.png
2026-08-21 14:55:05,968  [INFO    ]  result_parser - Reading verdict from Overview tab...
2026-08-21 14:55:22,470  [INFO    ]  result_parser - Verdict: SUCCESS (from verdict card)
2026-08-21 14:55:22,470  [INFO    ]  result_parser - Clicking Extraction tab...
2026-08-21 14:55:24,349  [INFO    ]  result_parser - On Extraction tab.
2026-08-21 14:55:24,354  [INFO    ]  result_parser - JS parse: 16 fields
2026-08-21 14:55:24,448  [INFO    ]  doc_uploader - Screenshot saved: D:\ai_doc_automation\output\screenshots\20260821_145524_extracted_Indira Gandhi Naional Tribal University.png.png
2026-08-21 14:55:24,790  [ERROR   ]  main - Top-level exception processing document: 'Processing Time (s)'
2026-08-21 14:55:24,790  [INFO    ]  doc_uploader - Resetting form for next submission...
2026-08-21 14:55:26,663  [INFO    ]  doc_uploader - New submission clicked — form reset.
2026-08-21 14:55:27,664  [INFO    ]  main - 
[75/161] D:\ai_doc_automation\Test Data\Degree Certificate\Indra Gandhi National Open University.png
2026-08-21 14:55:27,664  [INFO    ]  main - ============================================================
2026-08-21 14:55:27,664  [INFO    ]  main - Processing [75/161]: Indra Gandhi National Open University.png  |  Graduation Certificate  |  Attempt 1
2026-08-21 14:55:27,664  [INFO    ]  main - ============================================================
2026-08-21 14:55:27,873  [INFO    ]  doc_uploader - Selecting document type: 'Graduation Certificate'
2026-08-21 14:55:27,914  [INFO    ]  doc_uploader - Selected by visible text: 'Graduation Certificate'
2026-08-21 14:55:27,914  [INFO    ]  doc_uploader - Ensuring 'Plain extraction' is selected...
2026-08-21 14:55:33,290  [INFO    ]  doc_uploader - Clicked Plain extraction text element.
2026-08-21 14:55:33,290  [INFO    ]  doc_uploader - Uploading file: D:\ai_doc_automation\Test Data\Degree Certificate\Indra Gandhi National Open University.png
2026-08-21 14:55:33,306  [INFO    ]  doc_uploader - File input found via JS querySelector.
2026-08-21 14:55:45,689  [INFO    ]  doc_uploader - File uploaded successfully.
2026-08-21 14:55:45,689  [INFO    ]  doc_uploader - Pre-submit verification...
2026-08-21 14:55:55,834  [INFO    ]  doc_uploader - Ensuring 'Plain extraction' is selected...
2026-08-21 14:56:01,244  [INFO    ]  doc_uploader - Clicked Plain extraction text element.
2026-08-21 14:56:11,327  [INFO    ]  doc_uploader - Clicking 'Submit to engine'...
2026-08-21 14:56:20,472  [WARNING ]  doc_uploader - Upload error detected via XPath: Upload a JPEG, PNG, WebP, or PDF document up to 5 MB.
2026-08-21 14:56:20,472  [WARNING ]  main - File upload rejected for Indra Gandhi National Open University.png: Upload a JPEG, PNG, WebP, or PDF document up to 5 MB.
2026-08-21 14:56:20,621  [INFO    ]  doc_uploader - Screenshot saved: D:\ai_doc_automation\output\screenshots\20260821_145620_upload_rejected_Indra Gandhi National Open University.png.png
2026-08-21 14:56:20,959  [ERROR   ]  main - Top-level exception processing document: 'Processing Time (s)'
2026-08-21 14:56:20,959  [INFO    ]  doc_uploader - Resetting form for next submission...
2026-08-21 14:56:31,565  [INFO    ]  doc_uploader - Navigating to Verify Document page to reset form.
2026-08-21 14:56:31,565  [INFO    ]  doc_uploader - Navigating to 'Verify Document' page...
2026-08-21 14:56:33,449  [INFO    ]  doc_uploader - On Verify Document page.
2026-08-21 14:56:34,450  [INFO    ]  main - 
[76/161] D:\ai_doc_automation\Test Data\Degree Certificate\ISPAT Autonomous College Rourkela.png
2026-08-21 14:56:34,450  [INFO    ]  main - ============================================================
2026-08-21 14:56:34,450  [INFO    ]  main - Processing [76/161]: ISPAT Autonomous College Rourkela.png  |  Graduation Certificate  |  Attempt 1
2026-08-21 14:56:34,450  [INFO    ]  main - ============================================================
2026-08-21 14:56:34,676  [INFO    ]  doc_uploader - Selecting document type: 'Graduation Certificate'
2026-08-21 14:56:34,820  [INFO    ]  doc_uploader - Selected by visible text: 'Graduation Certificate'
2026-08-21 14:56:34,821  [INFO    ]  doc_uploader - Ensuring 'Plain extraction' is selected...
2026-08-21 14:56:40,236  [INFO    ]  doc_uploader - Clicked Plain extraction text element.
2026-08-21 14:56:40,249  [INFO    ]  doc_uploader - Uploading file: D:\ai_doc_automation\Test Data\Degree Certificate\ISPAT Autonomous College Rourkela.png
2026-08-21 14:56:40,259  [INFO    ]  doc_uploader - File input found via JS querySelector.
2026-08-21 14:56:52,704  [INFO    ]  doc_uploader - File uploaded successfully.
2026-08-21 14:56:52,705  [INFO    ]  doc_uploader - Pre-submit verification...
2026-08-21 14:57:02,846  [WARNING ]  doc_uploader - Dropdown mismatch! Expected 'Graduation Certificate', found 'Aadhaar Card'. Re-selecting.
2026-08-21 14:57:02,846  [INFO    ]  doc_uploader - Selecting document type: 'Graduation Certificate'
2026-08-21 14:57:02,942  [INFO    ]  doc_uploader - Selected by visible text: 'Graduation Certificate'
2026-08-21 14:57:02,942  [INFO    ]  doc_uploader - Ensuring 'Plain extraction' is selected...
2026-08-21 14:57:08,315  [INFO    ]  doc_uploader - Clicked Plain extraction text element.
2026-08-21 14:57:18,455  [INFO    ]  doc_uploader - Clicking 'Submit to engine'...
2026-08-21 14:57:29,914  [INFO    ]  doc_uploader - Submitted to engine. Waiting for result...
2026-08-21 14:57:29,914  [INFO    ]  doc_uploader - Waiting for engine result (timeout=90s)...
2026-08-21 14:57:55,155  [INFO    ]  doc_uploader - Result appeared after 25s.
2026-08-21 14:57:56,341  [INFO    ]  doc_uploader - Screenshot saved: D:\ai_doc_automation\output\screenshots\20260821_145756_result_ISPAT Autonomous College Rourkela.png.png
2026-08-21 14:57:56,344  [INFO    ]  result_parser - Reading verdict from Overview tab...
2026-08-21 14:58:12,831  [INFO    ]  result_parser - Verdict: SUCCESS (from verdict card)
2026-08-21 14:58:12,832  [INFO    ]  result_parser - Clicking Extraction tab...
2026-08-21 14:58:14,713  [INFO    ]  result_parser - On Extraction tab.
2026-08-21 14:58:14,719  [INFO    ]  result_parser - JS parse: 16 fields
2026-08-21 14:58:14,834  [INFO    ]  doc_uploader - Screenshot saved: D:\ai_doc_automation\output\screenshots\20260821_145814_extracted_ISPAT Autonomous College Rourkela.png.png
2026-08-21 14:58:15,314  [ERROR   ]  main - Top-level exception processing document: 'Processing Time (s)'
2026-08-21 14:58:15,315  [INFO    ]  doc_uploader - Resetting form for next submission...
2026-08-21 14:58:17,218  [INFO    ]  doc_uploader - New submission clicked — form reset.
2026-08-21 14:58:18,220  [INFO    ]  main - 
[77/161] D:\ai_doc_automation\Test Data\Degree Certificate\JAMIA MILIA ISLAMIA Unversity Defgree Certificate.pdf
2026-08-21 14:58:18,220  [INFO    ]  main - ============================================================
2026-08-21 14:58:18,220  [INFO    ]  main - Processing [77/161]: JAMIA MILIA ISLAMIA Unversity Defgree Certificate.pdf  |  Graduation Certificate  |  Attempt 1
2026-08-21 14:58:18,220  [INFO    ]  main - ============================================================
2026-08-21 14:58:18,479  [INFO    ]  doc_uploader - Selecting document type: 'Graduation Certificate'
2026-08-21 14:58:18,535  [INFO    ]  doc_uploader - Selected by visible text: 'Graduation Certificate'
2026-08-21 14:58:18,535  [INFO    ]  doc_uploader - Ensuring 'Plain extraction' is selected...
2026-08-21 14:58:23,915  [INFO    ]  doc_uploader - Clicked Plain extraction text element.
2026-08-21 14:58:23,916  [INFO    ]  doc_uploader - Uploading file: D:\ai_doc_automation\Test Data\Degree Certificate\JAMIA MILIA ISLAMIA Unversity Defgree Certificate.pdf
2026-08-21 14:58:23,923  [INFO    ]  doc_uploader - File input found via JS querySelector.
2026-08-21 14:58:36,394  [INFO    ]  doc_uploader - File uploaded successfully.
2026-08-21 14:58:36,395  [INFO    ]  doc_uploader - Pre-submit verification...
2026-08-21 14:58:46,586  [INFO    ]  doc_uploader - Ensuring 'Plain extraction' is selected...
2026-08-21 14:58:51,978  [INFO    ]  doc_uploader - Clicked Plain extraction text element.
2026-08-21 14:59:02,037  [INFO    ]  doc_uploader - Clicking 'Submit to engine'...
2026-08-21 14:59:13,521  [INFO    ]  doc_uploader - Submitted to engine. Waiting for result...
2026-08-21 14:59:13,521  [INFO    ]  doc_uploader - Waiting for engine result (timeout=90s)...
2026-08-21 14:59:18,346  [INFO    ]  doc_uploader - Result appeared after 0s.
2026-08-21 14:59:19,483  [INFO    ]  doc_uploader - Screenshot saved: D:\ai_doc_automation\output\screenshots\20260821_145919_result_JAMIA MILIA ISLAMIA Unversity Defgree Certificate.pdf.png
2026-08-21 14:59:19,483  [INFO    ]  result_parser - Reading verdict from Overview tab...
2026-08-21 14:59:36,020  [INFO    ]  result_parser - Verdict: SUCCESS (from verdict card)
2026-08-21 14:59:36,020  [INFO    ]  result_parser - Clicking Extraction tab...
2026-08-21 14:59:37,908  [INFO    ]  result_parser - On Extraction tab.
2026-08-21 14:59:37,913  [INFO    ]  result_parser - JS parse: 16 fields
2026-08-21 14:59:38,029  [INFO    ]  doc_uploader - Screenshot saved: D:\ai_doc_automation\output\screenshots\20260821_145937_extracted_JAMIA MILIA ISLAMIA Unversity Defgree Certificate.pdf.png
2026-08-21 14:59:38,420  [ERROR   ]  main - Top-level exception processing document: 'Processing Time (s)'
2026-08-21 14:59:38,420  [INFO    ]  doc_uploader - Resetting form for next submission...
2026-08-21 14:59:40,299  [INFO    ]  doc_uploader - New submission clicked — form reset.
2026-08-21 14:59:41,300  [INFO    ]  main - 
[78/161] D:\ai_doc_automation\Test Data\Degree Certificate\KIIT University.png
2026-08-21 14:59:41,300  [INFO    ]  main - ============================================================
2026-08-21 14:59:41,300  [INFO    ]  main - Processing [78/161]: KIIT University.png  |  Graduation Certificate  |  Attempt 1
2026-08-21 14:59:41,300  [INFO    ]  main - ============================================================
2026-08-21 14:59:41,507  [INFO    ]  doc_uploader - Selecting document type: 'Graduation Certificate'
2026-08-21 14:59:41,585  [INFO    ]  doc_uploader - Selected by visible text: 'Graduation Certificate'
2026-08-21 14:59:41,586  [INFO    ]  doc_uploader - Ensuring 'Plain extraction' is selected...
2026-08-21 14:59:47,094  [INFO    ]  doc_uploader - Clicked Plain extraction text element.
2026-08-21 14:59:47,096  [INFO    ]  doc_uploader - Uploading file: D:\ai_doc_automation\Test Data\Degree Certificate\KIIT University.png
2026-08-21 14:59:47,104  [INFO    ]  doc_uploader - File input found via JS querySelector.
2026-08-21 14:59:59,498  [INFO    ]  doc_uploader - File uploaded successfully.
2026-08-21 14:59:59,498  [INFO    ]  doc_uploader - Pre-submit verification...
2026-08-21 15:00:09,676  [INFO    ]  doc_uploader - Ensuring 'Plain extraction' is selected...
2026-08-21 15:00:15,084  [INFO    ]  doc_uploader - Clicked Plain extraction text element.
2026-08-21 15:00:25,159  [INFO    ]  doc_uploader - Clicking 'Submit to engine'...
2026-08-21 15:00:36,587  [INFO    ]  doc_uploader - Submitted to engine. Waiting for result...
2026-08-21 15:00:36,587  [INFO    ]  doc_uploader - Waiting for engine result (timeout=90s)...
2026-08-21 15:01:01,762  [INFO    ]  doc_uploader - Result appeared after 25s.
2026-08-21 15:01:02,873  [INFO    ]  doc_uploader - Screenshot saved: D:\ai_doc_automation\output\screenshots\20260821_150102_result_KIIT University.png.png
2026-08-21 15:01:02,873  [INFO    ]  result_parser - Reading verdict from Overview tab...
2026-08-21 15:01:19,309  [INFO    ]  result_parser - Verdict: SUCCESS (from verdict card)
2026-08-21 15:01:19,309  [INFO    ]  result_parser - Clicking Extraction tab...
2026-08-21 15:01:21,191  [INFO    ]  result_parser - On Extraction tab.
2026-08-21 15:01:21,191  [INFO    ]  result_parser - JS parse: 16 fields
2026-08-21 15:01:21,319  [INFO    ]  doc_uploader - Screenshot saved: D:\ai_doc_automation\output\screenshots\20260821_150121_extracted_KIIT University.png.png
2026-08-21 15:01:21,641  [ERROR   ]  main - Top-level exception processing document: 'Processing Time (s)'
2026-08-21 15:01:21,641  [INFO    ]  doc_uploader - Resetting form for next submission...
2026-08-21 15:01:23,524  [INFO    ]  doc_uploader - New submission clicked — form reset.
2026-08-21 15:01:24,525  [INFO    ]  main - 
[79/161] D:\ai_doc_automation\Test Data\Degree Certificate\LaxmiNarayan College Jarsuguda .png
2026-08-21 15:01:24,525  [INFO    ]  main - ============================================================
2026-08-21 15:01:24,525  [INFO    ]  main - Processing [79/161]: LaxmiNarayan College Jarsuguda .png  |  Graduation Certificate  |  Attempt 1
2026-08-21 15:01:24,525  [INFO    ]  main - ============================================================
2026-08-21 15:01:24,730  [INFO    ]  doc_uploader - Selecting document type: 'Graduation Certificate'
2026-08-21 15:01:24,781  [INFO    ]  doc_uploader - Selected by visible text: 'Graduation Certificate'
2026-08-21 15:01:24,781  [INFO    ]  doc_uploader - Ensuring 'Plain extraction' is selected...
2026-08-21 15:01:30,203  [INFO    ]  doc_uploader - Clicked Plain extraction text element.
2026-08-21 15:01:30,203  [INFO    ]  doc_uploader - Uploading file: D:\ai_doc_automation\Test Data\Degree Certificate\LaxmiNarayan College Jarsuguda .png
2026-08-21 15:01:30,203  [INFO    ]  doc_uploader - File input found via JS querySelector.
2026-08-21 15:01:42,606  [INFO    ]  doc_uploader - File uploaded successfully.
2026-08-21 15:01:42,606  [INFO    ]  doc_uploader - Pre-submit verification...
2026-08-21 15:01:52,741  [INFO    ]  doc_uploader - Ensuring 'Plain extraction' is selected...
2026-08-21 15:01:58,170  [INFO    ]  doc_uploader - Clicked Plain extraction text element.
2026-08-21 15:02:08,225  [INFO    ]  doc_uploader - Clicking 'Submit to engine'...
2026-08-21 15:02:19,661  [INFO    ]  doc_uploader - Submitted to engine. Waiting for result...
2026-08-21 15:02:19,661  [INFO    ]  doc_uploader - Waiting for engine result (timeout=90s)...
2026-08-21 15:02:44,834  [INFO    ]  doc_uploader - Result appeared after 25s.
2026-08-21 15:02:45,965  [INFO    ]  doc_uploader - Screenshot saved: D:\ai_doc_automation\output\screenshots\20260821_150245_result_LaxmiNarayan College Jarsuguda .png.png
2026-08-21 15:02:45,965  [INFO    ]  result_parser - Reading verdict from Overview tab...
2026-08-21 15:03:02,530  [INFO    ]  result_parser - Verdict: SUCCESS (from verdict card)
2026-08-21 15:03:02,531  [INFO    ]  result_parser - Clicking Extraction tab...
2026-08-21 15:03:04,460  [INFO    ]  result_parser - On Extraction tab.
2026-08-21 15:03:04,468  [INFO    ]  result_parser - JS parse: 16 fields
2026-08-21 15:03:04,612  [INFO    ]  doc_uploader - Screenshot saved: D:\ai_doc_automation\output\screenshots\20260821_150304_extracted_LaxmiNarayan College Jarsuguda .png.png
2026-08-21 15:03:05,145  [ERROR   ]  main - Top-level exception processing document: 'Processing Time (s)'
2026-08-21 15:03:05,146  [INFO    ]  doc_uploader - Resetting form for next submission...
2026-08-21 15:03:07,047  [INFO    ]  doc_uploader - New submission clicked — form reset.
2026-08-21 15:03:08,048  [INFO    ]  main - 
[80/161] D:\ai_doc_automation\Test Data\Degree Certificate\Maharaja Shri RamChandra Bhanja Deo University.png
2026-08-21 15:03:08,049  [INFO    ]  main - ============================================================
2026-08-21 15:03:08,050  [INFO    ]  main - Processing [80/161]: Maharaja Shri RamChandra Bhanja Deo University.png  |  Graduation Certificate  |  Attempt 1
2026-08-21 15:03:08,050  [INFO    ]  main - ============================================================
2026-08-21 15:03:08,489  [INFO    ]  doc_uploader - Selecting document type: 'Graduation Certificate'
2026-08-21 15:03:08,562  [INFO    ]  doc_uploader - Selected by visible text: 'Graduation Certificate'
2026-08-21 15:03:08,562  [INFO    ]  doc_uploader - Ensuring 'Plain extraction' is selected...
2026-08-21 15:03:14,395  [INFO    ]  doc_uploader - Clicked Plain extraction text element.
2026-08-21 15:03:14,395  [INFO    ]  doc_uploader - Uploading file: D:\ai_doc_automation\Test Data\Degree Certificate\Maharaja Shri RamChandra Bhanja Deo University.png
2026-08-21 15:03:14,407  [INFO    ]  doc_uploader - File input found via JS querySelector.
2026-08-21 15:03:26,876  [INFO    ]  doc_uploader - File uploaded successfully.
2026-08-21 15:03:26,876  [INFO    ]  doc_uploader - Pre-submit verification...
2026-08-21 15:03:37,233  [INFO    ]  doc_uploader - Ensuring 'Plain extraction' is selected...
2026-08-21 15:03:42,723  [INFO    ]  doc_uploader - Clicked Plain extraction text element.
2026-08-21 15:03:52,761  [INFO    ]  doc_uploader - Clicking 'Submit to engine'...
2026-08-21 15:04:04,276  [INFO    ]  doc_uploader - Submitted to engine. Waiting for result...
2026-08-21 15:04:04,276  [INFO    ]  doc_uploader - Waiting for engine result (timeout=90s)...
2026-08-21 15:04:30,056  [INFO    ]  doc_uploader - Result appeared after 25s.
2026-08-21 15:04:31,196  [INFO    ]  doc_uploader - Screenshot saved: D:\ai_doc_automation\output\screenshots\20260821_150431_result_Maharaja Shri RamChandra Bhanja Deo University.png.png
2026-08-21 15:04:31,196  [INFO    ]  result_parser - Reading verdict from Overview tab...
2026-08-21 15:04:47,694  [INFO    ]  result_parser - Verdict: SUCCESS (from verdict card)
2026-08-21 15:04:47,694  [INFO    ]  result_parser - Clicking Extraction tab...
2026-08-21 15:04:49,597  [INFO    ]  result_parser - On Extraction tab.
2026-08-21 15:04:49,597  [INFO    ]  result_parser - JS parse: 16 fields
2026-08-21 15:04:49,758  [INFO    ]  doc_uploader - Screenshot saved: D:\ai_doc_automation\output\screenshots\20260821_150449_extracted_Maharaja Shri RamChandra Bhanja Deo University.png.png
2026-08-21 15:04:50,140  [ERROR   ]  main - Top-level exception processing document: 'Processing Time (s)'
2026-08-21 15:04:50,140  [INFO    ]  doc_uploader - Resetting form for next submission...
2026-08-21 15:04:52,014  [INFO    ]  doc_uploader - New submission clicked — form reset.
2026-08-21 15:04:53,014  [INFO    ]  main - 
[81/161] D:\ai_doc_automation\Test Data\Degree Certificate\Maharaja Sriram Chandra Deo University.pdf
2026-08-21 15:04:53,014  [INFO    ]  main - ============================================================
2026-08-21 15:04:53,014  [INFO    ]  main - Processing [81/161]: Maharaja Sriram Chandra Deo University.pdf  |  Graduation Certificate  |  Attempt 1
2026-08-21 15:04:53,014  [INFO    ]  main - ============================================================
2026-08-21 15:04:53,262  [INFO    ]  doc_uploader - Selecting document type: 'Graduation Certificate'
2026-08-21 15:04:53,307  [INFO    ]  doc_uploader - Selected by visible text: 'Graduation Certificate'
2026-08-21 15:04:53,307  [INFO    ]  doc_uploader - Ensuring 'Plain extraction' is selected...
2026-08-21 15:04:58,676  [INFO    ]  doc_uploader - Clicked Plain extraction text element.
2026-08-21 15:04:58,720  [INFO    ]  doc_uploader - Uploading file: D:\ai_doc_automation\Test Data\Degree Certificate\Maharaja Sriram Chandra Deo University.pdf
2026-08-21 15:04:58,725  [INFO    ]  doc_uploader - File input found via JS querySelector.
2026-08-21 15:05:11,183  [INFO    ]  doc_uploader - File uploaded successfully.
2026-08-21 15:05:11,183  [INFO    ]  doc_uploader - Pre-submit verification...
2026-08-21 15:05:21,362  [INFO    ]  doc_uploader - Ensuring 'Plain extraction' is selected...
2026-08-21 15:05:26,766  [INFO    ]  doc_uploader - Clicked Plain extraction text element.
2026-08-21 15:05:36,847  [INFO    ]  doc_uploader - Clicking 'Submit to engine'...
2026-08-21 15:05:48,356  [INFO    ]  doc_uploader - Submitted to engine. Waiting for result...
2026-08-21 15:05:48,356  [INFO    ]  doc_uploader - Waiting for engine result (timeout=90s)...
2026-08-21 15:05:53,067  [INFO    ]  doc_uploader - Result appeared after 0s.
2026-08-21 15:05:54,168  [INFO    ]  doc_uploader - Screenshot saved: D:\ai_doc_automation\output\screenshots\20260821_150554_result_Maharaja Sriram Chandra Deo University.pdf.png
2026-08-21 15:05:54,168  [INFO    ]  result_parser - Reading verdict from Overview tab...
2026-08-21 15:06:10,693  [INFO    ]  result_parser - Verdict: SUCCESS (from verdict card)
2026-08-21 15:06:10,693  [INFO    ]  result_parser - Clicking Extraction tab...
2026-08-21 15:06:12,579  [INFO    ]  result_parser - On Extraction tab.
2026-08-21 15:06:12,583  [INFO    ]  result_parser - JS parse: 16 fields
2026-08-21 15:06:12,681  [INFO    ]  doc_uploader - Screenshot saved: D:\ai_doc_automation\output\screenshots\20260821_150612_extracted_Maharaja Sriram Chandra Deo University.pdf.png
2026-08-21 15:06:13,022  [ERROR   ]  main - Top-level exception processing document: 'Processing Time (s)'
2026-08-21 15:06:13,022  [INFO    ]  doc_uploader - Resetting form for next submission...
2026-08-21 15:06:14,900  [INFO    ]  doc_uploader - New submission clicked — form reset.
2026-08-21 15:06:15,901  [INFO    ]  main - 
[82/161] D:\ai_doc_automation\Test Data\Degree Certificate\MCP Autonomous College Takhatpur Baripada.png
2026-08-21 15:06:15,901  [INFO    ]  main - ============================================================
2026-08-21 15:06:15,901  [INFO    ]  main - Processing [82/161]: MCP Autonomous College Takhatpur Baripada.png  |  Graduation Certificate  |  Attempt 1
2026-08-21 15:06:15,901  [INFO    ]  main - ============================================================
2026-08-21 15:06:16,162  [INFO    ]  doc_uploader - Selecting document type: 'Graduation Certificate'
2026-08-21 15:06:16,193  [INFO    ]  doc_uploader - Selected by visible text: 'Graduation Certificate'
2026-08-21 15:06:16,193  [INFO    ]  doc_uploader - Ensuring 'Plain extraction' is selected...
2026-08-21 15:06:21,610  [INFO    ]  doc_uploader - Clicked Plain extraction text element.
2026-08-21 15:06:21,610  [INFO    ]  doc_uploader - Uploading file: D:\ai_doc_automation\Test Data\Degree Certificate\MCP Autonomous College Takhatpur Baripada.png
2026-08-21 15:06:21,615  [INFO    ]  doc_uploader - File input found via JS querySelector.
2026-08-21 15:06:34,003  [INFO    ]  doc_uploader - File uploaded successfully.
2026-08-21 15:06:34,003  [INFO    ]  doc_uploader - Pre-submit verification...
2026-08-21 15:06:44,195  [INFO    ]  doc_uploader - Ensuring 'Plain extraction' is selected...
2026-08-21 15:06:49,616  [INFO    ]  doc_uploader - Clicked Plain extraction text element.
2026-08-21 15:06:59,728  [INFO    ]  doc_uploader - Clicking 'Submit to engine'...
2026-08-21 15:07:11,182  [INFO    ]  doc_uploader - Submitted to engine. Waiting for result...
2026-08-21 15:07:11,182  [INFO    ]  doc_uploader - Waiting for engine result (timeout=90s)...
2026-08-21 15:07:36,433  [INFO    ]  doc_uploader - Result appeared after 25s.
2026-08-21 15:07:37,527  [INFO    ]  doc_uploader - Screenshot saved: D:\ai_doc_automation\output\screenshots\20260821_150737_result_MCP Autonomous College Takhatpur Baripada.png.png
2026-08-21 15:07:37,527  [INFO    ]  result_parser - Reading verdict from Overview tab...
2026-08-21 15:07:54,029  [INFO    ]  result_parser - Verdict: SUCCESS (from verdict card)
2026-08-21 15:07:54,029  [INFO    ]  result_parser - Clicking Extraction tab...
2026-08-21 15:07:55,922  [INFO    ]  result_parser - On Extraction tab.
2026-08-21 15:07:55,924  [INFO    ]  result_parser - JS parse: 16 fields
2026-08-21 15:07:56,027  [INFO    ]  doc_uploader - Screenshot saved: D:\ai_doc_automation\output\screenshots\20260821_150755_extracted_MCP Autonomous College Takhatpur Baripada.png.png
2026-08-21 15:07:56,410  [ERROR   ]  main - Top-level exception processing document: 'Processing Time (s)'
2026-08-21 15:07:56,410  [INFO    ]  doc_uploader - Resetting form for next submission...
2026-08-21 15:07:58,300  [INFO    ]  doc_uploader - New submission clicked — form reset.
2026-08-21 15:07:59,300  [INFO    ]  main - 
[83/161] D:\ai_doc_automation\Test Data\Degree Certificate\National Open School 12th Marksheet.pdf
2026-08-21 15:07:59,300  [INFO    ]  main - ============================================================
2026-08-21 15:07:59,300  [INFO    ]  main - Processing [83/161]: National Open School 12th Marksheet.pdf  |  Graduation Certificate  |  Attempt 1
2026-08-21 15:07:59,300  [INFO    ]  main - ============================================================
2026-08-21 15:07:59,504  [INFO    ]  doc_uploader - Selecting document type: 'Graduation Certificate'
2026-08-21 15:07:59,552  [INFO    ]  doc_uploader - Selected by visible text: 'Graduation Certificate'
2026-08-21 15:07:59,552  [INFO    ]  doc_uploader - Ensuring 'Plain extraction' is selected...
2026-08-21 15:08:04,933  [INFO    ]  doc_uploader - Clicked Plain extraction text element.
2026-08-21 15:08:04,933  [INFO    ]  doc_uploader - Uploading file: D:\ai_doc_automation\Test Data\Degree Certificate\National Open School 12th Marksheet.pdf
2026-08-21 15:08:04,933  [INFO    ]  doc_uploader - File input found via JS querySelector.
2026-08-21 15:08:17,412  [INFO    ]  doc_uploader - File uploaded successfully.
2026-08-21 15:08:17,412  [INFO    ]  doc_uploader - Pre-submit verification...
2026-08-21 15:08:27,586  [INFO    ]  doc_uploader - Ensuring 'Plain extraction' is selected...
2026-08-21 15:08:32,991  [INFO    ]  doc_uploader - Clicked Plain extraction text element.
2026-08-21 15:08:43,025  [INFO    ]  doc_uploader - Clicking 'Submit to engine'...
2026-08-21 15:08:54,518  [INFO    ]  doc_uploader - Submitted to engine. Waiting for result...
2026-08-21 15:08:54,518  [INFO    ]  doc_uploader - Waiting for engine result (timeout=90s)...
2026-08-21 15:08:55,264  [INFO    ]  doc_uploader - Result appeared after 0s.
2026-08-21 15:08:56,404  [INFO    ]  doc_uploader - Screenshot saved: D:\ai_doc_automation\output\screenshots\20260821_150856_result_National Open School 12th Marksheet.pdf.png
2026-08-21 15:08:56,406  [INFO    ]  result_parser - Reading verdict from Overview tab...
2026-08-21 15:08:56,434  [INFO    ]  result_parser - Verdict: FAILED (Pipeline Failure banner detected: TRANSACTION COMPLETE — Pipeline failure result — TXN-20260820-7341043840)
2026-08-21 15:08:56,434  [INFO    ]  result_parser - Skipping extraction (status=FAILED).
2026-08-21 15:08:56,804  [ERROR   ]  main - Top-level exception processing document: 'Processing Time (s)'
2026-08-21 15:08:56,804  [INFO    ]  doc_uploader - Resetting form for next submission...
2026-08-21 15:08:58,676  [INFO    ]  doc_uploader - New submission clicked — form reset.
2026-08-21 15:08:59,676  [INFO    ]  main - 
[84/161] D:\ai_doc_automation\Test Data\Degree Certificate\National Sanskrit University.png
2026-08-21 15:08:59,676  [INFO    ]  main - ============================================================
2026-08-21 15:08:59,676  [INFO    ]  main - Processing [84/161]: National Sanskrit University.png  |  Graduation Certificate  |  Attempt 1
2026-08-21 15:08:59,676  [INFO    ]  main - ============================================================
2026-08-21 15:08:59,898  [INFO    ]  doc_uploader - Selecting document type: 'Graduation Certificate'
2026-08-21 15:08:59,933  [INFO    ]  doc_uploader - Selected by visible text: 'Graduation Certificate'
2026-08-21 15:08:59,933  [INFO    ]  doc_uploader - Ensuring 'Plain extraction' is selected...
2026-08-21 15:09:05,339  [INFO    ]  doc_uploader - Clicked Plain extraction text element.
2026-08-21 15:09:05,386  [INFO    ]  doc_uploader - Uploading file: D:\ai_doc_automation\Test Data\Degree Certificate\National Sanskrit University.png
2026-08-21 15:09:05,391  [INFO    ]  doc_uploader - File input found via JS querySelector.
2026-08-21 15:09:17,743  [INFO    ]  doc_uploader - File uploaded successfully.
2026-08-21 15:09:17,743  [INFO    ]  doc_uploader - Pre-submit verification...
2026-08-21 15:09:27,888  [INFO    ]  doc_uploader - Ensuring 'Plain extraction' is selected...
2026-08-21 15:09:33,324  [INFO    ]  doc_uploader - Clicked Plain extraction text element.
2026-08-21 15:09:43,404  [INFO    ]  doc_uploader - Clicking 'Submit to engine'...
2026-08-21 15:09:54,822  [INFO    ]  doc_uploader - Submitted to engine. Waiting for result...
2026-08-21 15:09:54,822  [INFO    ]  doc_uploader - Waiting for engine result (timeout=90s)...
2026-08-21 15:10:19,998  [INFO    ]  doc_uploader - Result appeared after 25s.
2026-08-21 15:10:21,106  [INFO    ]  doc_uploader - Screenshot saved: D:\ai_doc_automation\output\screenshots\20260821_151021_result_National Sanskrit University.png.png
2026-08-21 15:10:21,106  [INFO    ]  result_parser - Reading verdict from Overview tab...
2026-08-21 15:10:37,638  [INFO    ]  result_parser - Verdict: SUCCESS (from verdict card)
2026-08-21 15:10:37,654  [INFO    ]  result_parser - Clicking Extraction tab...
2026-08-21 15:10:39,518  [INFO    ]  result_parser - On Extraction tab.
2026-08-21 15:10:39,518  [INFO    ]  result_parser - JS parse: 16 fields
2026-08-21 15:10:39,626  [INFO    ]  doc_uploader - Screenshot saved: D:\ai_doc_automation\output\screenshots\20260821_151039_extracted_National Sanskrit University.png.png
2026-08-21 15:10:39,957  [ERROR   ]  main - Top-level exception processing document: 'Processing Time (s)'
2026-08-21 15:10:39,957  [INFO    ]  doc_uploader - Resetting form for next submission...
2026-08-21 15:10:41,826  [INFO    ]  doc_uploader - New submission clicked — form reset.
2026-08-21 15:10:42,827  [INFO    ]  main - 
[85/161] D:\ai_doc_automation\Test Data\Degree Certificate\Orissa GIET University Degree Certificate.pdf
2026-08-21 15:10:42,827  [INFO    ]  main - ============================================================
2026-08-21 15:10:42,827  [INFO    ]  main - Processing [85/161]: Orissa GIET University Degree Certificate.pdf  |  Graduation Certificate  |  Attempt 1
2026-08-21 15:10:42,827  [INFO    ]  main - ============================================================
2026-08-21 15:10:43,048  [INFO    ]  doc_uploader - Selecting document type: 'Graduation Certificate'
2026-08-21 15:10:43,104  [INFO    ]  doc_uploader - Selected by visible text: 'Graduation Certificate'
2026-08-21 15:10:43,104  [INFO    ]  doc_uploader - Ensuring 'Plain extraction' is selected...
2026-08-21 15:10:48,510  [INFO    ]  doc_uploader - Clicked Plain extraction text element.
2026-08-21 15:10:48,510  [INFO    ]  doc_uploader - Uploading file: D:\ai_doc_automation\Test Data\Degree Certificate\Orissa GIET University Degree Certificate.pdf
2026-08-21 15:10:48,515  [INFO    ]  doc_uploader - File input found via JS querySelector.
2026-08-21 15:11:00,936  [INFO    ]  doc_uploader - File uploaded successfully.
2026-08-21 15:11:00,936  [INFO    ]  doc_uploader - Pre-submit verification...
2026-08-21 15:11:11,098  [INFO    ]  doc_uploader - Ensuring 'Plain extraction' is selected...
2026-08-21 15:11:16,515  [INFO    ]  doc_uploader - Clicked Plain extraction text element.
2026-08-21 15:11:26,556  [INFO    ]  doc_uploader - Clicking 'Submit to engine'...
2026-08-21 15:11:37,978  [INFO    ]  doc_uploader - Submitted to engine. Waiting for result...
2026-08-21 15:11:37,978  [INFO    ]  doc_uploader - Waiting for engine result (timeout=90s)...
2026-08-21 15:11:42,720  [INFO    ]  doc_uploader - Result appeared after 0s.
2026-08-21 15:11:43,842  [INFO    ]  doc_uploader - Screenshot saved: D:\ai_doc_automation\output\screenshots\20260821_151143_result_Orissa GIET University Degree Certificate.pdf.png
2026-08-21 15:11:43,842  [INFO    ]  result_parser - Reading verdict from Overview tab...
2026-08-21 15:12:00,377  [INFO    ]  result_parser - Verdict: SUCCESS (from verdict card)
2026-08-21 15:12:00,377  [INFO    ]  result_parser - Clicking Extraction tab...
2026-08-21 15:12:02,255  [INFO    ]  result_parser - On Extraction tab.
2026-08-21 15:12:02,255  [INFO    ]  result_parser - JS parse: 16 fields
2026-08-21 15:12:02,375  [INFO    ]  doc_uploader - Screenshot saved: D:\ai_doc_automation\output\screenshots\20260821_151202_extracted_Orissa GIET University Degree Certificate.pdf.png
2026-08-21 15:12:02,706  [ERROR   ]  main - Top-level exception processing document: 'Processing Time (s)'
2026-08-21 15:12:02,706  [INFO    ]  doc_uploader - Resetting form for next submission...
2026-08-21 15:12:04,600  [INFO    ]  doc_uploader - New submission clicked — form reset.
2026-08-21 15:12:05,601  [INFO    ]  main - 
[86/161] D:\ai_doc_automation\Test Data\Degree Certificate\Prananath College Autonomous Khorda.png
2026-08-21 15:12:05,601  [INFO    ]  main - ============================================================
2026-08-21 15:12:05,601  [INFO    ]  main - Processing [86/161]: Prananath College Autonomous Khorda.png  |  Graduation Certificate  |  Attempt 1
2026-08-21 15:12:05,601  [INFO    ]  main - ============================================================
2026-08-21 15:12:05,803  [INFO    ]  doc_uploader - Selecting document type: 'Graduation Certificate'
2026-08-21 15:12:05,842  [INFO    ]  doc_uploader - Selected by visible text: 'Graduation Certificate'
2026-08-21 15:12:05,842  [INFO    ]  doc_uploader - Ensuring 'Plain extraction' is selected...
2026-08-21 15:12:11,266  [INFO    ]  doc_uploader - Clicked Plain extraction text element.
2026-08-21 15:12:11,293  [INFO    ]  doc_uploader - Uploading file: D:\ai_doc_automation\Test Data\Degree Certificate\Prananath College Autonomous Khorda.png
2026-08-21 15:12:11,293  [INFO    ]  doc_uploader - File input found via JS querySelector.
2026-08-21 15:12:23,722  [INFO    ]  doc_uploader - File uploaded successfully.
2026-08-21 15:12:23,722  [INFO    ]  doc_uploader - Pre-submit verification...
2026-08-21 15:12:33,847  [INFO    ]  doc_uploader - Ensuring 'Plain extraction' is selected...
2026-08-21 15:12:39,262  [INFO    ]  doc_uploader - Clicked Plain extraction text element.
2026-08-21 15:12:49,333  [INFO    ]  doc_uploader - Clicking 'Submit to engine'...
2026-08-21 15:13:00,767  [INFO    ]  doc_uploader - Submitted to engine. Waiting for result...
2026-08-21 15:13:00,767  [INFO    ]  doc_uploader - Waiting for engine result (timeout=90s)...
2026-08-21 15:13:25,993  [INFO    ]  doc_uploader - Result appeared after 25s.
2026-08-21 15:13:27,096  [INFO    ]  doc_uploader - Screenshot saved: D:\ai_doc_automation\output\screenshots\20260821_151327_result_Prananath College Autonomous Khorda.png.png
2026-08-21 15:13:27,096  [INFO    ]  result_parser - Reading verdict from Overview tab...
2026-08-21 15:13:43,615  [INFO    ]  result_parser - Verdict: SUCCESS (from verdict card)
2026-08-21 15:13:43,615  [INFO    ]  result_parser - Clicking Extraction tab...
2026-08-21 15:13:45,498  [INFO    ]  result_parser - On Extraction tab.
2026-08-21 15:13:45,504  [INFO    ]  result_parser - JS parse: 16 fields
2026-08-21 15:13:45,594  [INFO    ]  doc_uploader - Screenshot saved: D:\ai_doc_automation\output\screenshots\20260821_151345_extracted_Prananath College Autonomous Khorda.png.png
2026-08-21 15:13:45,931  [ERROR   ]  main - Top-level exception processing document: 'Processing Time (s)'
2026-08-21 15:13:45,931  [INFO    ]  doc_uploader - Resetting form for next submission...
2026-08-21 15:13:47,808  [INFO    ]  doc_uploader - New submission clicked — form reset.
2026-08-21 15:13:48,808  [INFO    ]  main - 
[87/161] D:\ai_doc_automation\Test Data\Degree Certificate\Rajendra College.png
2026-08-21 15:13:48,808  [INFO    ]  main - ============================================================
2026-08-21 15:13:48,808  [INFO    ]  main - Processing [87/161]: Rajendra College.png  |  Graduation Certificate  |  Attempt 1
2026-08-21 15:13:48,808  [INFO    ]  main - ============================================================
2026-08-21 15:13:49,021  [INFO    ]  doc_uploader - Selecting document type: 'Graduation Certificate'
2026-08-21 15:13:49,068  [INFO    ]  doc_uploader - Selected by visible text: 'Graduation Certificate'
2026-08-21 15:13:49,068  [INFO    ]  doc_uploader - Ensuring 'Plain extraction' is selected...
2026-08-21 15:13:54,489  [INFO    ]  doc_uploader - Clicked Plain extraction text element.
2026-08-21 15:13:54,490  [INFO    ]  doc_uploader - Uploading file: D:\ai_doc_automation\Test Data\Degree Certificate\Rajendra College.png
2026-08-21 15:13:54,495  [INFO    ]  doc_uploader - File input found via JS querySelector.
2026-08-21 15:14:06,912  [INFO    ]  doc_uploader - File uploaded successfully.
2026-08-21 15:14:06,912  [INFO    ]  doc_uploader - Pre-submit verification...
2026-08-21 15:14:17,057  [INFO    ]  doc_uploader - Ensuring 'Plain extraction' is selected...
2026-08-21 15:14:22,502  [INFO    ]  doc_uploader - Clicked Plain extraction text element.
2026-08-21 15:14:32,598  [INFO    ]  doc_uploader - Clicking 'Submit to engine'...
2026-08-21 15:14:40,911  [WARNING ]  doc_uploader - Upload error detected via XPath: Upload a JPEG, PNG, WebP, or PDF document up to 5 MB.
2026-08-21 15:14:40,913  [WARNING ]  main - File upload rejected for Rajendra College.png: Upload a JPEG, PNG, WebP, or PDF document up to 5 MB.
2026-08-21 15:14:41,036  [INFO    ]  doc_uploader - Screenshot saved: D:\ai_doc_automation\output\screenshots\20260821_151440_upload_rejected_Rajendra College.png.png
2026-08-21 15:14:41,390  [ERROR   ]  main - Top-level exception processing document: 'Processing Time (s)'
2026-08-21 15:14:41,390  [INFO    ]  doc_uploader - Resetting form for next submission...
2026-08-21 15:14:51,978  [INFO    ]  doc_uploader - Navigating to Verify Document page to reset form.
2026-08-21 15:14:51,978  [INFO    ]  doc_uploader - Navigating to 'Verify Document' page...
2026-08-21 15:14:53,858  [INFO    ]  doc_uploader - On Verify Document page.
2026-08-21 15:14:54,859  [INFO    ]  main - 
[88/161] D:\ai_doc_automation\Test Data\Degree Certificate\Rajendra University.png
2026-08-21 15:14:54,859  [INFO    ]  main - ============================================================
2026-08-21 15:14:54,859  [INFO    ]  main - Processing [88/161]: Rajendra University.png  |  Graduation Certificate  |  Attempt 1
2026-08-21 15:14:54,859  [INFO    ]  main - ============================================================
2026-08-21 15:14:55,096  [INFO    ]  doc_uploader - Selecting document type: 'Graduation Certificate'
2026-08-21 15:14:55,174  [INFO    ]  doc_uploader - Selected by visible text: 'Graduation Certificate'
2026-08-21 15:14:55,174  [INFO    ]  doc_uploader - Ensuring 'Plain extraction' is selected...
2026-08-21 15:15:00,572  [INFO    ]  doc_uploader - Clicked Plain extraction text element.
2026-08-21 15:15:00,573  [INFO    ]  doc_uploader - Uploading file: D:\ai_doc_automation\Test Data\Degree Certificate\Rajendra University.png
2026-08-21 15:15:00,579  [INFO    ]  doc_uploader - File input found via JS querySelector.
2026-08-21 15:15:12,980  [INFO    ]  doc_uploader - File uploaded successfully.
2026-08-21 15:15:12,980  [INFO    ]  doc_uploader - Pre-submit verification...
2026-08-21 15:15:23,131  [WARNING ]  doc_uploader - Dropdown mismatch! Expected 'Graduation Certificate', found 'Aadhaar Card'. Re-selecting.
2026-08-21 15:15:23,131  [INFO    ]  doc_uploader - Selecting document type: 'Graduation Certificate'
2026-08-21 15:15:23,209  [INFO    ]  doc_uploader - Selected by visible text: 'Graduation Certificate'
2026-08-21 15:15:23,210  [INFO    ]  doc_uploader - Ensuring 'Plain extraction' is selected...
2026-08-21 15:15:28,592  [INFO    ]  doc_uploader - Clicked Plain extraction text element.
2026-08-21 15:15:38,696  [INFO    ]  doc_uploader - Clicking 'Submit to engine'...
2026-08-21 15:15:50,143  [INFO    ]  doc_uploader - Submitted to engine. Waiting for result...
2026-08-21 15:15:50,143  [INFO    ]  doc_uploader - Waiting for engine result (timeout=90s)...
2026-08-21 15:16:15,371  [INFO    ]  doc_uploader - Result appeared after 25s.
2026-08-21 15:16:16,488  [INFO    ]  doc_uploader - Screenshot saved: D:\ai_doc_automation\output\screenshots\20260821_151616_result_Rajendra University.png.png
2026-08-21 15:16:16,488  [INFO    ]  result_parser - Reading verdict from Overview tab...
2026-08-21 15:16:32,989  [INFO    ]  result_parser - Verdict: SUCCESS (from verdict card)
2026-08-21 15:16:32,989  [INFO    ]  result_parser - Clicking Extraction tab...
2026-08-21 15:16:34,869  [INFO    ]  result_parser - On Extraction tab.
2026-08-21 15:16:34,873  [INFO    ]  result_parser - JS parse: 16 fields
2026-08-21 15:16:34,970  [INFO    ]  doc_uploader - Screenshot saved: D:\ai_doc_automation\output\screenshots\20260821_151634_extracted_Rajendra University.png.png
2026-08-21 15:16:35,326  [ERROR   ]  main - Top-level exception processing document: 'Processing Time (s)'
2026-08-21 15:16:35,326  [INFO    ]  doc_uploader - Resetting form for next submission...
2026-08-21 15:16:37,199  [INFO    ]  doc_uploader - New submission clicked — form reset.
2026-08-21 15:16:38,200  [INFO    ]  main - 
[89/161] D:\ai_doc_automation\Test Data\Degree Certificate\Rama Devi Womens University.png
2026-08-21 15:16:38,200  [INFO    ]  main - ============================================================
2026-08-21 15:16:38,200  [INFO    ]  main - Processing [89/161]: Rama Devi Womens University.png  |  Graduation Certificate  |  Attempt 1
2026-08-21 15:16:38,200  [INFO    ]  main - ============================================================
2026-08-21 15:16:38,453  [INFO    ]  doc_uploader - Selecting document type: 'Graduation Certificate'
2026-08-21 15:16:38,492  [INFO    ]  doc_uploader - Selected by visible text: 'Graduation Certificate'
2026-08-21 15:16:38,492  [INFO    ]  doc_uploader - Ensuring 'Plain extraction' is selected...
2026-08-21 15:16:43,920  [INFO    ]  doc_uploader - Clicked Plain extraction text element.
2026-08-21 15:16:43,921  [INFO    ]  doc_uploader - Uploading file: D:\ai_doc_automation\Test Data\Degree Certificate\Rama Devi Womens University.png
2026-08-21 15:16:43,925  [INFO    ]  doc_uploader - File input found via JS querySelector.
2026-08-21 15:16:56,316  [INFO    ]  doc_uploader - File uploaded successfully.
2026-08-21 15:16:56,316  [INFO    ]  doc_uploader - Pre-submit verification...
2026-08-21 15:17:06,492  [INFO    ]  doc_uploader - Ensuring 'Plain extraction' is selected...
2026-08-21 15:17:11,912  [INFO    ]  doc_uploader - Clicked Plain extraction text element.
2026-08-21 15:17:21,952  [INFO    ]  doc_uploader - Clicking 'Submit to engine'...
2026-08-21 15:17:33,446  [INFO    ]  doc_uploader - Submitted to engine. Waiting for result...
2026-08-21 15:17:33,446  [INFO    ]  doc_uploader - Waiting for engine result (timeout=90s)...
2026-08-21 15:17:58,643  [INFO    ]  doc_uploader - Result appeared after 25s.
2026-08-21 15:17:59,773  [INFO    ]  doc_uploader - Screenshot saved: D:\ai_doc_automation\output\screenshots\20260821_151759_result_Rama Devi Womens University.png.png
2026-08-21 15:17:59,773  [INFO    ]  result_parser - Reading verdict from Overview tab...
2026-08-21 15:18:16,300  [INFO    ]  result_parser - Verdict: SUCCESS (from verdict card)
2026-08-21 15:18:16,300  [INFO    ]  result_parser - Clicking Extraction tab...
2026-08-21 15:18:18,167  [INFO    ]  result_parser - On Extraction tab.
2026-08-21 15:18:18,167  [INFO    ]  result_parser - JS parse: 16 fields
2026-08-21 15:18:18,280  [INFO    ]  doc_uploader - Screenshot saved: D:\ai_doc_automation\output\screenshots\20260821_151818_extracted_Rama Devi Womens University.png.png
2026-08-21 15:18:18,613  [ERROR   ]  main - Top-level exception processing document: 'Processing Time (s)'
2026-08-21 15:18:18,613  [INFO    ]  doc_uploader - Resetting form for next submission...
2026-08-21 15:18:20,500  [INFO    ]  doc_uploader - New submission clicked — form reset.
2026-08-21 15:18:21,501  [INFO    ]  main - 
[90/161] D:\ai_doc_automation\Test Data\Degree Certificate\Ravenshaw University.png
2026-08-21 15:18:21,501  [INFO    ]  main - ============================================================
2026-08-21 15:18:21,501  [INFO    ]  main - Processing [90/161]: Ravenshaw University.png  |  Graduation Certificate  |  Attempt 1
2026-08-21 15:18:21,501  [INFO    ]  main - ============================================================
2026-08-21 15:18:21,798  [INFO    ]  doc_uploader - Selecting document type: 'Graduation Certificate'
2026-08-21 15:18:21,841  [INFO    ]  doc_uploader - Selected by visible text: 'Graduation Certificate'
2026-08-21 15:18:21,841  [INFO    ]  doc_uploader - Ensuring 'Plain extraction' is selected...
2026-08-21 15:18:27,237  [INFO    ]  doc_uploader - Clicked Plain extraction text element.
2026-08-21 15:18:27,274  [INFO    ]  doc_uploader - Uploading file: D:\ai_doc_automation\Test Data\Degree Certificate\Ravenshaw University.png
2026-08-21 15:18:27,274  [INFO    ]  doc_uploader - File input found via JS querySelector.
2026-08-21 15:18:39,645  [INFO    ]  doc_uploader - File uploaded successfully.
2026-08-21 15:18:39,645  [INFO    ]  doc_uploader - Pre-submit verification...
2026-08-21 15:18:49,828  [INFO    ]  doc_uploader - Ensuring 'Plain extraction' is selected...
2026-08-21 15:18:55,263  [INFO    ]  doc_uploader - Clicked Plain extraction text element.
2026-08-21 15:19:05,353  [INFO    ]  doc_uploader - Clicking 'Submit to engine'...
2026-08-21 15:19:16,815  [INFO    ]  doc_uploader - Submitted to engine. Waiting for result...
2026-08-21 15:19:16,815  [INFO    ]  doc_uploader - Waiting for engine result (timeout=90s)...
2026-08-21 15:19:41,961  [INFO    ]  doc_uploader - Result appeared after 25s.
2026-08-21 15:19:43,101  [INFO    ]  doc_uploader - Screenshot saved: D:\ai_doc_automation\output\screenshots\20260821_151942_result_Ravenshaw University.png.png
2026-08-21 15:19:43,103  [INFO    ]  result_parser - Reading verdict from Overview tab...
2026-08-21 15:19:59,561  [INFO    ]  result_parser - Verdict: SUCCESS (from verdict card)
2026-08-21 15:19:59,562  [INFO    ]  result_parser - Clicking Extraction tab...
2026-08-21 15:20:01,432  [INFO    ]  result_parser - On Extraction tab.
2026-08-21 15:20:01,432  [INFO    ]  result_parser - JS parse: 16 fields
2026-08-21 15:20:01,546  [INFO    ]  doc_uploader - Screenshot saved: D:\ai_doc_automation\output\screenshots\20260821_152001_extracted_Ravenshaw University.png.png
2026-08-21 15:20:01,891  [ERROR   ]  main - Top-level exception processing document: 'Processing Time (s)'
2026-08-21 15:20:01,891  [INFO    ]  doc_uploader - Resetting form for next submission...
2026-08-21 15:20:03,761  [INFO    ]  doc_uploader - New submission clicked — form reset.
2026-08-21 15:20:04,762  [INFO    ]  main - 
[91/161] D:\ai_doc_automation\Test Data\Degree Certificate\Rayagada Autonomous College.png
2026-08-21 15:20:04,762  [INFO    ]  main - ============================================================
2026-08-21 15:20:04,762  [INFO    ]  main - Processing [91/161]: Rayagada Autonomous College.png  |  Graduation Certificate  |  Attempt 1
2026-08-21 15:20:04,762  [INFO    ]  main - ============================================================
2026-08-21 15:20:04,971  [INFO    ]  doc_uploader - Selecting document type: 'Graduation Certificate'
2026-08-21 15:20:05,009  [INFO    ]  doc_uploader - Selected by visible text: 'Graduation Certificate'
2026-08-21 15:20:05,009  [INFO    ]  doc_uploader - Ensuring 'Plain extraction' is selected...
2026-08-21 15:20:10,429  [INFO    ]  doc_uploader - Clicked Plain extraction text element.
2026-08-21 15:20:10,429  [INFO    ]  doc_uploader - Uploading file: D:\ai_doc_automation\Test Data\Degree Certificate\Rayagada Autonomous College.png
2026-08-21 15:20:10,438  [INFO    ]  doc_uploader - File input found via JS querySelector.
2026-08-21 15:20:22,826  [INFO    ]  doc_uploader - File uploaded successfully.
2026-08-21 15:20:22,826  [INFO    ]  doc_uploader - Pre-submit verification...
2026-08-21 15:20:32,987  [INFO    ]  doc_uploader - Ensuring 'Plain extraction' is selected...
2026-08-21 15:20:38,398  [INFO    ]  doc_uploader - Clicked Plain extraction text element.
2026-08-21 15:20:48,479  [INFO    ]  doc_uploader - Clicking 'Submit to engine'...
2026-08-21 15:20:59,916  [INFO    ]  doc_uploader - Submitted to engine. Waiting for result...
2026-08-21 15:20:59,916  [INFO    ]  doc_uploader - Waiting for engine result (timeout=90s)...
2026-08-21 15:21:25,125  [INFO    ]  doc_uploader - Result appeared after 25s.
2026-08-21 15:21:26,282  [INFO    ]  doc_uploader - Screenshot saved: D:\ai_doc_automation\output\screenshots\20260821_152126_result_Rayagada Autonomous College.png.png
2026-08-21 15:21:26,282  [INFO    ]  result_parser - Reading verdict from Overview tab...
2026-08-21 15:21:43,020  [INFO    ]  result_parser - Verdict: SUCCESS (from verdict card)
2026-08-21 15:21:43,021  [INFO    ]  result_parser - Clicking Extraction tab...
2026-08-21 15:21:45,234  [INFO    ]  result_parser - On Extraction tab.
2026-08-21 15:21:46,990  [INFO    ]  result_parser - JS parse: 16 fields
2026-08-21 15:21:47,346  [INFO    ]  doc_uploader - Screenshot saved: D:\ai_doc_automation\output\screenshots\20260821_152147_extracted_Rayagada Autonomous College.png.png
2026-08-21 15:21:49,329  [ERROR   ]  main - Top-level exception processing document: 'Processing Time (s)'
2026-08-21 15:21:49,331  [INFO    ]  doc_uploader - Resetting form for next submission...
2026-08-21 15:21:51,829  [INFO    ]  doc_uploader - New submission clicked — form reset.
2026-08-21 15:21:53,361  [INFO    ]  main - 
[92/161] D:\ai_doc_automation\Test Data\Degree Certificate\Sambalpur University .png
2026-08-21 15:21:53,388  [INFO    ]  main - ============================================================
2026-08-21 15:21:53,451  [INFO    ]  main - Processing [92/161]: Sambalpur University .png  |  Graduation Certificate  |  Attempt 1
2026-08-21 15:21:53,482  [INFO    ]  main - ============================================================
2026-08-21 15:21:54,238  [INFO    ]  doc_uploader - Selecting document type: 'Graduation Certificate'
2026-08-21 15:21:54,322  [INFO    ]  doc_uploader - Selected by visible text: 'Graduation Certificate'
2026-08-21 15:21:54,322  [INFO    ]  doc_uploader - Ensuring 'Plain extraction' is selected...
2026-08-21 15:22:02,439  [INFO    ]  doc_uploader - Clicked Plain extraction text element.
2026-08-21 15:22:02,451  [INFO    ]  doc_uploader - Uploading file: D:\ai_doc_automation\Test Data\Degree Certificate\Sambalpur University .png
2026-08-21 15:22:02,501  [INFO    ]  doc_uploader - File input found via JS querySelector.
2026-08-21 15:22:16,349  [INFO    ]  doc_uploader - File uploaded successfully.
2026-08-21 15:22:16,349  [INFO    ]  doc_uploader - Pre-submit verification...
2026-08-21 15:22:26,862  [INFO    ]  doc_uploader - Ensuring 'Plain extraction' is selected...
2026-08-21 15:22:32,276  [INFO    ]  doc_uploader - Clicked Plain extraction text element.
2026-08-21 15:22:42,307  [INFO    ]  doc_uploader - Clicking 'Submit to engine'...
2026-08-21 15:22:52,987  [WARNING ]  doc_uploader - Upload error detected via XPath: Upload a JPEG, PNG, WebP, or PDF document up to 5 MB.
2026-08-21 15:22:52,988  [WARNING ]  main - File upload rejected for Sambalpur University .png: Upload a JPEG, PNG, WebP, or PDF document up to 5 MB.
2026-08-21 15:22:53,144  [INFO    ]  doc_uploader - Screenshot saved: D:\ai_doc_automation\output\screenshots\20260821_152252_upload_rejected_Sambalpur University .png.png
2026-08-21 15:22:53,616  [ERROR   ]  main - Top-level exception processing document: 'Processing Time (s)'
2026-08-21 15:22:53,616  [INFO    ]  doc_uploader - Resetting form for next submission...
2026-08-21 15:23:04,202  [INFO    ]  doc_uploader - Navigating to Verify Document page to reset form.
2026-08-21 15:23:04,202  [INFO    ]  doc_uploader - Navigating to 'Verify Document' page...
2026-08-21 15:23:06,082  [INFO    ]  doc_uploader - On Verify Document page.
2026-08-21 15:23:07,083  [INFO    ]  main - 
[93/161] D:\ai_doc_automation\Test Data\Degree Certificate\Sambalpur University Odisha Degree Certificate.pdf
2026-08-21 15:23:07,084  [INFO    ]  main - ============================================================
2026-08-21 15:23:07,084  [INFO    ]  main - Processing [93/161]: Sambalpur University Odisha Degree Certificate.pdf  |  Graduation Certificate  |  Attempt 1
2026-08-21 15:23:07,084  [INFO    ]  main - ============================================================
2026-08-21 15:23:07,328  [INFO    ]  doc_uploader - Selecting document type: 'Graduation Certificate'
2026-08-21 15:23:07,403  [INFO    ]  doc_uploader - Selected by visible text: 'Graduation Certificate'
2026-08-21 15:23:07,404  [INFO    ]  doc_uploader - Ensuring 'Plain extraction' is selected...
2026-08-21 15:23:12,797  [INFO    ]  doc_uploader - Clicked Plain extraction text element.
2026-08-21 15:23:12,800  [INFO    ]  doc_uploader - Uploading file: D:\ai_doc_automation\Test Data\Degree Certificate\Sambalpur University Odisha Degree Certificate.pdf
2026-08-21 15:23:12,808  [INFO    ]  doc_uploader - File input found via JS querySelector.
2026-08-21 15:23:25,214  [INFO    ]  doc_uploader - File uploaded successfully.
2026-08-21 15:23:25,215  [INFO    ]  doc_uploader - Pre-submit verification...
2026-08-21 15:23:35,379  [WARNING ]  doc_uploader - Dropdown mismatch! Expected 'Graduation Certificate', found 'Aadhaar Card'. Re-selecting.
2026-08-21 15:23:35,394  [INFO    ]  doc_uploader - Selecting document type: 'Graduation Certificate'
2026-08-21 15:23:35,457  [INFO    ]  doc_uploader - Selected by visible text: 'Graduation Certificate'
2026-08-21 15:23:35,457  [INFO    ]  doc_uploader - Ensuring 'Plain extraction' is selected...
2026-08-21 15:23:40,915  [INFO    ]  doc_uploader - Clicked Plain extraction text element.
2026-08-21 15:23:51,012  [INFO    ]  doc_uploader - Clicking 'Submit to engine'...
2026-08-21 15:24:02,491  [INFO    ]  doc_uploader - Submitted to engine. Waiting for result...
2026-08-21 15:24:02,491  [INFO    ]  doc_uploader - Waiting for engine result (timeout=90s)...
2026-08-21 15:24:27,718  [INFO    ]  doc_uploader - Result appeared after 25s.
2026-08-21 15:24:28,883  [INFO    ]  doc_uploader - Screenshot saved: D:\ai_doc_automation\output\screenshots\20260821_152428_result_Sambalpur University Odisha Degree Certificate.pdf.png
2026-08-21 15:24:28,883  [INFO    ]  result_parser - Reading verdict from Overview tab...
2026-08-21 15:24:28,914  [INFO    ]  result_parser - Verdict: FAILED (Pipeline Failure banner detected: TRANSACTION COMPLETE — Pipeline failure result — TXN-20260820-8347219708)
2026-08-21 15:24:28,914  [INFO    ]  result_parser - Skipping extraction (status=FAILED).
2026-08-21 15:24:29,276  [ERROR   ]  main - Top-level exception processing document: 'Processing Time (s)'
2026-08-21 15:24:29,276  [INFO    ]  doc_uploader - Resetting form for next submission...
2026-08-21 15:24:31,161  [INFO    ]  doc_uploader - New submission clicked — form reset.
2026-08-21 15:24:32,161  [INFO    ]  main - 
[94/161] D:\ai_doc_automation\Test Data\Degree Certificate\Sanskrit Vishwavidyalaya Puri - Hindi.pdf
2026-08-21 15:24:32,163  [INFO    ]  main - ============================================================
2026-08-21 15:24:32,163  [INFO    ]  main - Processing [94/161]: Sanskrit Vishwavidyalaya Puri - Hindi.pdf  |  Graduation Certificate  |  Attempt 1
2026-08-21 15:24:32,163  [INFO    ]  main - ============================================================
2026-08-21 15:24:32,381  [INFO    ]  doc_uploader - Selecting document type: 'Graduation Certificate'
2026-08-21 15:24:32,420  [INFO    ]  doc_uploader - Selected by visible text: 'Graduation Certificate'
2026-08-21 15:24:32,421  [INFO    ]  doc_uploader - Ensuring 'Plain extraction' is selected...
2026-08-21 15:24:37,815  [INFO    ]  doc_uploader - Clicked Plain extraction text element.
2026-08-21 15:24:37,815  [INFO    ]  doc_uploader - Uploading file: D:\ai_doc_automation\Test Data\Degree Certificate\Sanskrit Vishwavidyalaya Puri - Hindi.pdf
2026-08-21 15:24:37,815  [INFO    ]  doc_uploader - File input found via JS querySelector.
2026-08-21 15:24:50,318  [INFO    ]  doc_uploader - File uploaded successfully.
2026-08-21 15:24:50,318  [INFO    ]  doc_uploader - Pre-submit verification...
2026-08-21 15:25:00,552  [INFO    ]  doc_uploader - Ensuring 'Plain extraction' is selected...
2026-08-21 15:25:06,156  [INFO    ]  doc_uploader - Clicked Plain extraction text element.
2026-08-21 15:25:16,317  [INFO    ]  doc_uploader - Clicking 'Submit to engine'...
2026-08-21 15:25:27,816  [INFO    ]  doc_uploader - Submitted to engine. Waiting for result...
2026-08-21 15:25:27,817  [INFO    ]  doc_uploader - Waiting for engine result (timeout=90s)...
2026-08-21 15:25:27,832  [INFO    ]  doc_uploader - Result appeared after 0s.
2026-08-21 15:25:29,019  [INFO    ]  doc_uploader - Screenshot saved: D:\ai_doc_automation\output\screenshots\20260821_152528_result_Sanskrit Vishwavidyalaya Puri - Hindi.pdf.png
2026-08-21 15:25:29,019  [INFO    ]  result_parser - Reading verdict from Overview tab...
2026-08-21 15:25:29,050  [INFO    ]  result_parser - Verdict: FAILED (Pipeline Failure banner detected: TRANSACTION COMPLETE — Pipeline failure result — TXN-20260820-7509520163)
2026-08-21 15:25:29,050  [INFO    ]  result_parser - Skipping extraction (status=FAILED).
2026-08-21 15:25:29,415  [ERROR   ]  main - Top-level exception processing document: 'Processing Time (s)'
2026-08-21 15:25:29,415  [INFO    ]  doc_uploader - Resetting form for next submission...
2026-08-21 15:25:31,286  [INFO    ]  doc_uploader - New submission clicked — form reset.
2026-08-21 15:25:32,287  [INFO    ]  main - 
[95/161] D:\ai_doc_automation\Test Data\Degree Certificate\SCS Autonomous College Puri.png
2026-08-21 15:25:32,287  [INFO    ]  main - ============================================================
2026-08-21 15:25:32,288  [INFO    ]  main - Processing [95/161]: SCS Autonomous College Puri.png  |  Graduation Certificate  |  Attempt 1
2026-08-21 15:25:32,288  [INFO    ]  main - ============================================================
2026-08-21 15:25:32,522  [INFO    ]  doc_uploader - Selecting document type: 'Graduation Certificate'
2026-08-21 15:25:32,554  [INFO    ]  doc_uploader - Selected by visible text: 'Graduation Certificate'
2026-08-21 15:25:32,561  [INFO    ]  doc_uploader - Ensuring 'Plain extraction' is selected...
2026-08-21 15:25:37,958  [INFO    ]  doc_uploader - Clicked Plain extraction text element.
2026-08-21 15:25:37,996  [INFO    ]  doc_uploader - Uploading file: D:\ai_doc_automation\Test Data\Degree Certificate\SCS Autonomous College Puri.png
2026-08-21 15:25:37,996  [INFO    ]  doc_uploader - File input found via JS querySelector.
2026-08-21 15:25:50,376  [INFO    ]  doc_uploader - File uploaded successfully.
2026-08-21 15:25:50,376  [INFO    ]  doc_uploader - Pre-submit verification...
2026-08-21 15:26:00,536  [INFO    ]  doc_uploader - Ensuring 'Plain extraction' is selected...
2026-08-21 15:26:05,932  [INFO    ]  doc_uploader - Clicked Plain extraction text element.
2026-08-21 15:26:15,971  [INFO    ]  doc_uploader - Clicking 'Submit to engine'...
2026-08-21 15:26:27,470  [INFO    ]  doc_uploader - Submitted to engine. Waiting for result...
2026-08-21 15:26:27,470  [INFO    ]  doc_uploader - Waiting for engine result (timeout=90s)...
2026-08-21 15:26:52,707  [INFO    ]  doc_uploader - Result appeared after 25s.
2026-08-21 15:26:53,818  [INFO    ]  doc_uploader - Screenshot saved: D:\ai_doc_automation\output\screenshots\20260821_152653_result_SCS Autonomous College Puri.png.png
2026-08-21 15:26:53,818  [INFO    ]  result_parser - Reading verdict from Overview tab...
2026-08-21 15:27:10,273  [INFO    ]  result_parser - Verdict: SUCCESS (from verdict card)
2026-08-21 15:27:10,273  [INFO    ]  result_parser - Clicking Extraction tab...
2026-08-21 15:27:12,166  [INFO    ]  result_parser - On Extraction tab.
2026-08-21 15:27:12,172  [INFO    ]  result_parser - JS parse: 16 fields
2026-08-21 15:27:12,331  [INFO    ]  doc_uploader - Screenshot saved: D:\ai_doc_automation\output\screenshots\20260821_152712_extracted_SCS Autonomous College Puri.png.png
2026-08-21 15:27:12,705  [ERROR   ]  main - Top-level exception processing document: 'Processing Time (s)'
2026-08-21 15:27:12,705  [INFO    ]  doc_uploader - Resetting form for next submission...
2026-08-21 15:27:14,580  [INFO    ]  doc_uploader - New submission clicked — form reset.
2026-08-21 15:27:15,580  [INFO    ]  main - 
[96/161] D:\ai_doc_automation\Test Data\Degree Certificate\Shailabala Womens Autonomous College.png
2026-08-21 15:27:15,580  [INFO    ]  main - ============================================================
2026-08-21 15:27:15,580  [INFO    ]  main - Processing [96/161]: Shailabala Womens Autonomous College.png  |  Graduation Certificate  |  Attempt 1
2026-08-21 15:27:15,580  [INFO    ]  main - ============================================================
2026-08-21 15:27:15,820  [INFO    ]  doc_uploader - Selecting document type: 'Graduation Certificate'
2026-08-21 15:27:15,859  [INFO    ]  doc_uploader - Selected by visible text: 'Graduation Certificate'
2026-08-21 15:27:15,859  [INFO    ]  doc_uploader - Ensuring 'Plain extraction' is selected...
2026-08-21 15:27:21,247  [INFO    ]  doc_uploader - Clicked Plain extraction text element.
2026-08-21 15:27:21,247  [INFO    ]  doc_uploader - Uploading file: D:\ai_doc_automation\Test Data\Degree Certificate\Shailabala Womens Autonomous College.png
2026-08-21 15:27:21,247  [INFO    ]  doc_uploader - File input found via JS querySelector.
2026-08-21 15:27:33,646  [INFO    ]  doc_uploader - File uploaded successfully.
2026-08-21 15:27:33,646  [INFO    ]  doc_uploader - Pre-submit verification...
2026-08-21 15:27:43,783  [INFO    ]  doc_uploader - Ensuring 'Plain extraction' is selected...
2026-08-21 15:27:49,186  [INFO    ]  doc_uploader - Clicked Plain extraction text element.
2026-08-21 15:27:59,253  [INFO    ]  doc_uploader - Clicking 'Submit to engine'...
2026-08-21 15:28:10,716  [INFO    ]  doc_uploader - Submitted to engine. Waiting for result...
2026-08-21 15:28:10,717  [INFO    ]  doc_uploader - Waiting for engine result (timeout=90s)...
2026-08-21 15:28:35,960  [INFO    ]  doc_uploader - Result appeared after 25s.
2026-08-21 15:28:37,102  [INFO    ]  doc_uploader - Screenshot saved: D:\ai_doc_automation\output\screenshots\20260821_152836_result_Shailabala Womens Autonomous College.png.png
2026-08-21 15:28:37,102  [INFO    ]  result_parser - Reading verdict from Overview tab...
2026-08-21 15:28:53,603  [INFO    ]  result_parser - Verdict: SUCCESS (from verdict card)
2026-08-21 15:28:53,604  [INFO    ]  result_parser - Clicking Extraction tab...
2026-08-21 15:28:55,473  [INFO    ]  result_parser - On Extraction tab.
2026-08-21 15:28:55,480  [INFO    ]  result_parser - JS parse: 16 fields
2026-08-21 15:28:55,598  [INFO    ]  doc_uploader - Screenshot saved: D:\ai_doc_automation\output\screenshots\20260821_152855_extracted_Shailabala Womens Autonomous College.png.png
2026-08-21 15:28:55,928  [ERROR   ]  main - Top-level exception processing document: 'Processing Time (s)'
2026-08-21 15:28:55,929  [INFO    ]  doc_uploader - Resetting form for next submission...
2026-08-21 15:28:57,795  [INFO    ]  doc_uploader - New submission clicked — form reset.
2026-08-21 15:28:58,796  [INFO    ]  main - 
[97/161] D:\ai_doc_automation\Test Data\Degree Certificate\SKCG Autonomous College.png
2026-08-21 15:28:58,797  [INFO    ]  main - ============================================================
2026-08-21 15:28:58,797  [INFO    ]  main - Processing [97/161]: SKCG Autonomous College.png  |  Graduation Certificate  |  Attempt 1
2026-08-21 15:28:58,797  [INFO    ]  main - ============================================================
2026-08-21 15:28:59,021  [INFO    ]  doc_uploader - Selecting document type: 'Graduation Certificate'
2026-08-21 15:28:59,065  [INFO    ]  doc_uploader - Selected by visible text: 'Graduation Certificate'
2026-08-21 15:28:59,066  [INFO    ]  doc_uploader - Ensuring 'Plain extraction' is selected...
2026-08-21 15:29:04,447  [INFO    ]  doc_uploader - Clicked Plain extraction text element.
2026-08-21 15:29:04,449  [INFO    ]  doc_uploader - Uploading file: D:\ai_doc_automation\Test Data\Degree Certificate\SKCG Autonomous College.png
2026-08-21 15:29:04,454  [INFO    ]  doc_uploader - File input found via JS querySelector.
2026-08-21 15:29:16,835  [INFO    ]  doc_uploader - File uploaded successfully.
2026-08-21 15:29:16,835  [INFO    ]  doc_uploader - Pre-submit verification...
2026-08-21 15:29:27,046  [INFO    ]  doc_uploader - Ensuring 'Plain extraction' is selected...
2026-08-21 15:29:32,427  [INFO    ]  doc_uploader - Clicked Plain extraction text element.
2026-08-21 15:29:42,508  [INFO    ]  doc_uploader - Clicking 'Submit to engine'...
2026-08-21 15:29:53,947  [INFO    ]  doc_uploader - Submitted to engine. Waiting for result...
2026-08-21 15:29:53,947  [INFO    ]  doc_uploader - Waiting for engine result (timeout=90s)...
2026-08-21 15:30:19,128  [INFO    ]  doc_uploader - Result appeared after 25s.
2026-08-21 15:30:20,230  [INFO    ]  doc_uploader - Screenshot saved: D:\ai_doc_automation\output\screenshots\20260821_153020_result_SKCG Autonomous College.png.png
2026-08-21 15:30:20,231  [INFO    ]  result_parser - Reading verdict from Overview tab...
2026-08-21 15:30:36,720  [INFO    ]  result_parser - Verdict: SUCCESS (from verdict card)
2026-08-21 15:30:36,720  [INFO    ]  result_parser - Clicking Extraction tab...
2026-08-21 15:30:38,595  [INFO    ]  result_parser - On Extraction tab.
2026-08-21 15:30:38,600  [INFO    ]  result_parser - JS parse: 16 fields
2026-08-21 15:30:38,711  [INFO    ]  doc_uploader - Screenshot saved: D:\ai_doc_automation\output\screenshots\20260821_153038_extracted_SKCG Autonomous College.png.png
2026-08-21 15:30:39,082  [ERROR   ]  main - Top-level exception processing document: 'Processing Time (s)'
2026-08-21 15:30:39,082  [INFO    ]  doc_uploader - Resetting form for next submission...
2026-08-21 15:30:40,954  [INFO    ]  doc_uploader - New submission clicked — form reset.
2026-08-21 15:30:41,955  [INFO    ]  main - 
[98/161] D:\ai_doc_automation\Test Data\Degree Certificate\Sri Jagannath Sanskrit Vishwavidyalaya.png
2026-08-21 15:30:41,955  [INFO    ]  main - ============================================================
2026-08-21 15:30:41,955  [INFO    ]  main - Processing [98/161]: Sri Jagannath Sanskrit Vishwavidyalaya.png  |  Graduation Certificate  |  Attempt 1
2026-08-21 15:30:41,955  [INFO    ]  main - ============================================================
2026-08-21 15:30:42,184  [INFO    ]  doc_uploader - Selecting document type: 'Graduation Certificate'
2026-08-21 15:30:42,225  [INFO    ]  doc_uploader - Selected by visible text: 'Graduation Certificate'
2026-08-21 15:30:42,225  [INFO    ]  doc_uploader - Ensuring 'Plain extraction' is selected...
2026-08-21 15:30:47,635  [INFO    ]  doc_uploader - Clicked Plain extraction text element.
2026-08-21 15:30:47,672  [INFO    ]  doc_uploader - Uploading file: D:\ai_doc_automation\Test Data\Degree Certificate\Sri Jagannath Sanskrit Vishwavidyalaya.png
2026-08-21 15:30:47,677  [INFO    ]  doc_uploader - File input found via JS querySelector.
2026-08-21 15:31:00,112  [INFO    ]  doc_uploader - File uploaded successfully.
2026-08-21 15:31:00,112  [INFO    ]  doc_uploader - Pre-submit verification...
2026-08-21 15:31:10,300  [INFO    ]  doc_uploader - Ensuring 'Plain extraction' is selected...
2026-08-21 15:31:15,726  [INFO    ]  doc_uploader - Clicked Plain extraction text element.
2026-08-21 15:31:25,833  [INFO    ]  doc_uploader - Clicking 'Submit to engine'...
2026-08-21 15:31:37,299  [INFO    ]  doc_uploader - Submitted to engine. Waiting for result...
2026-08-21 15:31:37,299  [INFO    ]  doc_uploader - Waiting for engine result (timeout=90s)...
2026-08-21 15:32:02,527  [INFO    ]  doc_uploader - Result appeared after 25s.
2026-08-21 15:32:03,628  [INFO    ]  doc_uploader - Screenshot saved: D:\ai_doc_automation\output\screenshots\20260821_153203_result_Sri Jagannath Sanskrit Vishwavidyalaya.png.png
2026-08-21 15:32:03,628  [INFO    ]  result_parser - Reading verdict from Overview tab...
2026-08-21 15:32:20,120  [INFO    ]  result_parser - Verdict: SUCCESS (from verdict card)
2026-08-21 15:32:20,122  [INFO    ]  result_parser - Clicking Extraction tab...
2026-08-21 15:32:22,033  [INFO    ]  result_parser - On Extraction tab.
2026-08-21 15:32:22,047  [INFO    ]  result_parser - JS parse: 16 fields
2026-08-21 15:32:22,260  [INFO    ]  doc_uploader - Screenshot saved: D:\ai_doc_automation\output\screenshots\20260821_153222_extracted_Sri Jagannath Sanskrit Vishwavidyalaya.png.png
2026-08-21 15:32:22,819  [ERROR   ]  main - Top-level exception processing document: 'Processing Time (s)'
2026-08-21 15:32:22,819  [INFO    ]  doc_uploader - Resetting form for next submission...
2026-08-21 15:32:24,720  [INFO    ]  doc_uploader - New submission clicked — form reset.
2026-08-21 15:32:25,721  [INFO    ]  main - 
[99/161] D:\ai_doc_automation\Test Data\Degree Certificate\Udaynath Autonomous College.png
2026-08-21 15:32:25,721  [INFO    ]  main - ============================================================
2026-08-21 15:32:25,723  [INFO    ]  main - Processing [99/161]: Udaynath Autonomous College.png  |  Graduation Certificate  |  Attempt 1
2026-08-21 15:32:25,723  [INFO    ]  main - ============================================================
2026-08-21 15:32:25,980  [INFO    ]  doc_uploader - Selecting document type: 'Graduation Certificate'
2026-08-21 15:32:26,023  [INFO    ]  doc_uploader - Selected by visible text: 'Graduation Certificate'
2026-08-21 15:32:26,023  [INFO    ]  doc_uploader - Ensuring 'Plain extraction' is selected...
2026-08-21 15:32:31,444  [INFO    ]  doc_uploader - Clicked Plain extraction text element.
2026-08-21 15:32:31,445  [INFO    ]  doc_uploader - Uploading file: D:\ai_doc_automation\Test Data\Degree Certificate\Udaynath Autonomous College.png
2026-08-21 15:32:31,455  [INFO    ]  doc_uploader - File input found via JS querySelector.
2026-08-21 15:32:43,884  [INFO    ]  doc_uploader - File uploaded successfully.
2026-08-21 15:32:43,887  [INFO    ]  doc_uploader - Pre-submit verification...
2026-08-21 15:32:53,995  [INFO    ]  doc_uploader - Ensuring 'Plain extraction' is selected...
2026-08-21 15:32:59,370  [INFO    ]  doc_uploader - Clicked Plain extraction text element.
2026-08-21 15:33:09,484  [INFO    ]  doc_uploader - Clicking 'Submit to engine'...
2026-08-21 15:33:20,925  [INFO    ]  doc_uploader - Submitted to engine. Waiting for result...
2026-08-21 15:33:20,927  [INFO    ]  doc_uploader - Waiting for engine result (timeout=90s)...
2026-08-21 15:33:46,140  [INFO    ]  doc_uploader - Result appeared after 25s.
2026-08-21 15:33:47,261  [INFO    ]  doc_uploader - Screenshot saved: D:\ai_doc_automation\output\screenshots\20260821_153347_result_Udaynath Autonomous College.png.png
2026-08-21 15:33:47,262  [INFO    ]  result_parser - Reading verdict from Overview tab...
2026-08-21 15:34:03,796  [INFO    ]  result_parser - Verdict: SUCCESS (from verdict card)
2026-08-21 15:34:03,796  [INFO    ]  result_parser - Clicking Extraction tab...
2026-08-21 15:34:05,667  [INFO    ]  result_parser - On Extraction tab.
2026-08-21 15:34:05,668  [INFO    ]  result_parser - JS parse: 16 fields
2026-08-21 15:34:05,778  [INFO    ]  doc_uploader - Screenshot saved: D:\ai_doc_automation\output\screenshots\20260821_153405_extracted_Udaynath Autonomous College.png.png
2026-08-21 15:34:06,127  [ERROR   ]  main - Top-level exception processing document: 'Processing Time (s)'
2026-08-21 15:34:06,127  [INFO    ]  doc_uploader - Resetting form for next submission...
2026-08-21 15:34:08,006  [INFO    ]  doc_uploader - New submission clicked — form reset.
2026-08-21 15:34:09,007  [INFO    ]  main - 
[100/161] D:\ai_doc_automation\Test Data\Degree Certificate\Utkal University Additional .png
2026-08-21 15:34:09,007  [INFO    ]  main - ============================================================
2026-08-21 15:34:09,007  [INFO    ]  main - Processing [100/161]: Utkal University Additional .png  |  Graduation Certificate  |  Attempt 1
2026-08-21 15:34:09,007  [INFO    ]  main - ============================================================
2026-08-21 15:34:09,236  [INFO    ]  doc_uploader - Selecting document type: 'Graduation Certificate'
2026-08-21 15:34:09,274  [INFO    ]  doc_uploader - Selected by visible text: 'Graduation Certificate'
2026-08-21 15:34:09,274  [INFO    ]  doc_uploader - Ensuring 'Plain extraction' is selected...
2026-08-21 15:34:14,663  [INFO    ]  doc_uploader - Clicked Plain extraction text element.
2026-08-21 15:34:14,712  [INFO    ]  doc_uploader - Uploading file: D:\ai_doc_automation\Test Data\Degree Certificate\Utkal University Additional .png
2026-08-21 15:34:14,718  [INFO    ]  doc_uploader - File input found via JS querySelector.
2026-08-21 15:34:27,118  [INFO    ]  doc_uploader - File uploaded successfully.
2026-08-21 15:34:27,118  [INFO    ]  doc_uploader - Pre-submit verification...
2026-08-21 15:34:37,251  [INFO    ]  doc_uploader - Ensuring 'Plain extraction' is selected...
2026-08-21 15:34:42,653  [INFO    ]  doc_uploader - Clicked Plain extraction text element.
2026-08-21 15:34:52,693  [INFO    ]  doc_uploader - Clicking 'Submit to engine'...
2026-08-21 15:35:04,183  [INFO    ]  doc_uploader - Submitted to engine. Waiting for result...
2026-08-21 15:35:04,183  [INFO    ]  doc_uploader - Waiting for engine result (timeout=90s)...
2026-08-21 15:35:29,319  [INFO    ]  doc_uploader - Result appeared after 25s.
2026-08-21 15:35:30,411  [INFO    ]  doc_uploader - Screenshot saved: D:\ai_doc_automation\output\screenshots\20260821_153530_result_Utkal University Additional .png.png
2026-08-21 15:35:30,411  [INFO    ]  result_parser - Reading verdict from Overview tab...
2026-08-21 15:35:46,847  [INFO    ]  result_parser - Verdict: SUCCESS (from verdict card)
2026-08-21 15:35:46,847  [INFO    ]  result_parser - Clicking Extraction tab...
2026-08-21 15:35:48,716  [INFO    ]  result_parser - On Extraction tab.
2026-08-21 15:35:48,716  [INFO    ]  result_parser - JS parse: 16 fields
2026-08-21 15:35:48,827  [INFO    ]  doc_uploader - Screenshot saved: D:\ai_doc_automation\output\screenshots\20260821_153548_extracted_Utkal University Additional .png.png
2026-08-21 15:35:49,169  [ERROR   ]  main - Top-level exception processing document: 'Processing Time (s)'
2026-08-21 15:35:49,180  [INFO    ]  doc_uploader - Resetting form for next submission...
2026-08-21 15:35:51,056  [INFO    ]  doc_uploader - New submission clicked — form reset.
2026-08-21 15:35:52,057  [INFO    ]  main - 
[101/161] D:\ai_doc_automation\Test Data\Degree Certificate\Utkal University.png
2026-08-21 15:35:52,057  [INFO    ]  main - ============================================================
2026-08-21 15:35:52,057  [INFO    ]  main - Processing [101/161]: Utkal University.png  |  Graduation Certificate  |  Attempt 1
2026-08-21 15:35:52,057  [INFO    ]  main - ============================================================
2026-08-21 15:35:52,270  [INFO    ]  doc_uploader - Selecting document type: 'Graduation Certificate'
2026-08-21 15:35:52,334  [INFO    ]  doc_uploader - Selected by visible text: 'Graduation Certificate'
2026-08-21 15:35:52,334  [INFO    ]  doc_uploader - Ensuring 'Plain extraction' is selected...
2026-08-21 15:35:57,718  [INFO    ]  doc_uploader - Clicked Plain extraction text element.
2026-08-21 15:35:57,758  [INFO    ]  doc_uploader - Uploading file: D:\ai_doc_automation\Test Data\Degree Certificate\Utkal University.png
2026-08-21 15:35:57,758  [INFO    ]  doc_uploader - File input found via JS querySelector.
2026-08-21 15:36:10,168  [INFO    ]  doc_uploader - File uploaded successfully.
2026-08-21 15:36:10,168  [INFO    ]  doc_uploader - Pre-submit verification...
2026-08-21 15:36:20,299  [INFO    ]  doc_uploader - Ensuring 'Plain extraction' is selected...
2026-08-21 15:36:25,696  [INFO    ]  doc_uploader - Clicked Plain extraction text element.
2026-08-21 15:36:35,770  [INFO    ]  doc_uploader - Clicking 'Submit to engine'...
2026-08-21 15:36:41,673  [WARNING ]  doc_uploader - Upload error detected via XPath: Upload a JPEG, PNG, WebP, or PDF document up to 5 MB.
2026-08-21 15:36:41,674  [WARNING ]  main - File upload rejected for Utkal University.png: Upload a JPEG, PNG, WebP, or PDF document up to 5 MB.
2026-08-21 15:36:41,844  [INFO    ]  doc_uploader - Screenshot saved: D:\ai_doc_automation\output\screenshots\20260821_153641_upload_rejected_Utkal University.png.png
2026-08-21 15:36:42,205  [ERROR   ]  main - Top-level exception processing document: 'Processing Time (s)'
2026-08-21 15:36:42,205  [INFO    ]  doc_uploader - Resetting form for next submission...
2026-08-21 15:36:52,787  [INFO    ]  doc_uploader - Navigating to Verify Document page to reset form.
2026-08-21 15:36:52,787  [INFO    ]  doc_uploader - Navigating to 'Verify Document' page...
2026-08-21 15:36:54,668  [INFO    ]  doc_uploader - On Verify Document page.
2026-08-21 15:36:55,669  [INFO    ]  main - 
[102/161] D:\ai_doc_automation\Test Data\Income Certificate for Testing\IncomeCertificate_120_page_0.png
2026-08-21 15:36:55,669  [INFO    ]  main - ============================================================
2026-08-21 15:36:55,669  [INFO    ]  main - Processing [102/161]: IncomeCertificate_120_page_0.png  |  Income Certificate  |  Attempt 1
2026-08-21 15:36:55,669  [INFO    ]  main - ============================================================
2026-08-21 15:36:55,879  [INFO    ]  doc_uploader - Selecting document type: 'Income Certificate'
2026-08-21 15:36:55,953  [INFO    ]  doc_uploader - Selected by visible text: 'Income Certificate'
2026-08-21 15:36:55,953  [INFO    ]  doc_uploader - Ensuring 'Plain extraction' is selected...
2026-08-21 15:37:01,342  [INFO    ]  doc_uploader - Clicked Plain extraction text element.
2026-08-21 15:37:01,382  [INFO    ]  doc_uploader - Uploading file: D:\ai_doc_automation\Test Data\Income Certificate for Testing\IncomeCertificate_120_page_0.png
2026-08-21 15:37:01,388  [INFO    ]  doc_uploader - File input found via JS querySelector.
2026-08-21 15:37:13,769  [INFO    ]  doc_uploader - File uploaded successfully.
2026-08-21 15:37:13,769  [INFO    ]  doc_uploader - Pre-submit verification...
2026-08-21 15:37:23,886  [WARNING ]  doc_uploader - Dropdown mismatch! Expected 'Income Certificate', found 'Aadhaar Card'. Re-selecting.
2026-08-21 15:37:23,886  [INFO    ]  doc_uploader - Selecting document type: 'Income Certificate'
2026-08-21 15:37:23,955  [INFO    ]  doc_uploader - Selected by visible text: 'Income Certificate'
2026-08-21 15:37:23,955  [INFO    ]  doc_uploader - Ensuring 'Plain extraction' is selected...
2026-08-21 15:37:29,353  [INFO    ]  doc_uploader - Clicked Plain extraction text element.
2026-08-21 15:37:39,424  [INFO    ]  doc_uploader - Clicking 'Submit to engine'...
2026-08-21 15:37:50,910  [INFO    ]  doc_uploader - Submitted to engine. Waiting for result...
2026-08-21 15:37:50,914  [INFO    ]  doc_uploader - Waiting for engine result (timeout=90s)...
2026-08-21 15:37:52,043  [INFO    ]  doc_uploader - Result appeared after 0s.
2026-08-21 15:37:53,158  [INFO    ]  doc_uploader - Screenshot saved: D:\ai_doc_automation\output\screenshots\20260821_153753_result_IncomeCertificate_120_page_0.png.png
2026-08-21 15:37:53,158  [INFO    ]  result_parser - Reading verdict from Overview tab...
2026-08-21 15:38:09,607  [INFO    ]  result_parser - Verdict: SUCCESS (from verdict card)
2026-08-21 15:38:09,607  [INFO    ]  result_parser - Clicking Extraction tab...
2026-08-21 15:38:11,491  [INFO    ]  result_parser - On Extraction tab.
2026-08-21 15:38:11,496  [INFO    ]  result_parser - JS parse: 7 fields
2026-08-21 15:38:11,590  [INFO    ]  doc_uploader - Screenshot saved: D:\ai_doc_automation\output\screenshots\20260821_153811_extracted_IncomeCertificate_120_page_0.png.png
2026-08-21 15:38:11,600  [INFO    ]  excel_writer - Created sheet: 'Income Certificate'  headers: ['Filename', 'Document Type', 'Status', 'Error Message', 'Address', 'Annual Income', 'Applicant Name', 'Certificate Number', 'Father Name', 'Issue Date', 'Issuing Authority']
2026-08-21 15:38:11,975  [ERROR   ]  main - Top-level exception processing document: 'Processing Time (s)'
2026-08-21 15:38:11,975  [INFO    ]  doc_uploader - Resetting form for next submission...
2026-08-21 15:38:13,844  [INFO    ]  doc_uploader - New submission clicked — form reset.
2026-08-21 15:38:14,844  [INFO    ]  main - 
[103/161] D:\ai_doc_automation\Test Data\Income Certificate for Testing\IncomeCertificate_122_page_0.png
2026-08-21 15:38:14,845  [INFO    ]  main - ============================================================
2026-08-21 15:38:14,845  [INFO    ]  main - Processing [103/161]: IncomeCertificate_122_page_0.png  |  Income Certificate  |  Attempt 1
2026-08-21 15:38:14,845  [INFO    ]  main - ============================================================
2026-08-21 15:38:15,068  [INFO    ]  doc_uploader - Selecting document type: 'Income Certificate'
2026-08-21 15:38:15,129  [INFO    ]  doc_uploader - Selected by visible text: 'Income Certificate'
2026-08-21 15:38:15,129  [INFO    ]  doc_uploader - Ensuring 'Plain extraction' is selected...
2026-08-21 15:38:20,498  [INFO    ]  doc_uploader - Clicked Plain extraction text element.
2026-08-21 15:38:20,514  [INFO    ]  doc_uploader - Uploading file: D:\ai_doc_automation\Test Data\Income Certificate for Testing\IncomeCertificate_122_page_0.png
2026-08-21 15:38:20,514  [INFO    ]  doc_uploader - File input found via JS querySelector.
2026-08-21 15:38:32,925  [INFO    ]  doc_uploader - File uploaded successfully.
2026-08-21 15:38:32,925  [INFO    ]  doc_uploader - Pre-submit verification...
2026-08-21 15:38:43,113  [INFO    ]  doc_uploader - Ensuring 'Plain extraction' is selected...
2026-08-21 15:38:48,548  [INFO    ]  doc_uploader - Clicked Plain extraction text element.
2026-08-21 15:38:58,618  [INFO    ]  doc_uploader - Clicking 'Submit to engine'...
2026-08-21 15:39:10,098  [INFO    ]  doc_uploader - Submitted to engine. Waiting for result...
2026-08-21 15:39:10,098  [INFO    ]  doc_uploader - Waiting for engine result (timeout=90s)...
2026-08-21 15:39:15,145  [WARNING ]  doc_uploader - Upload error detected via JS: Upload a JPEG, PNG, WebP, or PDF document up to 5 MB.
2026-08-21 15:39:15,145  [WARNING ]  doc_uploader - Upload rejection banner detected during wait: Upload a JPEG, PNG, WebP, or PDF document up to 5 MB.
2026-08-21 15:39:15,145  [WARNING ]  main - File upload rejected for IncomeCertificate_122_page_0.png: Upload a JPEG, PNG, WebP, or PDF document up to 5 MB.
2026-08-21 15:39:15,277  [INFO    ]  doc_uploader - Screenshot saved: D:\ai_doc_automation\output\screenshots\20260821_153915_upload_rejected_IncomeCertificate_122_page_0.png.png
2026-08-21 15:39:15,650  [ERROR   ]  main - Top-level exception processing document: 'Processing Time (s)'
2026-08-21 15:39:15,650  [INFO    ]  doc_uploader - Resetting form for next submission...
2026-08-21 15:39:26,188  [INFO    ]  doc_uploader - Navigating to Verify Document page to reset form.
2026-08-21 15:39:26,188  [INFO    ]  doc_uploader - Navigating to 'Verify Document' page...
2026-08-21 15:39:28,081  [INFO    ]  doc_uploader - On Verify Document page.
2026-08-21 15:39:29,082  [INFO    ]  main - 
[104/161] D:\ai_doc_automation\Test Data\Income Certificate for Testing\IncomeCertificate_123_page_0.png
2026-08-21 15:39:29,082  [INFO    ]  main - ============================================================
2026-08-21 15:39:29,083  [INFO    ]  main - Processing [104/161]: IncomeCertificate_123_page_0.png  |  Income Certificate  |  Attempt 1
2026-08-21 15:39:29,083  [INFO    ]  main - ============================================================
2026-08-21 15:39:29,303  [INFO    ]  doc_uploader - Selecting document type: 'Income Certificate'
2026-08-21 15:39:29,368  [INFO    ]  doc_uploader - Selected by visible text: 'Income Certificate'
2026-08-21 15:39:29,369  [INFO    ]  doc_uploader - Ensuring 'Plain extraction' is selected...
2026-08-21 15:39:34,768  [INFO    ]  doc_uploader - Clicked Plain extraction text element.
2026-08-21 15:39:34,769  [INFO    ]  doc_uploader - Uploading file: D:\ai_doc_automation\Test Data\Income Certificate for Testing\IncomeCertificate_123_page_0.png
2026-08-21 15:39:34,775  [INFO    ]  doc_uploader - File input found via JS querySelector.
2026-08-21 15:39:47,188  [INFO    ]  doc_uploader - File uploaded successfully.
2026-08-21 15:39:47,188  [INFO    ]  doc_uploader - Pre-submit verification...
2026-08-21 15:39:57,374  [WARNING ]  doc_uploader - Dropdown mismatch! Expected 'Income Certificate', found 'Aadhaar Card'. Re-selecting.
2026-08-21 15:39:57,374  [INFO    ]  doc_uploader - Selecting document type: 'Income Certificate'
2026-08-21 15:39:57,450  [INFO    ]  doc_uploader - Selected by visible text: 'Income Certificate'
2026-08-21 15:39:57,451  [INFO    ]  doc_uploader - Ensuring 'Plain extraction' is selected...
2026-08-21 15:40:02,863  [INFO    ]  doc_uploader - Clicked Plain extraction text element.
2026-08-21 15:40:12,912  [INFO    ]  doc_uploader - Clicking 'Submit to engine'...
2026-08-21 15:40:24,414  [INFO    ]  doc_uploader - Submitted to engine. Waiting for result...
2026-08-21 15:40:24,415  [INFO    ]  doc_uploader - Waiting for engine result (timeout=90s)...
2026-08-21 15:40:24,510  [INFO    ]  doc_uploader - Result appeared after 0s.
2026-08-21 15:40:25,641  [INFO    ]  doc_uploader - Screenshot saved: D:\ai_doc_automation\output\screenshots\20260821_154025_result_IncomeCertificate_123_page_0.png.png
2026-08-21 15:40:25,641  [INFO    ]  result_parser - Reading verdict from Overview tab...
2026-08-21 15:40:42,146  [INFO    ]  result_parser - Verdict: SUCCESS (from verdict card)
2026-08-21 15:40:42,146  [INFO    ]  result_parser - Clicking Extraction tab...
2026-08-21 15:40:44,026  [INFO    ]  result_parser - On Extraction tab.
2026-08-21 15:40:44,028  [INFO    ]  result_parser - JS parse: 7 fields
2026-08-21 15:40:44,136  [INFO    ]  doc_uploader - Screenshot saved: D:\ai_doc_automation\output\screenshots\20260821_154044_extracted_IncomeCertificate_123_page_0.png.png
2026-08-21 15:40:44,495  [ERROR   ]  main - Top-level exception processing document: 'Processing Time (s)'
2026-08-21 15:40:44,495  [INFO    ]  doc_uploader - Resetting form for next submission...
2026-08-21 15:40:46,366  [INFO    ]  doc_uploader - New submission clicked — form reset.
2026-08-21 15:40:47,367  [INFO    ]  main - 
[105/161] D:\ai_doc_automation\Test Data\Income Certificate for Testing\IncomeCertificate_124_page_0.png
2026-08-21 15:40:47,367  [INFO    ]  main - ============================================================
2026-08-21 15:40:47,367  [INFO    ]  main - Processing [105/161]: IncomeCertificate_124_page_0.png  |  Income Certificate  |  Attempt 1
2026-08-21 15:40:47,367  [INFO    ]  main - ============================================================
2026-08-21 15:40:47,695  [INFO    ]  doc_uploader - Selecting document type: 'Income Certificate'
2026-08-21 15:40:47,735  [INFO    ]  doc_uploader - Selected by visible text: 'Income Certificate'
2026-08-21 15:40:47,735  [INFO    ]  doc_uploader - Ensuring 'Plain extraction' is selected...
2026-08-21 15:40:53,134  [INFO    ]  doc_uploader - Clicked Plain extraction text element.
2026-08-21 15:40:53,134  [INFO    ]  doc_uploader - Uploading file: D:\ai_doc_automation\Test Data\Income Certificate for Testing\IncomeCertificate_124_page_0.png
2026-08-21 15:40:53,154  [INFO    ]  doc_uploader - File input found via JS querySelector.
2026-08-21 15:41:05,596  [INFO    ]  doc_uploader - File uploaded successfully.
2026-08-21 15:41:05,596  [INFO    ]  doc_uploader - Pre-submit verification...
2026-08-21 15:41:15,752  [INFO    ]  doc_uploader - Ensuring 'Plain extraction' is selected...
2026-08-21 15:41:21,119  [INFO    ]  doc_uploader - Clicked Plain extraction text element.
2026-08-21 15:41:31,202  [INFO    ]  doc_uploader - Clicking 'Submit to engine'...
2026-08-21 15:41:42,642  [INFO    ]  doc_uploader - Submitted to engine. Waiting for result...
2026-08-21 15:41:42,643  [INFO    ]  doc_uploader - Waiting for engine result (timeout=90s)...
2026-08-21 15:41:42,662  [INFO    ]  doc_uploader - Result appeared after 0s.
2026-08-21 15:41:43,760  [INFO    ]  doc_uploader - Screenshot saved: D:\ai_doc_automation\output\screenshots\20260821_154143_result_IncomeCertificate_124_page_0.png.png
2026-08-21 15:41:43,760  [INFO    ]  result_parser - Reading verdict from Overview tab...
2026-08-21 15:42:00,223  [INFO    ]  result_parser - Verdict: SUCCESS (from verdict card)
2026-08-21 15:42:00,223  [INFO    ]  result_parser - Clicking Extraction tab...
2026-08-21 15:42:02,100  [INFO    ]  result_parser - On Extraction tab.
2026-08-21 15:42:02,111  [INFO    ]  result_parser - JS parse: 7 fields
2026-08-21 15:42:02,207  [INFO    ]  doc_uploader - Screenshot saved: D:\ai_doc_automation\output\screenshots\20260821_154202_extracted_IncomeCertificate_124_page_0.png.png
2026-08-21 15:42:02,577  [ERROR   ]  main - Top-level exception processing document: 'Processing Time (s)'
2026-08-21 15:42:02,577  [INFO    ]  doc_uploader - Resetting form for next submission...
2026-08-21 15:42:04,448  [INFO    ]  doc_uploader - New submission clicked — form reset.
2026-08-21 15:42:05,449  [INFO    ]  main - 
[106/161] D:\ai_doc_automation\Test Data\Income Certificate for Testing\IncomeCertificate_125_page_0.png
2026-08-21 15:42:05,449  [INFO    ]  main - ============================================================
2026-08-21 15:42:05,449  [INFO    ]  main - Processing [106/161]: IncomeCertificate_125_page_0.png  |  Income Certificate  |  Attempt 1
2026-08-21 15:42:05,449  [INFO    ]  main - ============================================================
2026-08-21 15:42:05,653  [INFO    ]  doc_uploader - Selecting document type: 'Income Certificate'
2026-08-21 15:42:05,692  [INFO    ]  doc_uploader - Selected by visible text: 'Income Certificate'
2026-08-21 15:42:05,692  [INFO    ]  doc_uploader - Ensuring 'Plain extraction' is selected...
2026-08-21 15:42:11,089  [INFO    ]  doc_uploader - Clicked Plain extraction text element.
2026-08-21 15:42:11,125  [INFO    ]  doc_uploader - Uploading file: D:\ai_doc_automation\Test Data\Income Certificate for Testing\IncomeCertificate_125_page_0.png
2026-08-21 15:42:11,125  [INFO    ]  doc_uploader - File input found via JS querySelector.
2026-08-21 15:42:23,535  [INFO    ]  doc_uploader - File uploaded successfully.
2026-08-21 15:42:23,535  [INFO    ]  doc_uploader - Pre-submit verification...
2026-08-21 15:42:33,646  [INFO    ]  doc_uploader - Ensuring 'Plain extraction' is selected...
2026-08-21 15:42:39,058  [INFO    ]  doc_uploader - Clicked Plain extraction text element.
2026-08-21 15:42:49,123  [INFO    ]  doc_uploader - Clicking 'Submit to engine'...
2026-08-21 15:43:00,583  [INFO    ]  doc_uploader - Submitted to engine. Waiting for result...
2026-08-21 15:43:00,583  [INFO    ]  doc_uploader - Waiting for engine result (timeout=90s)...
2026-08-21 15:43:02,062  [INFO    ]  doc_uploader - Result appeared after 0s.
2026-08-21 15:43:03,170  [INFO    ]  doc_uploader - Screenshot saved: D:\ai_doc_automation\output\screenshots\20260821_154303_result_IncomeCertificate_125_page_0.png.png
2026-08-21 15:43:03,171  [INFO    ]  result_parser - Reading verdict from Overview tab...
2026-08-21 15:43:19,621  [INFO    ]  result_parser - Verdict: SUCCESS (from verdict card)
2026-08-21 15:43:19,621  [INFO    ]  result_parser - Clicking Extraction tab...
2026-08-21 15:43:21,485  [INFO    ]  result_parser - On Extraction tab.
2026-08-21 15:43:21,493  [INFO    ]  result_parser - JS parse: 7 fields
2026-08-21 15:43:21,646  [INFO    ]  doc_uploader - Screenshot saved: D:\ai_doc_automation\output\screenshots\20260821_154321_extracted_IncomeCertificate_125_page_0.png.png
2026-08-21 15:43:22,131  [ERROR   ]  main - Top-level exception processing document: 'Processing Time (s)'
2026-08-21 15:43:22,131  [INFO    ]  doc_uploader - Resetting form for next submission...
2026-08-21 15:43:24,013  [INFO    ]  doc_uploader - New submission clicked — form reset.
2026-08-21 15:43:25,014  [INFO    ]  main - 
[107/161] D:\ai_doc_automation\Test Data\Income Certificate for Testing\IncomeCertificate_133_page_0.png
2026-08-21 15:43:25,014  [INFO    ]  main - ============================================================
2026-08-21 15:43:25,014  [INFO    ]  main - Processing [107/161]: IncomeCertificate_133_page_0.png  |  Income Certificate  |  Attempt 1
2026-08-21 15:43:25,014  [INFO    ]  main - ============================================================
2026-08-21 15:43:25,296  [INFO    ]  doc_uploader - Selecting document type: 'Income Certificate'
2026-08-21 15:43:25,346  [INFO    ]  doc_uploader - Selected by visible text: 'Income Certificate'
2026-08-21 15:43:25,346  [INFO    ]  doc_uploader - Ensuring 'Plain extraction' is selected...
2026-08-21 15:43:30,793  [INFO    ]  doc_uploader - Clicked Plain extraction text element.
2026-08-21 15:43:30,794  [INFO    ]  doc_uploader - Uploading file: D:\ai_doc_automation\Test Data\Income Certificate for Testing\IncomeCertificate_133_page_0.png
2026-08-21 15:43:30,799  [INFO    ]  doc_uploader - File input found via JS querySelector.
2026-08-21 15:43:43,215  [INFO    ]  doc_uploader - File uploaded successfully.
2026-08-21 15:43:43,215  [INFO    ]  doc_uploader - Pre-submit verification...
2026-08-21 15:43:53,396  [INFO    ]  doc_uploader - Ensuring 'Plain extraction' is selected...
2026-08-21 15:43:58,792  [INFO    ]  doc_uploader - Clicked Plain extraction text element.
2026-08-21 15:44:08,857  [INFO    ]  doc_uploader - Clicking 'Submit to engine'...
2026-08-21 15:44:20,338  [INFO    ]  doc_uploader - Submitted to engine. Waiting for result...
2026-08-21 15:44:20,338  [INFO    ]  doc_uploader - Waiting for engine result (timeout=90s)...
2026-08-21 15:44:20,873  [INFO    ]  doc_uploader - Result appeared after 0s.
2026-08-21 15:44:22,004  [INFO    ]  doc_uploader - Screenshot saved: D:\ai_doc_automation\output\screenshots\20260821_154421_result_IncomeCertificate_133_page_0.png.png
2026-08-21 15:44:22,004  [INFO    ]  result_parser - Reading verdict from Overview tab...
2026-08-21 15:44:38,461  [INFO    ]  result_parser - Verdict: SUCCESS (from verdict card)
2026-08-21 15:44:38,461  [INFO    ]  result_parser - Clicking Extraction tab...
2026-08-21 15:44:40,335  [INFO    ]  result_parser - On Extraction tab.
2026-08-21 15:44:40,335  [INFO    ]  result_parser - JS parse: 7 fields
2026-08-21 15:44:40,435  [INFO    ]  doc_uploader - Screenshot saved: D:\ai_doc_automation\output\screenshots\20260821_154440_extracted_IncomeCertificate_133_page_0.png.png
2026-08-21 15:44:40,805  [ERROR   ]  main - Top-level exception processing document: 'Processing Time (s)'
2026-08-21 15:44:40,805  [INFO    ]  doc_uploader - Resetting form for next submission...
2026-08-21 15:44:42,685  [INFO    ]  doc_uploader - New submission clicked — form reset.
2026-08-21 15:44:43,687  [INFO    ]  main - 
[108/161] D:\ai_doc_automation\Test Data\Income Certificate for Testing\IncomeCertificate_140_page_0.png
2026-08-21 15:44:43,687  [INFO    ]  main - ============================================================
2026-08-21 15:44:43,687  [INFO    ]  main - Processing [108/161]: IncomeCertificate_140_page_0.png  |  Income Certificate  |  Attempt 1
2026-08-21 15:44:43,687  [INFO    ]  main - ============================================================
2026-08-21 15:44:43,897  [INFO    ]  doc_uploader - Selecting document type: 'Income Certificate'
2026-08-21 15:44:43,941  [INFO    ]  doc_uploader - Selected by visible text: 'Income Certificate'
2026-08-21 15:44:43,941  [INFO    ]  doc_uploader - Ensuring 'Plain extraction' is selected...
2026-08-21 15:44:49,324  [INFO    ]  doc_uploader - Clicked Plain extraction text element.
2026-08-21 15:44:49,327  [INFO    ]  doc_uploader - Uploading file: D:\ai_doc_automation\Test Data\Income Certificate for Testing\IncomeCertificate_140_page_0.png
2026-08-21 15:44:49,332  [INFO    ]  doc_uploader - File input found via JS querySelector.
2026-08-21 15:45:01,735  [INFO    ]  doc_uploader - File uploaded successfully.
2026-08-21 15:45:01,735  [INFO    ]  doc_uploader - Pre-submit verification...
2026-08-21 15:45:11,877  [INFO    ]  doc_uploader - Ensuring 'Plain extraction' is selected...
2026-08-21 15:45:17,246  [INFO    ]  doc_uploader - Clicked Plain extraction text element.
2026-08-21 15:45:27,299  [INFO    ]  doc_uploader - Clicking 'Submit to engine'...
2026-08-21 15:45:38,862  [INFO    ]  doc_uploader - Submitted to engine. Waiting for result...
2026-08-21 15:45:38,862  [INFO    ]  doc_uploader - Waiting for engine result (timeout=90s)...
2026-08-21 15:46:04,042  [INFO    ]  doc_uploader - Result appeared after 25s.
2026-08-21 15:46:05,159  [INFO    ]  doc_uploader - Screenshot saved: D:\ai_doc_automation\output\screenshots\20260821_154605_result_IncomeCertificate_140_page_0.png.png
2026-08-21 15:46:05,159  [INFO    ]  result_parser - Reading verdict from Overview tab...
2026-08-21 15:46:21,673  [INFO    ]  result_parser - Verdict: SUCCESS (from verdict card)
2026-08-21 15:46:21,673  [INFO    ]  result_parser - Clicking Extraction tab...
2026-08-21 15:46:23,553  [INFO    ]  result_parser - On Extraction tab.
2026-08-21 15:46:23,561  [INFO    ]  result_parser - JS parse: 7 fields
2026-08-21 15:46:23,675  [INFO    ]  doc_uploader - Screenshot saved: D:\ai_doc_automation\output\screenshots\20260821_154623_extracted_IncomeCertificate_140_page_0.png.png
2026-08-21 15:46:24,106  [ERROR   ]  main - Top-level exception processing document: 'Processing Time (s)'
2026-08-21 15:46:24,106  [INFO    ]  doc_uploader - Resetting form for next submission...
2026-08-21 15:46:25,997  [INFO    ]  doc_uploader - New submission clicked — form reset.
2026-08-21 15:46:26,998  [INFO    ]  main - 
[109/161] D:\ai_doc_automation\Test Data\Income Certificate for Testing\IncomeCertificate_143_page_0.png
2026-08-21 15:46:26,998  [INFO    ]  main - ============================================================
2026-08-21 15:46:26,999  [INFO    ]  main - Processing [109/161]: IncomeCertificate_143_page_0.png  |  Income Certificate  |  Attempt 1
2026-08-21 15:46:26,999  [INFO    ]  main - ============================================================
2026-08-21 15:46:27,239  [INFO    ]  doc_uploader - Selecting document type: 'Income Certificate'
2026-08-21 15:46:27,277  [INFO    ]  doc_uploader - Selected by visible text: 'Income Certificate'
2026-08-21 15:46:27,277  [INFO    ]  doc_uploader - Ensuring 'Plain extraction' is selected...
2026-08-21 15:46:32,687  [INFO    ]  doc_uploader - Clicked Plain extraction text element.
2026-08-21 15:46:32,688  [INFO    ]  doc_uploader - Uploading file: D:\ai_doc_automation\Test Data\Income Certificate for Testing\IncomeCertificate_143_page_0.png
2026-08-21 15:46:32,694  [INFO    ]  doc_uploader - File input found via JS querySelector.
2026-08-21 15:46:45,077  [INFO    ]  doc_uploader - File uploaded successfully.
2026-08-21 15:46:45,077  [INFO    ]  doc_uploader - Pre-submit verification...
2026-08-21 15:46:55,203  [INFO    ]  doc_uploader - Ensuring 'Plain extraction' is selected...
2026-08-21 15:47:00,620  [INFO    ]  doc_uploader - Clicked Plain extraction text element.
2026-08-21 15:47:10,653  [INFO    ]  doc_uploader - Clicking 'Submit to engine'...
2026-08-21 15:47:22,148  [INFO    ]  doc_uploader - Submitted to engine. Waiting for result...
2026-08-21 15:47:22,148  [INFO    ]  doc_uploader - Waiting for engine result (timeout=90s)...
2026-08-21 15:47:22,614  [INFO    ]  doc_uploader - Result appeared after 0s.
2026-08-21 15:47:23,733  [INFO    ]  doc_uploader - Screenshot saved: D:\ai_doc_automation\output\screenshots\20260821_154723_result_IncomeCertificate_143_page_0.png.png
2026-08-21 15:47:23,734  [INFO    ]  result_parser - Reading verdict from Overview tab...
2026-08-21 15:47:40,198  [INFO    ]  result_parser - Verdict: SUCCESS (from verdict card)
2026-08-21 15:47:40,198  [INFO    ]  result_parser - Clicking Extraction tab...
2026-08-21 15:47:42,078  [INFO    ]  result_parser - On Extraction tab.
2026-08-21 15:47:42,078  [INFO    ]  result_parser - JS parse: 7 fields
2026-08-21 15:47:42,184  [INFO    ]  doc_uploader - Screenshot saved: D:\ai_doc_automation\output\screenshots\20260821_154742_extracted_IncomeCertificate_143_page_0.png.png
2026-08-21 15:47:42,538  [ERROR   ]  main - Top-level exception processing document: 'Processing Time (s)'
2026-08-21 15:47:42,538  [INFO    ]  doc_uploader - Resetting form for next submission...
2026-08-21 15:47:44,411  [INFO    ]  doc_uploader - New submission clicked — form reset.
2026-08-21 15:47:45,411  [INFO    ]  main - 
[110/161] D:\ai_doc_automation\Test Data\Income Certificate for Testing\IncomeCertificate_144_page_0.png
2026-08-21 15:47:45,411  [INFO    ]  main - ============================================================
2026-08-21 15:47:45,411  [INFO    ]  main - Processing [110/161]: IncomeCertificate_144_page_0.png  |  Income Certificate  |  Attempt 1
2026-08-21 15:47:45,411  [INFO    ]  main - ============================================================
2026-08-21 15:47:45,623  [INFO    ]  doc_uploader - Selecting document type: 'Income Certificate'
2026-08-21 15:47:45,661  [INFO    ]  doc_uploader - Selected by visible text: 'Income Certificate'
2026-08-21 15:47:45,661  [INFO    ]  doc_uploader - Ensuring 'Plain extraction' is selected...
2026-08-21 15:47:51,082  [INFO    ]  doc_uploader - Clicked Plain extraction text element.
2026-08-21 15:47:51,085  [INFO    ]  doc_uploader - Uploading file: D:\ai_doc_automation\Test Data\Income Certificate for Testing\IncomeCertificate_144_page_0.png
2026-08-21 15:47:51,090  [INFO    ]  doc_uploader - File input found via JS querySelector.
2026-08-21 15:48:03,472  [INFO    ]  doc_uploader - File uploaded successfully.
2026-08-21 15:48:03,472  [INFO    ]  doc_uploader - Pre-submit verification...
2026-08-21 15:48:13,674  [INFO    ]  doc_uploader - Ensuring 'Plain extraction' is selected...
2026-08-21 15:48:19,039  [INFO    ]  doc_uploader - Clicked Plain extraction text element.
2026-08-21 15:48:29,122  [INFO    ]  doc_uploader - Clicking 'Submit to engine'...
2026-08-21 15:48:40,605  [INFO    ]  doc_uploader - Submitted to engine. Waiting for result...
2026-08-21 15:48:40,609  [INFO    ]  doc_uploader - Waiting for engine result (timeout=90s)...
2026-08-21 15:48:42,671  [INFO    ]  doc_uploader - Result appeared after 0s.
2026-08-21 15:48:43,771  [INFO    ]  doc_uploader - Screenshot saved: D:\ai_doc_automation\output\screenshots\20260821_154843_result_IncomeCertificate_144_page_0.png.png
2026-08-21 15:48:43,771  [INFO    ]  result_parser - Reading verdict from Overview tab...
2026-08-21 15:49:00,286  [INFO    ]  result_parser - Verdict: SUCCESS (from verdict card)
2026-08-21 15:49:00,286  [INFO    ]  result_parser - Clicking Extraction tab...
2026-08-21 15:49:02,168  [INFO    ]  result_parser - On Extraction tab.
2026-08-21 15:49:02,169  [INFO    ]  result_parser - JS parse: 7 fields
2026-08-21 15:49:02,283  [INFO    ]  doc_uploader - Screenshot saved: D:\ai_doc_automation\output\screenshots\20260821_154902_extracted_IncomeCertificate_144_page_0.png.png
2026-08-21 15:49:02,650  [ERROR   ]  main - Top-level exception processing document: 'Processing Time (s)'
2026-08-21 15:49:02,650  [INFO    ]  doc_uploader - Resetting form for next submission...
2026-08-21 15:49:04,526  [INFO    ]  doc_uploader - New submission clicked — form reset.
2026-08-21 15:49:05,527  [INFO    ]  main - 
[111/161] D:\ai_doc_automation\Test Data\Income Certificate for Testing\IncomeCertificate_148_page_0.png
2026-08-21 15:49:05,527  [INFO    ]  main - ============================================================
2026-08-21 15:49:05,527  [INFO    ]  main - Processing [111/161]: IncomeCertificate_148_page_0.png  |  Income Certificate  |  Attempt 1
2026-08-21 15:49:05,527  [INFO    ]  main - ============================================================
2026-08-21 15:49:05,737  [INFO    ]  doc_uploader - Selecting document type: 'Income Certificate'
2026-08-21 15:49:05,786  [INFO    ]  doc_uploader - Selected by visible text: 'Income Certificate'
2026-08-21 15:49:05,786  [INFO    ]  doc_uploader - Ensuring 'Plain extraction' is selected...
2026-08-21 15:49:11,165  [INFO    ]  doc_uploader - Clicked Plain extraction text element.
2026-08-21 15:49:11,171  [INFO    ]  doc_uploader - Uploading file: D:\ai_doc_automation\Test Data\Income Certificate for Testing\IncomeCertificate_148_page_0.png
2026-08-21 15:49:11,171  [INFO    ]  doc_uploader - File input found via JS querySelector.
2026-08-21 15:49:23,567  [INFO    ]  doc_uploader - File uploaded successfully.
2026-08-21 15:49:23,567  [INFO    ]  doc_uploader - Pre-submit verification...
2026-08-21 15:49:33,838  [INFO    ]  doc_uploader - Ensuring 'Plain extraction' is selected...
2026-08-21 15:49:39,267  [INFO    ]  doc_uploader - Clicked Plain extraction text element.
2026-08-21 15:49:49,348  [INFO    ]  doc_uploader - Clicking 'Submit to engine'...
2026-08-21 15:50:00,919  [INFO    ]  doc_uploader - Submitted to engine. Waiting for result...
2026-08-21 15:50:00,919  [INFO    ]  doc_uploader - Waiting for engine result (timeout=90s)...
2026-08-21 15:50:01,670  [INFO    ]  doc_uploader - Result appeared after 0s.
2026-08-21 15:50:02,798  [INFO    ]  doc_uploader - Screenshot saved: D:\ai_doc_automation\output\screenshots\20260821_155002_result_IncomeCertificate_148_page_0.png.png
2026-08-21 15:50:02,798  [INFO    ]  result_parser - Reading verdict from Overview tab...
2026-08-21 15:50:19,308  [INFO    ]  result_parser - Verdict: SUCCESS (from verdict card)
2026-08-21 15:50:19,308  [INFO    ]  result_parser - Clicking Extraction tab...
2026-08-21 15:50:21,177  [INFO    ]  result_parser - On Extraction tab.
2026-08-21 15:50:21,183  [INFO    ]  result_parser - JS parse: 7 fields
2026-08-21 15:50:21,306  [INFO    ]  doc_uploader - Screenshot saved: D:\ai_doc_automation\output\screenshots\20260821_155021_extracted_IncomeCertificate_148_page_0.png.png
2026-08-21 15:50:21,802  [ERROR   ]  main - Top-level exception processing document: 'Processing Time (s)'
2026-08-21 15:50:21,802  [INFO    ]  doc_uploader - Resetting form for next submission...
2026-08-21 15:50:23,678  [INFO    ]  doc_uploader - New submission clicked — form reset.
2026-08-21 15:50:24,679  [INFO    ]  main - 
[112/161] D:\ai_doc_automation\Test Data\Income Certificate for Testing\IncomeCertificate_150_page_0.png
2026-08-21 15:50:24,679  [INFO    ]  main - ============================================================
2026-08-21 15:50:24,680  [INFO    ]  main - Processing [112/161]: IncomeCertificate_150_page_0.png  |  Income Certificate  |  Attempt 1
2026-08-21 15:50:24,680  [INFO    ]  main - ============================================================
2026-08-21 15:50:24,906  [INFO    ]  doc_uploader - Selecting document type: 'Income Certificate'
2026-08-21 15:50:24,951  [INFO    ]  doc_uploader - Selected by visible text: 'Income Certificate'
2026-08-21 15:50:24,952  [INFO    ]  doc_uploader - Ensuring 'Plain extraction' is selected...
2026-08-21 15:50:30,471  [INFO    ]  doc_uploader - Clicked Plain extraction text element.
2026-08-21 15:50:30,472  [INFO    ]  doc_uploader - Uploading file: D:\ai_doc_automation\Test Data\Income Certificate for Testing\IncomeCertificate_150_page_0.png
2026-08-21 15:50:30,477  [INFO    ]  doc_uploader - File input found via JS querySelector.
2026-08-21 15:50:42,840  [INFO    ]  doc_uploader - File uploaded successfully.
2026-08-21 15:50:42,840  [INFO    ]  doc_uploader - Pre-submit verification...
2026-08-21 15:50:53,006  [INFO    ]  doc_uploader - Ensuring 'Plain extraction' is selected...
2026-08-21 15:50:58,421  [INFO    ]  doc_uploader - Clicked Plain extraction text element.
2026-08-21 15:51:08,517  [INFO    ]  doc_uploader - Clicking 'Submit to engine'...
2026-08-21 15:51:19,973  [INFO    ]  doc_uploader - Submitted to engine. Waiting for result...
2026-08-21 15:51:19,975  [INFO    ]  doc_uploader - Waiting for engine result (timeout=90s)...
2026-08-21 15:51:24,772  [INFO    ]  doc_uploader - Result appeared after 0s.
2026-08-21 15:51:25,975  [INFO    ]  doc_uploader - Screenshot saved: D:\ai_doc_automation\output\screenshots\20260821_155125_result_IncomeCertificate_150_page_0.png.png
2026-08-21 15:51:25,975  [INFO    ]  result_parser - Reading verdict from Overview tab...
2026-08-21 15:51:42,470  [INFO    ]  result_parser - Verdict: SUCCESS (from verdict card)
2026-08-21 15:51:42,470  [INFO    ]  result_parser - Clicking Extraction tab...
2026-08-21 15:51:44,422  [INFO    ]  result_parser - On Extraction tab.
2026-08-21 15:51:44,432  [INFO    ]  result_parser - JS parse: 7 fields
2026-08-21 15:51:44,584  [INFO    ]  doc_uploader - Screenshot saved: D:\ai_doc_automation\output\screenshots\20260821_155144_extracted_IncomeCertificate_150_page_0.png.png
2026-08-21 15:51:45,283  [ERROR   ]  main - Top-level exception processing document: 'Processing Time (s)'
2026-08-21 15:51:45,284  [INFO    ]  doc_uploader - Resetting form for next submission...
2026-08-21 15:51:47,240  [INFO    ]  doc_uploader - New submission clicked — form reset.
2026-08-21 15:51:48,241  [INFO    ]  main - 
[113/161] D:\ai_doc_automation\Test Data\Income Certificate for Testing\IncomeCertificate_151_page_0.png
2026-08-21 15:51:48,241  [INFO    ]  main - ============================================================
2026-08-21 15:51:48,241  [INFO    ]  main - Processing [113/161]: IncomeCertificate_151_page_0.png  |  Income Certificate  |  Attempt 1
2026-08-21 15:51:48,242  [INFO    ]  main - ============================================================
2026-08-21 15:51:48,632  [INFO    ]  doc_uploader - Selecting document type: 'Income Certificate'
2026-08-21 15:51:48,686  [INFO    ]  doc_uploader - Selected by visible text: 'Income Certificate'
2026-08-21 15:51:48,687  [INFO    ]  doc_uploader - Ensuring 'Plain extraction' is selected...
2026-08-21 15:51:54,120  [INFO    ]  doc_uploader - Clicked Plain extraction text element.
2026-08-21 15:51:54,120  [INFO    ]  doc_uploader - Uploading file: D:\ai_doc_automation\Test Data\Income Certificate for Testing\IncomeCertificate_151_page_0.png
2026-08-21 15:51:54,136  [INFO    ]  doc_uploader - File input found via JS querySelector.
2026-08-21 15:52:06,903  [INFO    ]  doc_uploader - File uploaded successfully.
2026-08-21 15:52:06,908  [INFO    ]  doc_uploader - Pre-submit verification...
2026-08-21 15:52:17,268  [INFO    ]  doc_uploader - Ensuring 'Plain extraction' is selected...
2026-08-21 15:52:22,707  [INFO    ]  doc_uploader - Clicked Plain extraction text element.
2026-08-21 15:52:32,805  [INFO    ]  doc_uploader - Clicking 'Submit to engine'...
2026-08-21 15:52:44,356  [INFO    ]  doc_uploader - Submitted to engine. Waiting for result...
2026-08-21 15:52:44,358  [INFO    ]  doc_uploader - Waiting for engine result (timeout=90s)...
2026-08-21 15:52:47,598  [INFO    ]  doc_uploader - Result appeared after 0s.
2026-08-21 15:52:48,721  [INFO    ]  doc_uploader - Screenshot saved: D:\ai_doc_automation\output\screenshots\20260821_155248_result_IncomeCertificate_151_page_0.png.png
2026-08-21 15:52:48,722  [INFO    ]  result_parser - Reading verdict from Overview tab...
2026-08-21 15:53:05,189  [INFO    ]  result_parser - Verdict: SUCCESS (from verdict card)
2026-08-21 15:53:05,190  [INFO    ]  result_parser - Clicking Extraction tab...
2026-08-21 15:53:07,054  [INFO    ]  result_parser - On Extraction tab.
2026-08-21 15:53:07,061  [INFO    ]  result_parser - JS parse: 7 fields
2026-08-21 15:53:07,181  [INFO    ]  doc_uploader - Screenshot saved: D:\ai_doc_automation\output\screenshots\20260821_155307_extracted_IncomeCertificate_151_page_0.png.png
2026-08-21 15:53:07,617  [ERROR   ]  main - Top-level exception processing document: 'Processing Time (s)'
2026-08-21 15:53:07,617  [INFO    ]  doc_uploader - Resetting form for next submission...
2026-08-21 15:53:09,505  [INFO    ]  doc_uploader - New submission clicked — form reset.
2026-08-21 15:53:10,506  [INFO    ]  main - 
[114/161] D:\ai_doc_automation\Test Data\Income Certificate for Testing\IncomeCertificate_157_page_0.png
2026-08-21 15:53:10,506  [INFO    ]  main - ============================================================
2026-08-21 15:53:10,506  [INFO    ]  main - Processing [114/161]: IncomeCertificate_157_page_0.png  |  Income Certificate  |  Attempt 1
2026-08-21 15:53:10,506  [INFO    ]  main - ============================================================
2026-08-21 15:53:10,732  [INFO    ]  doc_uploader - Selecting document type: 'Income Certificate'
2026-08-21 15:53:10,772  [INFO    ]  doc_uploader - Selected by visible text: 'Income Certificate'
2026-08-21 15:53:10,772  [INFO    ]  doc_uploader - Ensuring 'Plain extraction' is selected...
2026-08-21 15:53:16,144  [INFO    ]  doc_uploader - Clicked Plain extraction text element.
2026-08-21 15:53:16,144  [INFO    ]  doc_uploader - Uploading file: D:\ai_doc_automation\Test Data\Income Certificate for Testing\IncomeCertificate_157_page_0.png
2026-08-21 15:53:16,160  [INFO    ]  doc_uploader - File input found via JS querySelector.
2026-08-21 15:53:28,631  [INFO    ]  doc_uploader - File uploaded successfully.
2026-08-21 15:53:28,631  [INFO    ]  doc_uploader - Pre-submit verification...
2026-08-21 15:53:38,764  [INFO    ]  doc_uploader - Ensuring 'Plain extraction' is selected...
2026-08-21 15:53:44,201  [INFO    ]  doc_uploader - Clicked Plain extraction text element.
2026-08-21 15:53:54,345  [INFO    ]  doc_uploader - Clicking 'Submit to engine'...
2026-08-21 15:54:05,803  [INFO    ]  doc_uploader - Submitted to engine. Waiting for result...
2026-08-21 15:54:05,806  [INFO    ]  doc_uploader - Waiting for engine result (timeout=90s)...
2026-08-21 15:54:06,245  [INFO    ]  doc_uploader - Result appeared after 0s.
2026-08-21 15:54:07,357  [INFO    ]  doc_uploader - Screenshot saved: D:\ai_doc_automation\output\screenshots\20260821_155407_result_IncomeCertificate_157_page_0.png.png
2026-08-21 15:54:07,357  [INFO    ]  result_parser - Reading verdict from Overview tab...
2026-08-21 15:54:23,851  [INFO    ]  result_parser - Verdict: SUCCESS (from verdict card)
2026-08-21 15:54:23,851  [INFO    ]  result_parser - Clicking Extraction tab...
2026-08-21 15:54:25,719  [INFO    ]  result_parser - On Extraction tab.
2026-08-21 15:54:25,721  [INFO    ]  result_parser - JS parse: 7 fields
2026-08-21 15:54:25,831  [INFO    ]  doc_uploader - Screenshot saved: D:\ai_doc_automation\output\screenshots\20260821_155425_extracted_IncomeCertificate_157_page_0.png.png
2026-08-21 15:54:26,255  [ERROR   ]  main - Top-level exception processing document: 'Processing Time (s)'
2026-08-21 15:54:26,255  [INFO    ]  doc_uploader - Resetting form for next submission...
2026-08-21 15:54:28,128  [INFO    ]  doc_uploader - New submission clicked — form reset.
2026-08-21 15:54:29,129  [INFO    ]  main - 
[115/161] D:\ai_doc_automation\Test Data\Income Certificate for Testing\IncomeCertificate_158_page_0.png
2026-08-21 15:54:29,129  [INFO    ]  main - ============================================================
2026-08-21 15:54:29,129  [INFO    ]  main - Processing [115/161]: IncomeCertificate_158_page_0.png  |  Income Certificate  |  Attempt 1
2026-08-21 15:54:29,129  [INFO    ]  main - ============================================================
2026-08-21 15:54:29,357  [INFO    ]  doc_uploader - Selecting document type: 'Income Certificate'
2026-08-21 15:54:29,406  [INFO    ]  doc_uploader - Selected by visible text: 'Income Certificate'
2026-08-21 15:54:29,407  [INFO    ]  doc_uploader - Ensuring 'Plain extraction' is selected...
2026-08-21 15:54:34,783  [INFO    ]  doc_uploader - Clicked Plain extraction text element.
2026-08-21 15:54:34,786  [INFO    ]  doc_uploader - Uploading file: D:\ai_doc_automation\Test Data\Income Certificate for Testing\IncomeCertificate_158_page_0.png
2026-08-21 15:54:34,792  [INFO    ]  doc_uploader - File input found via JS querySelector.
2026-08-21 15:54:47,190  [INFO    ]  doc_uploader - File uploaded successfully.
2026-08-21 15:54:47,190  [INFO    ]  doc_uploader - Pre-submit verification...
2026-08-21 15:54:57,393  [INFO    ]  doc_uploader - Ensuring 'Plain extraction' is selected...
2026-08-21 15:55:02,799  [INFO    ]  doc_uploader - Clicked Plain extraction text element.
2026-08-21 15:55:12,915  [INFO    ]  doc_uploader - Clicking 'Submit to engine'...
2026-08-21 15:55:24,364  [INFO    ]  doc_uploader - Submitted to engine. Waiting for result...
2026-08-21 15:55:24,364  [INFO    ]  doc_uploader - Waiting for engine result (timeout=90s)...
2026-08-21 15:55:28,684  [INFO    ]  doc_uploader - Result appeared after 0s.
2026-08-21 15:55:29,796  [INFO    ]  doc_uploader - Screenshot saved: D:\ai_doc_automation\output\screenshots\20260821_155529_result_IncomeCertificate_158_page_0.png.png
2026-08-21 15:55:29,796  [INFO    ]  result_parser - Reading verdict from Overview tab...
2026-08-21 15:55:46,277  [INFO    ]  result_parser - Verdict: SUCCESS (from verdict card)
2026-08-21 15:55:46,277  [INFO    ]  result_parser - Clicking Extraction tab...
2026-08-21 15:55:48,136  [INFO    ]  result_parser - On Extraction tab.
2026-08-21 15:55:48,142  [INFO    ]  result_parser - JS parse: 7 fields
2026-08-21 15:55:48,243  [INFO    ]  doc_uploader - Screenshot saved: D:\ai_doc_automation\output\screenshots\20260821_155548_extracted_IncomeCertificate_158_page_0.png.png
2026-08-21 15:55:48,625  [ERROR   ]  main - Top-level exception processing document: 'Processing Time (s)'
2026-08-21 15:55:48,625  [INFO    ]  doc_uploader - Resetting form for next submission...
2026-08-21 15:55:50,513  [INFO    ]  doc_uploader - New submission clicked — form reset.
2026-08-21 15:55:51,513  [INFO    ]  main - 
[116/161] D:\ai_doc_automation\Test Data\Income Certificate for Testing\IncomeCertificate_16_page_0.png
2026-08-21 15:55:51,513  [INFO    ]  main - ============================================================
2026-08-21 15:55:51,514  [INFO    ]  main - Processing [116/161]: IncomeCertificate_16_page_0.png  |  Income Certificate  |  Attempt 1
2026-08-21 15:55:51,514  [INFO    ]  main - ============================================================
2026-08-21 15:55:51,795  [INFO    ]  doc_uploader - Selecting document type: 'Income Certificate'
2026-08-21 15:55:51,844  [INFO    ]  doc_uploader - Selected by visible text: 'Income Certificate'
2026-08-21 15:55:51,844  [INFO    ]  doc_uploader - Ensuring 'Plain extraction' is selected...
2026-08-21 15:55:57,243  [INFO    ]  doc_uploader - Clicked Plain extraction text element.
2026-08-21 15:55:57,245  [INFO    ]  doc_uploader - Uploading file: D:\ai_doc_automation\Test Data\Income Certificate for Testing\IncomeCertificate_16_page_0.png
2026-08-21 15:55:57,249  [INFO    ]  doc_uploader - File input found via JS querySelector.
2026-08-21 15:56:09,676  [INFO    ]  doc_uploader - File uploaded successfully.
2026-08-21 15:56:09,676  [INFO    ]  doc_uploader - Pre-submit verification...
2026-08-21 15:56:19,881  [INFO    ]  doc_uploader - Ensuring 'Plain extraction' is selected...
2026-08-21 15:56:25,278  [INFO    ]  doc_uploader - Clicked Plain extraction text element.
2026-08-21 15:56:35,356  [INFO    ]  doc_uploader - Clicking 'Submit to engine'...
2026-08-21 15:56:46,939  [INFO    ]  doc_uploader - Submitted to engine. Waiting for result...
2026-08-21 15:56:46,939  [INFO    ]  doc_uploader - Waiting for engine result (timeout=90s)...
2026-08-21 15:56:48,701  [INFO    ]  doc_uploader - Result appeared after 0s.
2026-08-21 15:56:49,803  [INFO    ]  doc_uploader - Screenshot saved: D:\ai_doc_automation\output\screenshots\20260821_155649_result_IncomeCertificate_16_page_0.png.png
2026-08-21 15:56:49,803  [INFO    ]  result_parser - Reading verdict from Overview tab...
2026-08-21 15:57:06,336  [INFO    ]  result_parser - Verdict: SUCCESS (from verdict card)
2026-08-21 15:57:06,336  [INFO    ]  result_parser - Clicking Extraction tab...
2026-08-21 15:57:08,213  [INFO    ]  result_parser - On Extraction tab.
2026-08-21 15:57:08,218  [INFO    ]  result_parser - JS parse: 7 fields
2026-08-21 15:57:08,430  [INFO    ]  doc_uploader - Screenshot saved: D:\ai_doc_automation\output\screenshots\20260821_155708_extracted_IncomeCertificate_16_page_0.png.png
2026-08-21 15:57:08,850  [ERROR   ]  main - Top-level exception processing document: 'Processing Time (s)'
2026-08-21 15:57:08,850  [INFO    ]  doc_uploader - Resetting form for next submission...
2026-08-21 15:57:10,725  [INFO    ]  doc_uploader - New submission clicked — form reset.
2026-08-21 15:57:11,726  [INFO    ]  main - 
[117/161] D:\ai_doc_automation\Test Data\Income Certificate for Testing\IncomeCertificate_21_page_0.png
2026-08-21 15:57:11,726  [INFO    ]  main - ============================================================
2026-08-21 15:57:11,727  [INFO    ]  main - Processing [117/161]: IncomeCertificate_21_page_0.png  |  Income Certificate  |  Attempt 1
2026-08-21 15:57:11,727  [INFO    ]  main - ============================================================
2026-08-21 15:57:11,990  [INFO    ]  doc_uploader - Selecting document type: 'Income Certificate'
2026-08-21 15:57:12,042  [INFO    ]  doc_uploader - Selected by visible text: 'Income Certificate'
2026-08-21 15:57:12,042  [INFO    ]  doc_uploader - Ensuring 'Plain extraction' is selected...
2026-08-21 15:57:17,581  [INFO    ]  doc_uploader - Clicked Plain extraction text element.
2026-08-21 15:57:17,625  [INFO    ]  doc_uploader - Uploading file: D:\ai_doc_automation\Test Data\Income Certificate for Testing\IncomeCertificate_21_page_0.png
2026-08-21 15:57:17,631  [INFO    ]  doc_uploader - File input found via JS querySelector.
2026-08-21 15:57:30,025  [INFO    ]  doc_uploader - File uploaded successfully.
2026-08-21 15:57:30,025  [INFO    ]  doc_uploader - Pre-submit verification...
2026-08-21 15:57:40,272  [INFO    ]  doc_uploader - Ensuring 'Plain extraction' is selected...
2026-08-21 15:57:45,679  [INFO    ]  doc_uploader - Clicked Plain extraction text element.
2026-08-21 15:57:55,781  [INFO    ]  doc_uploader - Clicking 'Submit to engine'...
2026-08-21 15:58:07,308  [INFO    ]  doc_uploader - Submitted to engine. Waiting for result...
2026-08-21 15:58:07,308  [INFO    ]  doc_uploader - Waiting for engine result (timeout=90s)...
2026-08-21 15:58:12,040  [INFO    ]  doc_uploader - Result appeared after 0s.
2026-08-21 15:58:13,181  [INFO    ]  doc_uploader - Screenshot saved: D:\ai_doc_automation\output\screenshots\20260821_155813_result_IncomeCertificate_21_page_0.png.png
2026-08-21 15:58:13,182  [INFO    ]  result_parser - Reading verdict from Overview tab...
2026-08-21 15:58:29,690  [INFO    ]  result_parser - Verdict: SUCCESS (from verdict card)
2026-08-21 15:58:29,690  [INFO    ]  result_parser - Clicking Extraction tab...
2026-08-21 15:58:31,646  [INFO    ]  result_parser - On Extraction tab.
2026-08-21 15:58:31,646  [INFO    ]  result_parser - JS parse: 7 fields
2026-08-21 15:58:31,773  [INFO    ]  doc_uploader - Screenshot saved: D:\ai_doc_automation\output\screenshots\20260821_155831_extracted_IncomeCertificate_21_page_0.png.png
2026-08-21 15:58:32,257  [ERROR   ]  main - Top-level exception processing document: 'Processing Time (s)'
2026-08-21 15:58:32,257  [INFO    ]  doc_uploader - Resetting form for next submission...
2026-08-21 15:58:34,150  [INFO    ]  doc_uploader - New submission clicked — form reset.
2026-08-21 15:58:35,151  [INFO    ]  main - 
[118/161] D:\ai_doc_automation\Test Data\Income Certificate for Testing\IncomeCertificate_35_page_0.png
2026-08-21 15:58:35,151  [INFO    ]  main - ============================================================
2026-08-21 15:58:35,151  [INFO    ]  main - Processing [118/161]: IncomeCertificate_35_page_0.png  |  Income Certificate  |  Attempt 1
2026-08-21 15:58:35,151  [INFO    ]  main - ============================================================
2026-08-21 15:58:35,428  [INFO    ]  doc_uploader - Selecting document type: 'Income Certificate'
2026-08-21 15:58:35,481  [INFO    ]  doc_uploader - Selected by visible text: 'Income Certificate'
2026-08-21 15:58:35,481  [INFO    ]  doc_uploader - Ensuring 'Plain extraction' is selected...
2026-08-21 15:58:40,855  [INFO    ]  doc_uploader - Clicked Plain extraction text element.
2026-08-21 15:58:40,855  [INFO    ]  doc_uploader - Uploading file: D:\ai_doc_automation\Test Data\Income Certificate for Testing\IncomeCertificate_35_page_0.png
2026-08-21 15:58:40,873  [INFO    ]  doc_uploader - File input found via JS querySelector.
2026-08-21 15:58:53,303  [INFO    ]  doc_uploader - File uploaded successfully.
2026-08-21 15:58:53,303  [INFO    ]  doc_uploader - Pre-submit verification...
2026-08-21 15:59:03,522  [INFO    ]  doc_uploader - Ensuring 'Plain extraction' is selected...
2026-08-21 15:59:08,918  [INFO    ]  doc_uploader - Clicked Plain extraction text element.
2026-08-21 15:59:18,982  [INFO    ]  doc_uploader - Clicking 'Submit to engine'...
2026-08-21 15:59:30,468  [INFO    ]  doc_uploader - Submitted to engine. Waiting for result...
2026-08-21 15:59:30,468  [INFO    ]  doc_uploader - Waiting for engine result (timeout=90s)...
2026-08-21 15:59:34,714  [INFO    ]  doc_uploader - Result appeared after 0s.
2026-08-21 15:59:35,851  [INFO    ]  doc_uploader - Screenshot saved: D:\ai_doc_automation\output\screenshots\20260821_155935_result_IncomeCertificate_35_page_0.png.png
2026-08-21 15:59:35,852  [INFO    ]  result_parser - Reading verdict from Overview tab...
2026-08-21 15:59:52,326  [INFO    ]  result_parser - Verdict: SUCCESS (from verdict card)
2026-08-21 15:59:52,326  [INFO    ]  result_parser - Clicking Extraction tab...
2026-08-21 15:59:54,215  [INFO    ]  result_parser - On Extraction tab.
2026-08-21 15:59:54,221  [INFO    ]  result_parser - JS parse: 7 fields
2026-08-21 15:59:54,392  [INFO    ]  doc_uploader - Screenshot saved: D:\ai_doc_automation\output\screenshots\20260821_155954_extracted_IncomeCertificate_35_page_0.png.png
2026-08-21 15:59:54,818  [ERROR   ]  main - Top-level exception processing document: 'Processing Time (s)'
2026-08-21 15:59:54,818  [INFO    ]  doc_uploader - Resetting form for next submission...
2026-08-21 15:59:56,693  [INFO    ]  doc_uploader - New submission clicked — form reset.
2026-08-21 15:59:57,693  [INFO    ]  main - 
[119/161] D:\ai_doc_automation\Test Data\Income Certificate for Testing\IncomeCertificate_36_page_0.png
2026-08-21 15:59:57,693  [INFO    ]  main - ============================================================
2026-08-21 15:59:57,693  [INFO    ]  main - Processing [119/161]: IncomeCertificate_36_page_0.png  |  Income Certificate  |  Attempt 1
2026-08-21 15:59:57,693  [INFO    ]  main - ============================================================
2026-08-21 15:59:57,962  [INFO    ]  doc_uploader - Selecting document type: 'Income Certificate'
2026-08-21 15:59:58,007  [INFO    ]  doc_uploader - Selected by visible text: 'Income Certificate'
2026-08-21 15:59:58,009  [INFO    ]  doc_uploader - Ensuring 'Plain extraction' is selected...
2026-08-21 16:00:03,410  [INFO    ]  doc_uploader - Clicked Plain extraction text element.
2026-08-21 16:00:03,423  [INFO    ]  doc_uploader - Uploading file: D:\ai_doc_automation\Test Data\Income Certificate for Testing\IncomeCertificate_36_page_0.png
2026-08-21 16:00:03,425  [INFO    ]  doc_uploader - File input found via JS querySelector.
2026-08-21 16:00:15,877  [INFO    ]  doc_uploader - File uploaded successfully.
2026-08-21 16:00:15,878  [INFO    ]  doc_uploader - Pre-submit verification...
2026-08-21 16:00:26,088  [INFO    ]  doc_uploader - Ensuring 'Plain extraction' is selected...
2026-08-21 16:00:31,487  [INFO    ]  doc_uploader - Clicked Plain extraction text element.
2026-08-21 16:00:41,535  [INFO    ]  doc_uploader - Clicking 'Submit to engine'...
2026-08-21 16:00:52,974  [INFO    ]  doc_uploader - Submitted to engine. Waiting for result...
2026-08-21 16:00:52,975  [INFO    ]  doc_uploader - Waiting for engine result (timeout=90s)...
2026-08-21 16:01:18,130  [INFO    ]  doc_uploader - Result appeared after 25s.
2026-08-21 16:01:19,283  [INFO    ]  doc_uploader - Screenshot saved: D:\ai_doc_automation\output\screenshots\20260821_160119_result_IncomeCertificate_36_page_0.png.png
2026-08-21 16:01:19,284  [INFO    ]  result_parser - Reading verdict from Overview tab...
2026-08-21 16:01:35,714  [INFO    ]  result_parser - Verdict: SUCCESS (from verdict card)
2026-08-21 16:01:35,714  [INFO    ]  result_parser - Clicking Extraction tab...
2026-08-21 16:01:37,587  [INFO    ]  result_parser - On Extraction tab.
2026-08-21 16:01:37,587  [INFO    ]  result_parser - JS parse: 7 fields
2026-08-21 16:01:37,695  [INFO    ]  doc_uploader - Screenshot saved: D:\ai_doc_automation\output\screenshots\20260821_160137_extracted_IncomeCertificate_36_page_0.png.png
2026-08-21 16:01:38,068  [ERROR   ]  main - Top-level exception processing document: 'Processing Time (s)'
2026-08-21 16:01:38,068  [INFO    ]  doc_uploader - Resetting form for next submission...
2026-08-21 16:01:39,953  [INFO    ]  doc_uploader - New submission clicked — form reset.
2026-08-21 16:01:40,953  [INFO    ]  main - 
[120/161] D:\ai_doc_automation\Test Data\Income Certificate for Testing\IncomeCertificate_37_page_0.png
2026-08-21 16:01:40,953  [INFO    ]  main - ============================================================
2026-08-21 16:01:40,953  [INFO    ]  main - Processing [120/161]: IncomeCertificate_37_page_0.png  |  Income Certificate  |  Attempt 1
2026-08-21 16:01:40,953  [INFO    ]  main - ============================================================
2026-08-21 16:01:41,170  [INFO    ]  doc_uploader - Selecting document type: 'Income Certificate'
2026-08-21 16:01:41,215  [INFO    ]  doc_uploader - Selected by visible text: 'Income Certificate'
2026-08-21 16:01:41,216  [INFO    ]  doc_uploader - Ensuring 'Plain extraction' is selected...
2026-08-21 16:01:46,644  [INFO    ]  doc_uploader - Clicked Plain extraction text element.
2026-08-21 16:01:46,644  [INFO    ]  doc_uploader - Uploading file: D:\ai_doc_automation\Test Data\Income Certificate for Testing\IncomeCertificate_37_page_0.png
2026-08-21 16:01:46,644  [INFO    ]  doc_uploader - File input found via JS querySelector.
2026-08-21 16:01:59,043  [INFO    ]  doc_uploader - File uploaded successfully.
2026-08-21 16:01:59,043  [INFO    ]  doc_uploader - Pre-submit verification...
2026-08-21 16:02:09,240  [INFO    ]  doc_uploader - Ensuring 'Plain extraction' is selected...
2026-08-21 16:02:14,661  [INFO    ]  doc_uploader - Clicked Plain extraction text element.
2026-08-21 16:02:24,769  [INFO    ]  doc_uploader - Clicking 'Submit to engine'...
2026-08-21 16:02:36,261  [INFO    ]  doc_uploader - Submitted to engine. Waiting for result...
2026-08-21 16:02:36,261  [INFO    ]  doc_uploader - Waiting for engine result (timeout=90s)...
2026-08-21 16:02:39,335  [INFO    ]  doc_uploader - Result appeared after 0s.
2026-08-21 16:02:40,465  [INFO    ]  doc_uploader - Screenshot saved: D:\ai_doc_automation\output\screenshots\20260821_160240_result_IncomeCertificate_37_page_0.png.png
2026-08-21 16:02:40,465  [INFO    ]  result_parser - Reading verdict from Overview tab...
2026-08-21 16:02:56,935  [INFO    ]  result_parser - Verdict: SUCCESS (from verdict card)
2026-08-21 16:02:56,935  [INFO    ]  result_parser - Clicking Extraction tab...
2026-08-21 16:02:58,811  [INFO    ]  result_parser - On Extraction tab.
2026-08-21 16:02:58,811  [INFO    ]  result_parser - JS parse: 7 fields
2026-08-21 16:02:58,918  [INFO    ]  doc_uploader - Screenshot saved: D:\ai_doc_automation\output\screenshots\20260821_160258_extracted_IncomeCertificate_37_page_0.png.png
2026-08-21 16:02:59,339  [ERROR   ]  main - Top-level exception processing document: 'Processing Time (s)'
2026-08-21 16:02:59,339  [INFO    ]  doc_uploader - Resetting form for next submission...
2026-08-21 16:03:01,220  [INFO    ]  doc_uploader - New submission clicked — form reset.
2026-08-21 16:03:02,220  [INFO    ]  main - 
[121/161] D:\ai_doc_automation\Test Data\Income Certificate for Testing\IncomeCertificate_38_page_0.png
2026-08-21 16:03:02,220  [INFO    ]  main - ============================================================
2026-08-21 16:03:02,220  [INFO    ]  main - Processing [121/161]: IncomeCertificate_38_page_0.png  |  Income Certificate  |  Attempt 1
2026-08-21 16:03:02,220  [INFO    ]  main - ============================================================
2026-08-21 16:03:02,434  [INFO    ]  doc_uploader - Selecting document type: 'Income Certificate'
2026-08-21 16:03:02,472  [INFO    ]  doc_uploader - Selected by visible text: 'Income Certificate'
2026-08-21 16:03:02,472  [INFO    ]  doc_uploader - Ensuring 'Plain extraction' is selected...
2026-08-21 16:03:07,872  [INFO    ]  doc_uploader - Clicked Plain extraction text element.
2026-08-21 16:03:07,873  [INFO    ]  doc_uploader - Uploading file: D:\ai_doc_automation\Test Data\Income Certificate for Testing\IncomeCertificate_38_page_0.png
2026-08-21 16:03:07,877  [INFO    ]  doc_uploader - File input found via JS querySelector.
2026-08-21 16:03:20,272  [INFO    ]  doc_uploader - File uploaded successfully.
2026-08-21 16:03:20,273  [INFO    ]  doc_uploader - Pre-submit verification...
2026-08-21 16:03:30,376  [INFO    ]  doc_uploader - Ensuring 'Plain extraction' is selected...
2026-08-21 16:03:35,797  [INFO    ]  doc_uploader - Clicked Plain extraction text element.
2026-08-21 16:03:45,902  [INFO    ]  doc_uploader - Clicking 'Submit to engine'...
2026-08-21 16:03:57,359  [INFO    ]  doc_uploader - Submitted to engine. Waiting for result...
2026-08-21 16:03:57,359  [INFO    ]  doc_uploader - Waiting for engine result (timeout=90s)...
2026-08-21 16:04:01,299  [INFO    ]  doc_uploader - Result appeared after 0s.
2026-08-21 16:04:02,415  [INFO    ]  doc_uploader - Screenshot saved: D:\ai_doc_automation\output\screenshots\20260821_160402_result_IncomeCertificate_38_page_0.png.png
2026-08-21 16:04:02,415  [INFO    ]  result_parser - Reading verdict from Overview tab...
2026-08-21 16:04:18,933  [INFO    ]  result_parser - Verdict: SUCCESS (from verdict card)
2026-08-21 16:04:18,933  [INFO    ]  result_parser - Clicking Extraction tab...
2026-08-21 16:04:20,812  [INFO    ]  result_parser - On Extraction tab.
2026-08-21 16:04:20,812  [INFO    ]  result_parser - JS parse: 7 fields
2026-08-21 16:04:20,953  [INFO    ]  doc_uploader - Screenshot saved: D:\ai_doc_automation\output\screenshots\20260821_160420_extracted_IncomeCertificate_38_page_0.png.png
2026-08-21 16:04:21,377  [ERROR   ]  main - Top-level exception processing document: 'Processing Time (s)'
2026-08-21 16:04:21,377  [INFO    ]  doc_uploader - Resetting form for next submission...
2026-08-21 16:04:23,260  [INFO    ]  doc_uploader - New submission clicked — form reset.
2026-08-21 16:04:24,261  [INFO    ]  main - 
[122/161] D:\ai_doc_automation\Test Data\Cast Certificate for Testing\CastCertificate_123_page_0.png
2026-08-21 16:04:24,261  [INFO    ]  main - ============================================================
2026-08-21 16:04:24,261  [INFO    ]  main - Processing [122/161]: CastCertificate_123_page_0.png  |  Caste Certificate  |  Attempt 1
2026-08-21 16:04:24,261  [INFO    ]  main - ============================================================
2026-08-21 16:04:24,569  [INFO    ]  doc_uploader - Selecting document type: 'Caste Certificate'
2026-08-21 16:04:24,687  [INFO    ]  doc_uploader - Selected by visible text: 'Caste Certificate'
2026-08-21 16:04:24,687  [INFO    ]  doc_uploader - Ensuring 'Plain extraction' is selected...
2026-08-21 16:04:30,095  [INFO    ]  doc_uploader - Clicked Plain extraction text element.
2026-08-21 16:04:30,156  [INFO    ]  doc_uploader - Uploading file: D:\ai_doc_automation\Test Data\Cast Certificate for Testing\CastCertificate_123_page_0.png
2026-08-21 16:04:30,161  [INFO    ]  doc_uploader - File input found via JS querySelector.
2026-08-21 16:04:42,559  [INFO    ]  doc_uploader - File uploaded successfully.
2026-08-21 16:04:42,560  [INFO    ]  doc_uploader - Pre-submit verification...
2026-08-21 16:04:52,722  [INFO    ]  doc_uploader - Ensuring 'Plain extraction' is selected...
2026-08-21 16:04:58,100  [INFO    ]  doc_uploader - Clicked Plain extraction text element.
2026-08-21 16:05:08,148  [INFO    ]  doc_uploader - Clicking 'Submit to engine'...
2026-08-21 16:05:19,606  [INFO    ]  doc_uploader - Submitted to engine. Waiting for result...
2026-08-21 16:05:19,606  [INFO    ]  doc_uploader - Waiting for engine result (timeout=90s)...
2026-08-21 16:05:21,574  [INFO    ]  doc_uploader - Result appeared after 0s.
2026-08-21 16:05:22,679  [INFO    ]  doc_uploader - Screenshot saved: D:\ai_doc_automation\output\screenshots\20260821_160522_result_CastCertificate_123_page_0.png.png
2026-08-21 16:05:22,679  [INFO    ]  result_parser - Reading verdict from Overview tab...
2026-08-21 16:05:39,168  [INFO    ]  result_parser - Verdict: SUCCESS (from verdict card)
2026-08-21 16:05:39,168  [INFO    ]  result_parser - Clicking Extraction tab...
2026-08-21 16:05:41,042  [INFO    ]  result_parser - On Extraction tab.
2026-08-21 16:05:41,051  [INFO    ]  result_parser - JS parse: 8 fields
2026-08-21 16:05:41,177  [INFO    ]  doc_uploader - Screenshot saved: D:\ai_doc_automation\output\screenshots\20260821_160541_extracted_CastCertificate_123_page_0.png.png
2026-08-21 16:05:41,184  [INFO    ]  excel_writer - Created sheet: 'Caste Certificate'  headers: ['Filename', 'Document Type', 'Status', 'Error Message', 'Applicant Name', 'Caste', 'Certificate Number', 'Community', 'Father Name', 'Issue Date', 'Issuing Authority', 'Mother Name']
2026-08-21 16:05:41,610  [ERROR   ]  main - Top-level exception processing document: 'Processing Time (s)'
2026-08-21 16:05:41,611  [INFO    ]  doc_uploader - Resetting form for next submission...
2026-08-21 16:05:43,489  [INFO    ]  doc_uploader - New submission clicked — form reset.
2026-08-21 16:05:44,490  [INFO    ]  main - 
[123/161] D:\ai_doc_automation\Test Data\Cast Certificate for Testing\CastCertificate_137_page_0.png
2026-08-21 16:05:44,490  [INFO    ]  main - ============================================================
2026-08-21 16:05:44,491  [INFO    ]  main - Processing [123/161]: CastCertificate_137_page_0.png  |  Caste Certificate  |  Attempt 1
2026-08-21 16:05:44,491  [INFO    ]  main - ============================================================
2026-08-21 16:05:44,752  [INFO    ]  doc_uploader - Selecting document type: 'Caste Certificate'
2026-08-21 16:05:44,795  [INFO    ]  doc_uploader - Selected by visible text: 'Caste Certificate'
2026-08-21 16:05:44,795  [INFO    ]  doc_uploader - Ensuring 'Plain extraction' is selected...
2026-08-21 16:05:50,198  [INFO    ]  doc_uploader - Clicked Plain extraction text element.
2026-08-21 16:05:50,198  [INFO    ]  doc_uploader - Uploading file: D:\ai_doc_automation\Test Data\Cast Certificate for Testing\CastCertificate_137_page_0.png
2026-08-21 16:05:50,214  [INFO    ]  doc_uploader - File input found via JS querySelector.
2026-08-21 16:06:02,622  [INFO    ]  doc_uploader - File uploaded successfully.
2026-08-21 16:06:02,622  [INFO    ]  doc_uploader - Pre-submit verification...
2026-08-21 16:06:12,808  [INFO    ]  doc_uploader - Ensuring 'Plain extraction' is selected...
2026-08-21 16:06:18,194  [INFO    ]  doc_uploader - Clicked Plain extraction text element.
2026-08-21 16:06:28,269  [INFO    ]  doc_uploader - Clicking 'Submit to engine'...
2026-08-21 16:06:39,735  [INFO    ]  doc_uploader - Submitted to engine. Waiting for result...
2026-08-21 16:06:39,735  [INFO    ]  doc_uploader - Waiting for engine result (timeout=90s)...
2026-08-21 16:06:40,974  [INFO    ]  doc_uploader - Result appeared after 0s.
2026-08-21 16:06:42,095  [INFO    ]  doc_uploader - Screenshot saved: D:\ai_doc_automation\output\screenshots\20260821_160641_result_CastCertificate_137_page_0.png.png
2026-08-21 16:06:42,096  [INFO    ]  result_parser - Reading verdict from Overview tab...
2026-08-21 16:06:58,561  [INFO    ]  result_parser - Verdict: SUCCESS (from verdict card)
2026-08-21 16:06:58,561  [INFO    ]  result_parser - Clicking Extraction tab...
2026-08-21 16:07:00,440  [INFO    ]  result_parser - On Extraction tab.
2026-08-21 16:07:00,442  [INFO    ]  result_parser - JS parse: 8 fields
2026-08-21 16:07:00,553  [INFO    ]  doc_uploader - Screenshot saved: D:\ai_doc_automation\output\screenshots\20260821_160700_extracted_CastCertificate_137_page_0.png.png
2026-08-21 16:07:00,934  [ERROR   ]  main - Top-level exception processing document: 'Processing Time (s)'
2026-08-21 16:07:00,934  [INFO    ]  doc_uploader - Resetting form for next submission...
2026-08-21 16:07:02,813  [INFO    ]  doc_uploader - New submission clicked — form reset.
2026-08-21 16:07:03,813  [INFO    ]  main - 
[124/161] D:\ai_doc_automation\Test Data\Cast Certificate for Testing\CastCertificate_145_page_0.png
2026-08-21 16:07:03,813  [INFO    ]  main - ============================================================
2026-08-21 16:07:03,813  [INFO    ]  main - Processing [124/161]: CastCertificate_145_page_0.png  |  Caste Certificate  |  Attempt 1
2026-08-21 16:07:03,813  [INFO    ]  main - ============================================================
2026-08-21 16:07:04,027  [INFO    ]  doc_uploader - Selecting document type: 'Caste Certificate'
2026-08-21 16:07:04,074  [INFO    ]  doc_uploader - Selected by visible text: 'Caste Certificate'
2026-08-21 16:07:04,074  [INFO    ]  doc_uploader - Ensuring 'Plain extraction' is selected...
2026-08-21 16:07:09,457  [INFO    ]  doc_uploader - Clicked Plain extraction text element.
2026-08-21 16:07:09,457  [INFO    ]  doc_uploader - Uploading file: D:\ai_doc_automation\Test Data\Cast Certificate for Testing\CastCertificate_145_page_0.png
2026-08-21 16:07:09,473  [INFO    ]  doc_uploader - File input found via JS querySelector.
2026-08-21 16:07:21,855  [INFO    ]  doc_uploader - File uploaded successfully.
2026-08-21 16:07:21,855  [INFO    ]  doc_uploader - Pre-submit verification...
2026-08-21 16:07:31,988  [INFO    ]  doc_uploader - Ensuring 'Plain extraction' is selected...
2026-08-21 16:07:37,389  [INFO    ]  doc_uploader - Clicked Plain extraction text element.
2026-08-21 16:07:47,433  [INFO    ]  doc_uploader - Clicking 'Submit to engine'...
2026-08-21 16:07:58,925  [INFO    ]  doc_uploader - Submitted to engine. Waiting for result...
2026-08-21 16:07:58,925  [INFO    ]  doc_uploader - Waiting for engine result (timeout=90s)...
2026-08-21 16:07:59,742  [INFO    ]  doc_uploader - Result appeared after 0s.
2026-08-21 16:08:00,873  [INFO    ]  doc_uploader - Screenshot saved: D:\ai_doc_automation\output\screenshots\20260821_160800_result_CastCertificate_145_page_0.png.png
2026-08-21 16:08:00,873  [INFO    ]  result_parser - Reading verdict from Overview tab...
2026-08-21 16:08:17,339  [INFO    ]  result_parser - Verdict: SUCCESS (from verdict card)
2026-08-21 16:08:17,339  [INFO    ]  result_parser - Clicking Extraction tab...
2026-08-21 16:08:19,210  [INFO    ]  result_parser - On Extraction tab.
2026-08-21 16:08:19,210  [INFO    ]  result_parser - JS parse: 8 fields
2026-08-21 16:08:19,321  [INFO    ]  doc_uploader - Screenshot saved: D:\ai_doc_automation\output\screenshots\20260821_160819_extracted_CastCertificate_145_page_0.png.png
2026-08-21 16:08:19,707  [ERROR   ]  main - Top-level exception processing document: 'Processing Time (s)'
2026-08-21 16:08:19,707  [INFO    ]  doc_uploader - Resetting form for next submission...
2026-08-21 16:08:21,586  [INFO    ]  doc_uploader - New submission clicked — form reset.
2026-08-21 16:08:22,587  [INFO    ]  main - 
[125/161] D:\ai_doc_automation\Test Data\Cast Certificate for Testing\CastCertificate_14_page_0.png
2026-08-21 16:08:22,587  [INFO    ]  main - ============================================================
2026-08-21 16:08:22,587  [INFO    ]  main - Processing [125/161]: CastCertificate_14_page_0.png  |  Caste Certificate  |  Attempt 1
2026-08-21 16:08:22,587  [INFO    ]  main - ============================================================
2026-08-21 16:08:22,807  [INFO    ]  doc_uploader - Selecting document type: 'Caste Certificate'
2026-08-21 16:08:22,846  [INFO    ]  doc_uploader - Selected by visible text: 'Caste Certificate'
2026-08-21 16:08:22,846  [INFO    ]  doc_uploader - Ensuring 'Plain extraction' is selected...
2026-08-21 16:08:28,227  [INFO    ]  doc_uploader - Clicked Plain extraction text element.
2026-08-21 16:08:28,227  [INFO    ]  doc_uploader - Uploading file: D:\ai_doc_automation\Test Data\Cast Certificate for Testing\CastCertificate_14_page_0.png
2026-08-21 16:08:28,227  [INFO    ]  doc_uploader - File input found via JS querySelector.
2026-08-21 16:08:40,617  [INFO    ]  doc_uploader - File uploaded successfully.
2026-08-21 16:08:40,617  [INFO    ]  doc_uploader - Pre-submit verification...
2026-08-21 16:08:50,761  [INFO    ]  doc_uploader - Ensuring 'Plain extraction' is selected...
2026-08-21 16:08:56,166  [INFO    ]  doc_uploader - Clicked Plain extraction text element.
2026-08-21 16:09:06,202  [INFO    ]  doc_uploader - Clicking 'Submit to engine'...
2026-08-21 16:09:17,714  [INFO    ]  doc_uploader - Submitted to engine. Waiting for result...
2026-08-21 16:09:17,714  [INFO    ]  doc_uploader - Waiting for engine result (timeout=90s)...
2026-08-21 16:09:19,281  [INFO    ]  doc_uploader - Result appeared after 0s.
2026-08-21 16:09:20,379  [INFO    ]  doc_uploader - Screenshot saved: D:\ai_doc_automation\output\screenshots\20260821_160920_result_CastCertificate_14_page_0.png.png
2026-08-21 16:09:20,379  [INFO    ]  result_parser - Reading verdict from Overview tab...
2026-08-21 16:09:36,824  [INFO    ]  result_parser - Verdict: SUCCESS (from verdict card)
2026-08-21 16:09:36,824  [INFO    ]  result_parser - Clicking Extraction tab...
2026-08-21 16:09:38,694  [INFO    ]  result_parser - On Extraction tab.
2026-08-21 16:09:38,694  [INFO    ]  result_parser - JS parse: 8 fields
2026-08-21 16:09:38,794  [INFO    ]  doc_uploader - Screenshot saved: D:\ai_doc_automation\output\screenshots\20260821_160938_extracted_CastCertificate_14_page_0.png.png
2026-08-21 16:09:39,194  [ERROR   ]  main - Top-level exception processing document: 'Processing Time (s)'
2026-08-21 16:09:39,194  [INFO    ]  doc_uploader - Resetting form for next submission...
2026-08-21 16:09:41,070  [INFO    ]  doc_uploader - New submission clicked — form reset.
2026-08-21 16:09:42,071  [INFO    ]  main - 
[126/161] D:\ai_doc_automation\Test Data\Cast Certificate for Testing\CastCertificate_153_page_0.png
2026-08-21 16:09:42,071  [INFO    ]  main - ============================================================
2026-08-21 16:09:42,071  [INFO    ]  main - Processing [126/161]: CastCertificate_153_page_0.png  |  Caste Certificate  |  Attempt 1
2026-08-21 16:09:42,071  [INFO    ]  main - ============================================================
2026-08-21 16:09:42,327  [INFO    ]  doc_uploader - Selecting document type: 'Caste Certificate'
2026-08-21 16:09:42,372  [INFO    ]  doc_uploader - Selected by visible text: 'Caste Certificate'
2026-08-21 16:09:42,373  [INFO    ]  doc_uploader - Ensuring 'Plain extraction' is selected...
2026-08-21 16:09:47,746  [INFO    ]  doc_uploader - Clicked Plain extraction text element.
2026-08-21 16:09:47,746  [INFO    ]  doc_uploader - Uploading file: D:\ai_doc_automation\Test Data\Cast Certificate for Testing\CastCertificate_153_page_0.png
2026-08-21 16:09:47,746  [INFO    ]  doc_uploader - File input found via JS querySelector.
2026-08-21 16:10:00,146  [INFO    ]  doc_uploader - File uploaded successfully.
2026-08-21 16:10:00,146  [INFO    ]  doc_uploader - Pre-submit verification...
2026-08-21 16:10:10,292  [INFO    ]  doc_uploader - Ensuring 'Plain extraction' is selected...
2026-08-21 16:10:15,680  [INFO    ]  doc_uploader - Clicked Plain extraction text element.
2026-08-21 16:10:25,726  [INFO    ]  doc_uploader - Clicking 'Submit to engine'...
2026-08-21 16:10:37,129  [INFO    ]  doc_uploader - Submitted to engine. Waiting for result...
2026-08-21 16:10:37,129  [INFO    ]  doc_uploader - Waiting for engine result (timeout=90s)...
2026-08-21 16:10:40,636  [INFO    ]  doc_uploader - Result appeared after 0s.
2026-08-21 16:10:41,750  [INFO    ]  doc_uploader - Screenshot saved: D:\ai_doc_automation\output\screenshots\20260821_161041_result_CastCertificate_153_page_0.png.png
2026-08-21 16:10:41,750  [INFO    ]  result_parser - Reading verdict from Overview tab...
2026-08-21 16:10:58,178  [INFO    ]  result_parser - Verdict: SUCCESS (from verdict card)
2026-08-21 16:10:58,178  [INFO    ]  result_parser - Clicking Extraction tab...
2026-08-21 16:11:00,054  [INFO    ]  result_parser - On Extraction tab.
2026-08-21 16:11:00,058  [INFO    ]  result_parser - JS parse: 8 fields
2026-08-21 16:11:00,165  [INFO    ]  doc_uploader - Screenshot saved: D:\ai_doc_automation\output\screenshots\20260821_161100_extracted_CastCertificate_153_page_0.png.png
2026-08-21 16:11:00,535  [ERROR   ]  main - Top-level exception processing document: 'Processing Time (s)'
2026-08-21 16:11:00,535  [INFO    ]  doc_uploader - Resetting form for next submission...
2026-08-21 16:11:02,416  [INFO    ]  doc_uploader - New submission clicked — form reset.
2026-08-21 16:11:03,417  [INFO    ]  main - 
[127/161] D:\ai_doc_automation\Test Data\Cast Certificate for Testing\CastCertificate_159_page_0.png
2026-08-21 16:11:03,417  [INFO    ]  main - ============================================================
2026-08-21 16:11:03,417  [INFO    ]  main - Processing [127/161]: CastCertificate_159_page_0.png  |  Caste Certificate  |  Attempt 1
2026-08-21 16:11:03,417  [INFO    ]  main - ============================================================
2026-08-21 16:11:03,627  [INFO    ]  doc_uploader - Selecting document type: 'Caste Certificate'
2026-08-21 16:11:03,675  [INFO    ]  doc_uploader - Selected by visible text: 'Caste Certificate'
2026-08-21 16:11:03,675  [INFO    ]  doc_uploader - Ensuring 'Plain extraction' is selected...
2026-08-21 16:11:09,069  [INFO    ]  doc_uploader - Clicked Plain extraction text element.
2026-08-21 16:11:09,069  [INFO    ]  doc_uploader - Uploading file: D:\ai_doc_automation\Test Data\Cast Certificate for Testing\CastCertificate_159_page_0.png
2026-08-21 16:11:09,073  [INFO    ]  doc_uploader - File input found via JS querySelector.
2026-08-21 16:11:21,484  [INFO    ]  doc_uploader - File uploaded successfully.
2026-08-21 16:11:21,484  [INFO    ]  doc_uploader - Pre-submit verification...
2026-08-21 16:11:31,631  [INFO    ]  doc_uploader - Ensuring 'Plain extraction' is selected...
2026-08-21 16:11:37,033  [INFO    ]  doc_uploader - Clicked Plain extraction text element.
2026-08-21 16:11:47,085  [INFO    ]  doc_uploader - Clicking 'Submit to engine'...
2026-08-21 16:11:58,565  [INFO    ]  doc_uploader - Submitted to engine. Waiting for result...
2026-08-21 16:11:58,565  [INFO    ]  doc_uploader - Waiting for engine result (timeout=90s)...
2026-08-21 16:12:00,769  [INFO    ]  doc_uploader - Result appeared after 0s.
2026-08-21 16:12:01,969  [INFO    ]  doc_uploader - Screenshot saved: D:\ai_doc_automation\output\screenshots\20260821_161201_result_CastCertificate_159_page_0.png.png
2026-08-21 16:12:01,969  [INFO    ]  result_parser - Reading verdict from Overview tab...
2026-08-21 16:12:18,432  [INFO    ]  result_parser - Verdict: SUCCESS (from verdict card)
2026-08-21 16:12:18,432  [INFO    ]  result_parser - Clicking Extraction tab...
2026-08-21 16:12:20,313  [INFO    ]  result_parser - On Extraction tab.
2026-08-21 16:12:20,315  [INFO    ]  result_parser - JS parse: 8 fields
2026-08-21 16:12:20,421  [INFO    ]  doc_uploader - Screenshot saved: D:\ai_doc_automation\output\screenshots\20260821_161220_extracted_CastCertificate_159_page_0.png.png
2026-08-21 16:12:20,808  [ERROR   ]  main - Top-level exception processing document: 'Processing Time (s)'
2026-08-21 16:12:20,808  [INFO    ]  doc_uploader - Resetting form for next submission...
2026-08-21 16:12:22,680  [INFO    ]  doc_uploader - New submission clicked — form reset.
2026-08-21 16:12:23,681  [INFO    ]  main - 
[128/161] D:\ai_doc_automation\Test Data\Cast Certificate for Testing\CastCertificate_183_page_0.png
2026-08-21 16:12:23,681  [INFO    ]  main - ============================================================
2026-08-21 16:12:23,681  [INFO    ]  main - Processing [128/161]: CastCertificate_183_page_0.png  |  Caste Certificate  |  Attempt 1
2026-08-21 16:12:23,681  [INFO    ]  main - ============================================================
2026-08-21 16:12:23,899  [INFO    ]  doc_uploader - Selecting document type: 'Caste Certificate'
2026-08-21 16:12:23,940  [INFO    ]  doc_uploader - Selected by visible text: 'Caste Certificate'
2026-08-21 16:12:23,940  [INFO    ]  doc_uploader - Ensuring 'Plain extraction' is selected...
2026-08-21 16:12:29,314  [INFO    ]  doc_uploader - Clicked Plain extraction text element.
2026-08-21 16:12:29,314  [INFO    ]  doc_uploader - Uploading file: D:\ai_doc_automation\Test Data\Cast Certificate for Testing\CastCertificate_183_page_0.png
2026-08-21 16:12:29,314  [INFO    ]  doc_uploader - File input found via JS querySelector.
2026-08-21 16:12:41,702  [INFO    ]  doc_uploader - File uploaded successfully.
2026-08-21 16:12:41,702  [INFO    ]  doc_uploader - Pre-submit verification...
2026-08-21 16:12:51,857  [INFO    ]  doc_uploader - Ensuring 'Plain extraction' is selected...
2026-08-21 16:12:57,260  [INFO    ]  doc_uploader - Clicked Plain extraction text element.
2026-08-21 16:13:07,309  [INFO    ]  doc_uploader - Clicking 'Submit to engine'...
2026-08-21 16:13:18,831  [INFO    ]  doc_uploader - Submitted to engine. Waiting for result...
2026-08-21 16:13:18,831  [INFO    ]  doc_uploader - Waiting for engine result (timeout=90s)...
2026-08-21 16:13:23,924  [WARNING ]  doc_uploader - Upload error detected via JS: Upload a JPEG, PNG, WebP, or PDF document up to 5 MB.
2026-08-21 16:13:23,924  [WARNING ]  doc_uploader - Upload rejection banner detected during wait: Upload a JPEG, PNG, WebP, or PDF document up to 5 MB.
2026-08-21 16:13:23,924  [WARNING ]  main - File upload rejected for CastCertificate_183_page_0.png: Upload a JPEG, PNG, WebP, or PDF document up to 5 MB.
2026-08-21 16:13:24,078  [INFO    ]  doc_uploader - Screenshot saved: D:\ai_doc_automation\output\screenshots\20260821_161323_upload_rejected_CastCertificate_183_page_0.png.png
2026-08-21 16:13:24,464  [ERROR   ]  main - Top-level exception processing document: 'Processing Time (s)'
2026-08-21 16:13:24,480  [INFO    ]  doc_uploader - Resetting form for next submission...
2026-08-21 16:13:35,031  [INFO    ]  doc_uploader - Navigating to Verify Document page to reset form.
2026-08-21 16:13:35,031  [INFO    ]  doc_uploader - Navigating to 'Verify Document' page...
2026-08-21 16:13:36,921  [INFO    ]  doc_uploader - On Verify Document page.
2026-08-21 16:13:37,921  [INFO    ]  main - 
[129/161] D:\ai_doc_automation\Test Data\Cast Certificate for Testing\CastCertificate_19_page_0.png
2026-08-21 16:13:37,921  [INFO    ]  main - ============================================================
2026-08-21 16:13:37,921  [INFO    ]  main - Processing [129/161]: CastCertificate_19_page_0.png  |  Caste Certificate  |  Attempt 1
2026-08-21 16:13:37,921  [INFO    ]  main - ============================================================
2026-08-21 16:13:38,162  [INFO    ]  doc_uploader - Selecting document type: 'Caste Certificate'
2026-08-21 16:13:38,237  [INFO    ]  doc_uploader - Selected by visible text: 'Caste Certificate'
2026-08-21 16:13:38,237  [INFO    ]  doc_uploader - Ensuring 'Plain extraction' is selected...
2026-08-21 16:13:43,632  [INFO    ]  doc_uploader - Clicked Plain extraction text element.
2026-08-21 16:13:43,632  [INFO    ]  doc_uploader - Uploading file: D:\ai_doc_automation\Test Data\Cast Certificate for Testing\CastCertificate_19_page_0.png
2026-08-21 16:13:43,648  [INFO    ]  doc_uploader - File input found via JS querySelector.
2026-08-21 16:13:56,047  [INFO    ]  doc_uploader - File uploaded successfully.
2026-08-21 16:13:56,047  [INFO    ]  doc_uploader - Pre-submit verification...
2026-08-21 16:14:06,170  [WARNING ]  doc_uploader - Dropdown mismatch! Expected 'Caste Certificate', found 'Aadhaar Card'. Re-selecting.
2026-08-21 16:14:06,170  [INFO    ]  doc_uploader - Selecting document type: 'Caste Certificate'
2026-08-21 16:14:06,225  [INFO    ]  doc_uploader - Selected by visible text: 'Caste Certificate'
2026-08-21 16:14:06,225  [INFO    ]  doc_uploader - Ensuring 'Plain extraction' is selected...
2026-08-21 16:14:11,643  [INFO    ]  doc_uploader - Clicked Plain extraction text element.
2026-08-21 16:14:21,683  [INFO    ]  doc_uploader - Clicking 'Submit to engine'...
2026-08-21 16:14:33,186  [INFO    ]  doc_uploader - Submitted to engine. Waiting for result...
2026-08-21 16:14:33,186  [INFO    ]  doc_uploader - Waiting for engine result (timeout=90s)...
2026-08-21 16:14:35,846  [INFO    ]  doc_uploader - Result appeared after 0s.
2026-08-21 16:14:36,935  [INFO    ]  doc_uploader - Screenshot saved: D:\ai_doc_automation\output\screenshots\20260821_161436_result_CastCertificate_19_page_0.png.png
2026-08-21 16:14:36,935  [INFO    ]  result_parser - Reading verdict from Overview tab...
2026-08-21 16:14:53,417  [INFO    ]  result_parser - Verdict: SUCCESS (from verdict card)
2026-08-21 16:14:53,417  [INFO    ]  result_parser - Clicking Extraction tab...
2026-08-21 16:14:55,287  [INFO    ]  result_parser - On Extraction tab.
2026-08-21 16:14:55,292  [INFO    ]  result_parser - JS parse: 8 fields
2026-08-21 16:14:55,400  [INFO    ]  doc_uploader - Screenshot saved: D:\ai_doc_automation\output\screenshots\20260821_161455_extracted_CastCertificate_19_page_0.png.png
2026-08-21 16:14:55,787  [ERROR   ]  main - Top-level exception processing document: 'Processing Time (s)'
2026-08-21 16:14:55,787  [INFO    ]  doc_uploader - Resetting form for next submission...
2026-08-21 16:14:57,666  [INFO    ]  doc_uploader - New submission clicked — form reset.
2026-08-21 16:14:58,667  [INFO    ]  main - 
[130/161] D:\ai_doc_automation\Test Data\Cast Certificate for Testing\CastCertificate_36_page_0.png
2026-08-21 16:14:58,667  [INFO    ]  main - ============================================================
2026-08-21 16:14:58,667  [INFO    ]  main - Processing [130/161]: CastCertificate_36_page_0.png  |  Caste Certificate  |  Attempt 1
2026-08-21 16:14:58,667  [INFO    ]  main - ============================================================
2026-08-21 16:14:58,878  [INFO    ]  doc_uploader - Selecting document type: 'Caste Certificate'
2026-08-21 16:14:58,920  [INFO    ]  doc_uploader - Selected by visible text: 'Caste Certificate'
2026-08-21 16:14:58,920  [INFO    ]  doc_uploader - Ensuring 'Plain extraction' is selected...
2026-08-21 16:15:04,309  [INFO    ]  doc_uploader - Clicked Plain extraction text element.
2026-08-21 16:15:04,309  [INFO    ]  doc_uploader - Uploading file: D:\ai_doc_automation\Test Data\Cast Certificate for Testing\CastCertificate_36_page_0.png
2026-08-21 16:15:04,309  [INFO    ]  doc_uploader - File input found via JS querySelector.
2026-08-21 16:15:16,704  [INFO    ]  doc_uploader - File uploaded successfully.
2026-08-21 16:15:16,704  [INFO    ]  doc_uploader - Pre-submit verification...
2026-08-21 16:15:26,851  [INFO    ]  doc_uploader - Ensuring 'Plain extraction' is selected...
2026-08-21 16:15:32,253  [INFO    ]  doc_uploader - Clicked Plain extraction text element.
2026-08-21 16:15:42,307  [INFO    ]  doc_uploader - Clicking 'Submit to engine'...
2026-08-21 16:15:53,760  [INFO    ]  doc_uploader - Submitted to engine. Waiting for result...
2026-08-21 16:15:53,760  [INFO    ]  doc_uploader - Waiting for engine result (timeout=90s)...
2026-08-21 16:15:56,835  [INFO    ]  doc_uploader - Result appeared after 0s.
2026-08-21 16:15:57,941  [INFO    ]  doc_uploader - Screenshot saved: D:\ai_doc_automation\output\screenshots\20260821_161557_result_CastCertificate_36_page_0.png.png
2026-08-21 16:15:57,941  [INFO    ]  result_parser - Reading verdict from Overview tab...
2026-08-21 16:16:14,391  [INFO    ]  result_parser - Verdict: SUCCESS (from verdict card)
2026-08-21 16:16:14,391  [INFO    ]  result_parser - Clicking Extraction tab...
2026-08-21 16:16:16,273  [INFO    ]  result_parser - On Extraction tab.
2026-08-21 16:16:16,275  [INFO    ]  result_parser - JS parse: 8 fields
2026-08-21 16:16:16,375  [INFO    ]  doc_uploader - Screenshot saved: D:\ai_doc_automation\output\screenshots\20260821_161616_extracted_CastCertificate_36_page_0.png.png
2026-08-21 16:16:16,765  [ERROR   ]  main - Top-level exception processing document: 'Processing Time (s)'
2026-08-21 16:16:16,767  [INFO    ]  doc_uploader - Resetting form for next submission...
2026-08-21 16:16:18,642  [INFO    ]  doc_uploader - New submission clicked — form reset.
2026-08-21 16:16:19,642  [INFO    ]  main - 
[131/161] D:\ai_doc_automation\Test Data\Cast Certificate for Testing\CastCertificate_41_page_0.png
2026-08-21 16:16:19,642  [INFO    ]  main - ============================================================
2026-08-21 16:16:19,643  [INFO    ]  main - Processing [131/161]: CastCertificate_41_page_0.png  |  Caste Certificate  |  Attempt 1
2026-08-21 16:16:19,643  [INFO    ]  main - ============================================================
2026-08-21 16:16:19,869  [INFO    ]  doc_uploader - Selecting document type: 'Caste Certificate'
2026-08-21 16:16:19,904  [INFO    ]  doc_uploader - Selected by visible text: 'Caste Certificate'
2026-08-21 16:16:19,904  [INFO    ]  doc_uploader - Ensuring 'Plain extraction' is selected...
2026-08-21 16:16:25,287  [INFO    ]  doc_uploader - Clicked Plain extraction text element.
2026-08-21 16:16:25,287  [INFO    ]  doc_uploader - Uploading file: D:\ai_doc_automation\Test Data\Cast Certificate for Testing\CastCertificate_41_page_0.png
2026-08-21 16:16:25,287  [INFO    ]  doc_uploader - File input found via JS querySelector.
2026-08-21 16:16:37,731  [INFO    ]  doc_uploader - File uploaded successfully.
2026-08-21 16:16:37,731  [INFO    ]  doc_uploader - Pre-submit verification...
2026-08-21 16:16:47,875  [INFO    ]  doc_uploader - Ensuring 'Plain extraction' is selected...
2026-08-21 16:16:53,274  [INFO    ]  doc_uploader - Clicked Plain extraction text element.
2026-08-21 16:17:03,315  [INFO    ]  doc_uploader - Clicking 'Submit to engine'...
2026-08-21 16:17:14,743  [INFO    ]  doc_uploader - Submitted to engine. Waiting for result...
2026-08-21 16:17:14,745  [INFO    ]  doc_uploader - Waiting for engine result (timeout=90s)...
2026-08-21 16:17:16,843  [INFO    ]  doc_uploader - Result appeared after 0s.
2026-08-21 16:17:17,946  [INFO    ]  doc_uploader - Screenshot saved: D:\ai_doc_automation\output\screenshots\20260821_161717_result_CastCertificate_41_page_0.png.png
2026-08-21 16:17:17,946  [INFO    ]  result_parser - Reading verdict from Overview tab...
2026-08-21 16:17:34,435  [INFO    ]  result_parser - Verdict: SUCCESS (from verdict card)
2026-08-21 16:17:34,435  [INFO    ]  result_parser - Clicking Extraction tab...
2026-08-21 16:17:36,313  [INFO    ]  result_parser - On Extraction tab.
2026-08-21 16:17:36,316  [INFO    ]  result_parser - JS parse: 8 fields
2026-08-21 16:17:36,431  [INFO    ]  doc_uploader - Screenshot saved: D:\ai_doc_automation\output\screenshots\20260821_161736_extracted_CastCertificate_41_page_0.png.png
2026-08-21 16:17:36,821  [ERROR   ]  main - Top-level exception processing document: 'Processing Time (s)'
2026-08-21 16:17:36,821  [INFO    ]  doc_uploader - Resetting form for next submission...
2026-08-21 16:17:38,688  [INFO    ]  doc_uploader - New submission clicked — form reset.
2026-08-21 16:17:39,689  [INFO    ]  main - 
[132/161] D:\ai_doc_automation\Test Data\Cast Certificate for Testing\CastCertificate_50_page_0.png
2026-08-21 16:17:39,689  [INFO    ]  main - ============================================================
2026-08-21 16:17:39,689  [INFO    ]  main - Processing [132/161]: CastCertificate_50_page_0.png  |  Caste Certificate  |  Attempt 1
2026-08-21 16:17:39,689  [INFO    ]  main - ============================================================
2026-08-21 16:17:39,905  [INFO    ]  doc_uploader - Selecting document type: 'Caste Certificate'
2026-08-21 16:17:39,947  [INFO    ]  doc_uploader - Selected by visible text: 'Caste Certificate'
2026-08-21 16:17:39,949  [INFO    ]  doc_uploader - Ensuring 'Plain extraction' is selected...
2026-08-21 16:17:45,333  [INFO    ]  doc_uploader - Clicked Plain extraction text element.
2026-08-21 16:17:45,333  [INFO    ]  doc_uploader - Uploading file: D:\ai_doc_automation\Test Data\Cast Certificate for Testing\CastCertificate_50_page_0.png
2026-08-21 16:17:45,349  [INFO    ]  doc_uploader - File input found via JS querySelector.
2026-08-21 16:17:57,731  [INFO    ]  doc_uploader - File uploaded successfully.
2026-08-21 16:17:57,731  [INFO    ]  doc_uploader - Pre-submit verification...
2026-08-21 16:18:07,889  [INFO    ]  doc_uploader - Ensuring 'Plain extraction' is selected...
2026-08-21 16:18:13,293  [INFO    ]  doc_uploader - Clicked Plain extraction text element.
2026-08-21 16:18:23,344  [INFO    ]  doc_uploader - Clicking 'Submit to engine'...
2026-08-21 16:18:34,838  [INFO    ]  doc_uploader - Submitted to engine. Waiting for result...
2026-08-21 16:18:34,838  [INFO    ]  doc_uploader - Waiting for engine result (timeout=90s)...
2026-08-21 16:19:00,020  [INFO    ]  doc_uploader - Result appeared after 25s.
2026-08-21 16:19:01,131  [INFO    ]  doc_uploader - Screenshot saved: D:\ai_doc_automation\output\screenshots\20260821_161901_result_CastCertificate_50_page_0.png.png
2026-08-21 16:19:01,131  [INFO    ]  result_parser - Reading verdict from Overview tab...
2026-08-21 16:19:17,601  [INFO    ]  result_parser - Verdict: SUCCESS (from verdict card)
2026-08-21 16:19:17,601  [INFO    ]  result_parser - Clicking Extraction tab...
2026-08-21 16:19:19,464  [INFO    ]  result_parser - On Extraction tab.
2026-08-21 16:19:19,464  [INFO    ]  result_parser - JS parse: 8 fields
2026-08-21 16:19:19,563  [INFO    ]  doc_uploader - Screenshot saved: D:\ai_doc_automation\output\screenshots\20260821_161919_extracted_CastCertificate_50_page_0.png.png
2026-08-21 16:19:19,964  [ERROR   ]  main - Top-level exception processing document: 'Processing Time (s)'
2026-08-21 16:19:19,964  [INFO    ]  doc_uploader - Resetting form for next submission...
2026-08-21 16:19:21,840  [INFO    ]  doc_uploader - New submission clicked — form reset.
2026-08-21 16:19:22,841  [INFO    ]  main - 
[133/161] D:\ai_doc_automation\Test Data\Cast Certificate for Testing\CastCertificate_54_page_0.png
2026-08-21 16:19:22,841  [INFO    ]  main - ============================================================
2026-08-21 16:19:22,841  [INFO    ]  main - Processing [133/161]: CastCertificate_54_page_0.png  |  Caste Certificate  |  Attempt 1
2026-08-21 16:19:22,841  [INFO    ]  main - ============================================================
2026-08-21 16:19:23,060  [INFO    ]  doc_uploader - Selecting document type: 'Caste Certificate'
2026-08-21 16:19:23,096  [INFO    ]  doc_uploader - Selected by visible text: 'Caste Certificate'
2026-08-21 16:19:23,096  [INFO    ]  doc_uploader - Ensuring 'Plain extraction' is selected...
2026-08-21 16:19:28,474  [INFO    ]  doc_uploader - Clicked Plain extraction text element.
2026-08-21 16:19:28,474  [INFO    ]  doc_uploader - Uploading file: D:\ai_doc_automation\Test Data\Cast Certificate for Testing\CastCertificate_54_page_0.png
2026-08-21 16:19:28,474  [INFO    ]  doc_uploader - File input found via JS querySelector.
2026-08-21 16:19:40,866  [INFO    ]  doc_uploader - File uploaded successfully.
2026-08-21 16:19:40,866  [INFO    ]  doc_uploader - Pre-submit verification...
2026-08-21 16:19:51,015  [INFO    ]  doc_uploader - Ensuring 'Plain extraction' is selected...
2026-08-21 16:19:56,414  [INFO    ]  doc_uploader - Clicked Plain extraction text element.
2026-08-21 16:20:06,467  [INFO    ]  doc_uploader - Clicking 'Submit to engine'...
2026-08-21 16:20:17,938  [INFO    ]  doc_uploader - Submitted to engine. Waiting for result...
2026-08-21 16:20:17,938  [INFO    ]  doc_uploader - Waiting for engine result (timeout=90s)...
2026-08-21 16:20:19,738  [INFO    ]  doc_uploader - Result appeared after 0s.
2026-08-21 16:20:20,858  [INFO    ]  doc_uploader - Screenshot saved: D:\ai_doc_automation\output\screenshots\20260821_162020_result_CastCertificate_54_page_0.png.png
2026-08-21 16:20:20,858  [INFO    ]  result_parser - Reading verdict from Overview tab...
2026-08-21 16:20:37,288  [INFO    ]  result_parser - Verdict: SUCCESS (from verdict card)
2026-08-21 16:20:37,288  [INFO    ]  result_parser - Clicking Extraction tab...
2026-08-21 16:20:39,160  [INFO    ]  result_parser - On Extraction tab.
2026-08-21 16:20:39,169  [INFO    ]  result_parser - JS parse: 8 fields
2026-08-21 16:20:39,272  [INFO    ]  doc_uploader - Screenshot saved: D:\ai_doc_automation\output\screenshots\20260821_162039_extracted_CastCertificate_54_page_0.png.png
2026-08-21 16:20:39,640  [ERROR   ]  main - Top-level exception processing document: 'Processing Time (s)'
2026-08-21 16:20:39,640  [INFO    ]  doc_uploader - Resetting form for next submission...
2026-08-21 16:20:41,525  [INFO    ]  doc_uploader - New submission clicked — form reset.
2026-08-21 16:20:42,526  [INFO    ]  main - 
[134/161] D:\ai_doc_automation\Test Data\Cast Certificate for Testing\CastCertificate_58_page_0.png
2026-08-21 16:20:42,526  [INFO    ]  main - ============================================================
2026-08-21 16:20:42,526  [INFO    ]  main - Processing [134/161]: CastCertificate_58_page_0.png  |  Caste Certificate  |  Attempt 1
2026-08-21 16:20:42,528  [INFO    ]  main - ============================================================
2026-08-21 16:20:42,731  [INFO    ]  doc_uploader - Selecting document type: 'Caste Certificate'
2026-08-21 16:20:42,785  [INFO    ]  doc_uploader - Selected by visible text: 'Caste Certificate'
2026-08-21 16:20:42,785  [INFO    ]  doc_uploader - Ensuring 'Plain extraction' is selected...
2026-08-21 16:20:48,180  [INFO    ]  doc_uploader - Clicked Plain extraction text element.
2026-08-21 16:20:48,180  [INFO    ]  doc_uploader - Uploading file: D:\ai_doc_automation\Test Data\Cast Certificate for Testing\CastCertificate_58_page_0.png
2026-08-21 16:20:48,180  [INFO    ]  doc_uploader - File input found via JS querySelector.
2026-08-21 16:21:00,618  [INFO    ]  doc_uploader - File uploaded successfully.
2026-08-21 16:21:00,618  [INFO    ]  doc_uploader - Pre-submit verification...
2026-08-21 16:21:10,826  [INFO    ]  doc_uploader - Ensuring 'Plain extraction' is selected...
2026-08-21 16:21:16,216  [INFO    ]  doc_uploader - Clicked Plain extraction text element.
2026-08-21 16:21:26,288  [INFO    ]  doc_uploader - Clicking 'Submit to engine'...
2026-08-21 16:21:37,778  [INFO    ]  doc_uploader - Submitted to engine. Waiting for result...
2026-08-21 16:21:37,778  [INFO    ]  doc_uploader - Waiting for engine result (timeout=90s)...
2026-08-21 16:21:37,861  [INFO    ]  doc_uploader - Result appeared after 0s.
2026-08-21 16:21:38,960  [INFO    ]  doc_uploader - Screenshot saved: D:\ai_doc_automation\output\screenshots\20260821_162138_result_CastCertificate_58_page_0.png.png
2026-08-21 16:21:38,960  [INFO    ]  result_parser - Reading verdict from Overview tab...
2026-08-21 16:21:55,400  [INFO    ]  result_parser - Verdict: SUCCESS (from verdict card)
2026-08-21 16:21:55,400  [INFO    ]  result_parser - Clicking Extraction tab...
2026-08-21 16:21:57,276  [INFO    ]  result_parser - On Extraction tab.
2026-08-21 16:21:57,276  [INFO    ]  result_parser - JS parse: 8 fields
2026-08-21 16:21:57,374  [INFO    ]  doc_uploader - Screenshot saved: D:\ai_doc_automation\output\screenshots\20260821_162157_extracted_CastCertificate_58_page_0.png.png
2026-08-21 16:21:57,772  [ERROR   ]  main - Top-level exception processing document: 'Processing Time (s)'
2026-08-21 16:21:57,772  [INFO    ]  doc_uploader - Resetting form for next submission...
2026-08-21 16:21:59,646  [INFO    ]  doc_uploader - New submission clicked — form reset.
2026-08-21 16:22:00,646  [INFO    ]  main - 
[135/161] D:\ai_doc_automation\Test Data\Cast Certificate for Testing\CastCertificate_65_page_0.png
2026-08-21 16:22:00,646  [INFO    ]  main - ============================================================
2026-08-21 16:22:00,646  [INFO    ]  main - Processing [135/161]: CastCertificate_65_page_0.png  |  Caste Certificate  |  Attempt 1
2026-08-21 16:22:00,646  [INFO    ]  main - ============================================================
2026-08-21 16:22:00,939  [INFO    ]  doc_uploader - Selecting document type: 'Caste Certificate'
2026-08-21 16:22:00,975  [INFO    ]  doc_uploader - Selected by visible text: 'Caste Certificate'
2026-08-21 16:22:00,975  [INFO    ]  doc_uploader - Ensuring 'Plain extraction' is selected...
2026-08-21 16:22:06,392  [INFO    ]  doc_uploader - Clicked Plain extraction text element.
2026-08-21 16:22:06,392  [INFO    ]  doc_uploader - Uploading file: D:\ai_doc_automation\Test Data\Cast Certificate for Testing\CastCertificate_65_page_0.png
2026-08-21 16:22:06,392  [INFO    ]  doc_uploader - File input found via JS querySelector.
2026-08-21 16:22:18,777  [INFO    ]  doc_uploader - File uploaded successfully.
2026-08-21 16:22:18,777  [INFO    ]  doc_uploader - Pre-submit verification...
2026-08-21 16:22:28,907  [INFO    ]  doc_uploader - Ensuring 'Plain extraction' is selected...
2026-08-21 16:22:34,317  [INFO    ]  doc_uploader - Clicked Plain extraction text element.
2026-08-21 16:22:44,381  [INFO    ]  doc_uploader - Clicking 'Submit to engine'...
2026-08-21 16:22:55,837  [INFO    ]  doc_uploader - Submitted to engine. Waiting for result...
2026-08-21 16:22:55,837  [INFO    ]  doc_uploader - Waiting for engine result (timeout=90s)...
2026-08-21 16:22:57,366  [INFO    ]  doc_uploader - Result appeared after 0s.
2026-08-21 16:22:58,499  [INFO    ]  doc_uploader - Screenshot saved: D:\ai_doc_automation\output\screenshots\20260821_162258_result_CastCertificate_65_page_0.png.png
2026-08-21 16:22:58,499  [INFO    ]  result_parser - Reading verdict from Overview tab...
2026-08-21 16:23:14,953  [INFO    ]  result_parser - Verdict: SUCCESS (from verdict card)
2026-08-21 16:23:14,953  [INFO    ]  result_parser - Clicking Extraction tab...
2026-08-21 16:23:16,832  [INFO    ]  result_parser - On Extraction tab.
2026-08-21 16:23:16,834  [INFO    ]  result_parser - JS parse: 8 fields
2026-08-21 16:23:16,931  [INFO    ]  doc_uploader - Screenshot saved: D:\ai_doc_automation\output\screenshots\20260821_162316_extracted_CastCertificate_65_page_0.png.png
2026-08-21 16:23:17,330  [ERROR   ]  main - Top-level exception processing document: 'Processing Time (s)'
2026-08-21 16:23:17,330  [INFO    ]  doc_uploader - Resetting form for next submission...
2026-08-21 16:23:19,211  [INFO    ]  doc_uploader - New submission clicked — form reset.
2026-08-21 16:23:20,212  [INFO    ]  main - 
[136/161] D:\ai_doc_automation\Test Data\Cast Certificate for Testing\CastCertificate_80_page_0.png
2026-08-21 16:23:20,212  [INFO    ]  main - ============================================================
2026-08-21 16:23:20,212  [INFO    ]  main - Processing [136/161]: CastCertificate_80_page_0.png  |  Caste Certificate  |  Attempt 1
2026-08-21 16:23:20,212  [INFO    ]  main - ============================================================
2026-08-21 16:23:20,425  [INFO    ]  doc_uploader - Selecting document type: 'Caste Certificate'
2026-08-21 16:23:20,469  [INFO    ]  doc_uploader - Selected by visible text: 'Caste Certificate'
2026-08-21 16:23:20,469  [INFO    ]  doc_uploader - Ensuring 'Plain extraction' is selected...
2026-08-21 16:23:25,853  [INFO    ]  doc_uploader - Clicked Plain extraction text element.
2026-08-21 16:23:25,853  [INFO    ]  doc_uploader - Uploading file: D:\ai_doc_automation\Test Data\Cast Certificate for Testing\CastCertificate_80_page_0.png
2026-08-21 16:23:25,853  [INFO    ]  doc_uploader - File input found via JS querySelector.
2026-08-21 16:23:38,237  [INFO    ]  doc_uploader - File uploaded successfully.
2026-08-21 16:23:38,237  [INFO    ]  doc_uploader - Pre-submit verification...
2026-08-21 16:23:48,365  [INFO    ]  doc_uploader - Ensuring 'Plain extraction' is selected...
2026-08-21 16:23:53,768  [INFO    ]  doc_uploader - Clicked Plain extraction text element.
2026-08-21 16:24:03,813  [INFO    ]  doc_uploader - Clicking 'Submit to engine'...
2026-08-21 16:24:15,327  [INFO    ]  doc_uploader - Submitted to engine. Waiting for result...
2026-08-21 16:24:15,327  [INFO    ]  doc_uploader - Waiting for engine result (timeout=90s)...
2026-08-21 16:24:15,343  [INFO    ]  doc_uploader - Result appeared after 0s.
2026-08-21 16:24:16,477  [INFO    ]  doc_uploader - Screenshot saved: D:\ai_doc_automation\output\screenshots\20260821_162416_result_CastCertificate_80_page_0.png.png
2026-08-21 16:24:16,477  [INFO    ]  result_parser - Reading verdict from Overview tab...
2026-08-21 16:24:32,942  [INFO    ]  result_parser - Verdict: SUCCESS (from verdict card)
2026-08-21 16:24:32,942  [INFO    ]  result_parser - Clicking Extraction tab...
2026-08-21 16:24:34,815  [INFO    ]  result_parser - On Extraction tab.
2026-08-21 16:24:34,815  [INFO    ]  result_parser - JS parse: 8 fields
2026-08-21 16:24:34,920  [INFO    ]  doc_uploader - Screenshot saved: D:\ai_doc_automation\output\screenshots\20260821_162434_extracted_CastCertificate_80_page_0.png.png
2026-08-21 16:24:35,320  [ERROR   ]  main - Top-level exception processing document: 'Processing Time (s)'
2026-08-21 16:24:35,320  [INFO    ]  doc_uploader - Resetting form for next submission...
2026-08-21 16:24:37,198  [INFO    ]  doc_uploader - New submission clicked — form reset.
2026-08-21 16:24:38,198  [INFO    ]  main - 
[137/161] D:\ai_doc_automation\Test Data\Cast Certificate for Testing\CastCertificate_88_page_0.png
2026-08-21 16:24:38,198  [INFO    ]  main - ============================================================
2026-08-21 16:24:38,198  [INFO    ]  main - Processing [137/161]: CastCertificate_88_page_0.png  |  Caste Certificate  |  Attempt 1
2026-08-21 16:24:38,198  [INFO    ]  main - ============================================================
2026-08-21 16:24:38,414  [INFO    ]  doc_uploader - Selecting document type: 'Caste Certificate'
2026-08-21 16:24:38,456  [INFO    ]  doc_uploader - Selected by visible text: 'Caste Certificate'
2026-08-21 16:24:38,456  [INFO    ]  doc_uploader - Ensuring 'Plain extraction' is selected...
2026-08-21 16:24:43,856  [INFO    ]  doc_uploader - Clicked Plain extraction text element.
2026-08-21 16:24:43,862  [INFO    ]  doc_uploader - Uploading file: D:\ai_doc_automation\Test Data\Cast Certificate for Testing\CastCertificate_88_page_0.png
2026-08-21 16:24:43,862  [INFO    ]  doc_uploader - File input found via JS querySelector.
2026-08-21 16:24:56,258  [INFO    ]  doc_uploader - File uploaded successfully.
2026-08-21 16:24:56,258  [INFO    ]  doc_uploader - Pre-submit verification...
2026-08-21 16:25:06,400  [INFO    ]  doc_uploader - Ensuring 'Plain extraction' is selected...
2026-08-21 16:25:11,799  [INFO    ]  doc_uploader - Clicked Plain extraction text element.
2026-08-21 16:25:21,848  [INFO    ]  doc_uploader - Clicking 'Submit to engine'...
2026-08-21 16:25:33,328  [INFO    ]  doc_uploader - Submitted to engine. Waiting for result...
2026-08-21 16:25:33,328  [INFO    ]  doc_uploader - Waiting for engine result (timeout=90s)...
2026-08-21 16:25:36,279  [INFO    ]  doc_uploader - Result appeared after 0s.
2026-08-21 16:25:37,377  [INFO    ]  doc_uploader - Screenshot saved: D:\ai_doc_automation\output\screenshots\20260821_162537_result_CastCertificate_88_page_0.png.png
2026-08-21 16:25:37,377  [INFO    ]  result_parser - Reading verdict from Overview tab...
2026-08-21 16:25:53,844  [INFO    ]  result_parser - Verdict: SUCCESS (from verdict card)
2026-08-21 16:25:53,844  [INFO    ]  result_parser - Clicking Extraction tab...
2026-08-21 16:25:55,712  [INFO    ]  result_parser - On Extraction tab.
2026-08-21 16:25:55,716  [INFO    ]  result_parser - JS parse: 8 fields
2026-08-21 16:25:55,808  [INFO    ]  doc_uploader - Screenshot saved: D:\ai_doc_automation\output\screenshots\20260821_162555_extracted_CastCertificate_88_page_0.png.png
2026-08-21 16:25:56,254  [ERROR   ]  main - Top-level exception processing document: 'Processing Time (s)'
2026-08-21 16:25:56,254  [INFO    ]  doc_uploader - Resetting form for next submission...
2026-08-21 16:25:58,148  [INFO    ]  doc_uploader - New submission clicked — form reset.
2026-08-21 16:25:59,149  [INFO    ]  main - 
[138/161] D:\ai_doc_automation\Test Data\Cast Certificate for Testing\CastCertificate_91_page_0.png
2026-08-21 16:25:59,149  [INFO    ]  main - ============================================================
2026-08-21 16:25:59,149  [INFO    ]  main - Processing [138/161]: CastCertificate_91_page_0.png  |  Caste Certificate  |  Attempt 1
2026-08-21 16:25:59,149  [INFO    ]  main - ============================================================
2026-08-21 16:25:59,354  [INFO    ]  doc_uploader - Selecting document type: 'Caste Certificate'
2026-08-21 16:25:59,416  [INFO    ]  doc_uploader - Selected by visible text: 'Caste Certificate'
2026-08-21 16:25:59,416  [INFO    ]  doc_uploader - Ensuring 'Plain extraction' is selected...
2026-08-21 16:26:04,796  [INFO    ]  doc_uploader - Clicked Plain extraction text element.
2026-08-21 16:26:04,796  [INFO    ]  doc_uploader - Uploading file: D:\ai_doc_automation\Test Data\Cast Certificate for Testing\CastCertificate_91_page_0.png
2026-08-21 16:26:04,796  [INFO    ]  doc_uploader - File input found via JS querySelector.
2026-08-21 16:26:17,164  [INFO    ]  doc_uploader - File uploaded successfully.
2026-08-21 16:26:17,164  [INFO    ]  doc_uploader - Pre-submit verification...
2026-08-21 16:26:27,301  [INFO    ]  doc_uploader - Ensuring 'Plain extraction' is selected...
2026-08-21 16:26:32,701  [INFO    ]  doc_uploader - Clicked Plain extraction text element.
2026-08-21 16:26:42,798  [INFO    ]  doc_uploader - Clicking 'Submit to engine'...
2026-08-21 16:26:54,249  [INFO    ]  doc_uploader - Submitted to engine. Waiting for result...
2026-08-21 16:26:54,249  [INFO    ]  doc_uploader - Waiting for engine result (timeout=90s)...
2026-08-21 16:26:57,579  [INFO    ]  doc_uploader - Result appeared after 0s.
2026-08-21 16:26:58,684  [INFO    ]  doc_uploader - Screenshot saved: D:\ai_doc_automation\output\screenshots\20260821_162658_result_CastCertificate_91_page_0.png.png
2026-08-21 16:26:58,684  [INFO    ]  result_parser - Reading verdict from Overview tab...
2026-08-21 16:27:15,137  [INFO    ]  result_parser - Verdict: SUCCESS (from verdict card)
2026-08-21 16:27:15,137  [INFO    ]  result_parser - Clicking Extraction tab...
2026-08-21 16:27:17,006  [INFO    ]  result_parser - On Extraction tab.
2026-08-21 16:27:17,016  [INFO    ]  result_parser - JS parse: 8 fields
2026-08-21 16:27:17,127  [INFO    ]  doc_uploader - Screenshot saved: D:\ai_doc_automation\output\screenshots\20260821_162717_extracted_CastCertificate_91_page_0.png.png
2026-08-21 16:27:17,499  [ERROR   ]  main - Top-level exception processing document: 'Processing Time (s)'
2026-08-21 16:27:17,499  [INFO    ]  doc_uploader - Resetting form for next submission...
2026-08-21 16:27:19,377  [INFO    ]  doc_uploader - New submission clicked — form reset.
2026-08-21 16:27:20,378  [INFO    ]  main - 
[139/161] D:\ai_doc_automation\Test Data\Cast Certificate for Testing\CastCertificate_92_page_0.png
2026-08-21 16:27:20,378  [INFO    ]  main - ============================================================
2026-08-21 16:27:20,378  [INFO    ]  main - Processing [139/161]: CastCertificate_92_page_0.png  |  Caste Certificate  |  Attempt 1
2026-08-21 16:27:20,378  [INFO    ]  main - ============================================================
2026-08-21 16:27:20,592  [INFO    ]  doc_uploader - Selecting document type: 'Caste Certificate'
2026-08-21 16:27:20,633  [INFO    ]  doc_uploader - Selected by visible text: 'Caste Certificate'
2026-08-21 16:27:20,633  [INFO    ]  doc_uploader - Ensuring 'Plain extraction' is selected...
2026-08-21 16:27:26,035  [INFO    ]  doc_uploader - Clicked Plain extraction text element.
2026-08-21 16:27:26,035  [INFO    ]  doc_uploader - Uploading file: D:\ai_doc_automation\Test Data\Cast Certificate for Testing\CastCertificate_92_page_0.png
2026-08-21 16:27:26,039  [INFO    ]  doc_uploader - File input found via JS querySelector.
2026-08-21 16:27:38,409  [INFO    ]  doc_uploader - File uploaded successfully.
2026-08-21 16:27:38,409  [INFO    ]  doc_uploader - Pre-submit verification...
2026-08-21 16:27:48,559  [INFO    ]  doc_uploader - Ensuring 'Plain extraction' is selected...
2026-08-21 16:27:53,954  [INFO    ]  doc_uploader - Clicked Plain extraction text element.
2026-08-21 16:28:04,005  [INFO    ]  doc_uploader - Clicking 'Submit to engine'...
2026-08-21 16:28:15,472  [INFO    ]  doc_uploader - Submitted to engine. Waiting for result...
2026-08-21 16:28:15,472  [INFO    ]  doc_uploader - Waiting for engine result (timeout=90s)...
2026-08-21 16:28:16,671  [INFO    ]  doc_uploader - Result appeared after 0s.
2026-08-21 16:28:17,788  [INFO    ]  doc_uploader - Screenshot saved: D:\ai_doc_automation\output\screenshots\20260821_162817_result_CastCertificate_92_page_0.png.png
2026-08-21 16:28:17,788  [INFO    ]  result_parser - Reading verdict from Overview tab...
2026-08-21 16:28:34,238  [INFO    ]  result_parser - Verdict: SUCCESS (from verdict card)
2026-08-21 16:28:34,238  [INFO    ]  result_parser - Clicking Extraction tab...
2026-08-21 16:28:36,104  [INFO    ]  result_parser - On Extraction tab.
2026-08-21 16:28:36,104  [INFO    ]  result_parser - JS parse: 8 fields
2026-08-21 16:28:36,250  [INFO    ]  doc_uploader - Screenshot saved: D:\ai_doc_automation\output\screenshots\20260821_162836_extracted_CastCertificate_92_page_0.png.png
2026-08-21 16:28:36,653  [ERROR   ]  main - Top-level exception processing document: 'Processing Time (s)'
2026-08-21 16:28:36,653  [INFO    ]  doc_uploader - Resetting form for next submission...
2026-08-21 16:28:38,536  [INFO    ]  doc_uploader - New submission clicked — form reset.
2026-08-21 16:28:39,537  [INFO    ]  main - 
[140/161] D:\ai_doc_automation\Test Data\Cast Certificate for Testing\CastCertificate_93_page_0.png
2026-08-21 16:28:39,537  [INFO    ]  main - ============================================================
2026-08-21 16:28:39,537  [INFO    ]  main - Processing [140/161]: CastCertificate_93_page_0.png  |  Caste Certificate  |  Attempt 1
2026-08-21 16:28:39,537  [INFO    ]  main - ============================================================
2026-08-21 16:28:39,746  [INFO    ]  doc_uploader - Selecting document type: 'Caste Certificate'
2026-08-21 16:28:39,792  [INFO    ]  doc_uploader - Selected by visible text: 'Caste Certificate'
2026-08-21 16:28:39,792  [INFO    ]  doc_uploader - Ensuring 'Plain extraction' is selected...
2026-08-21 16:28:45,172  [INFO    ]  doc_uploader - Clicked Plain extraction text element.
2026-08-21 16:28:45,175  [INFO    ]  doc_uploader - Uploading file: D:\ai_doc_automation\Test Data\Cast Certificate for Testing\CastCertificate_93_page_0.png
2026-08-21 16:28:45,175  [INFO    ]  doc_uploader - File input found via JS querySelector.
2026-08-21 16:28:57,572  [INFO    ]  doc_uploader - File uploaded successfully.
2026-08-21 16:28:57,572  [INFO    ]  doc_uploader - Pre-submit verification...
2026-08-21 16:29:07,733  [INFO    ]  doc_uploader - Ensuring 'Plain extraction' is selected...
2026-08-21 16:29:13,120  [INFO    ]  doc_uploader - Clicked Plain extraction text element.
2026-08-21 16:29:23,170  [INFO    ]  doc_uploader - Clicking 'Submit to engine'...
2026-08-21 16:29:34,661  [INFO    ]  doc_uploader - Submitted to engine. Waiting for result...
2026-08-21 16:29:34,661  [INFO    ]  doc_uploader - Waiting for engine result (timeout=90s)...
2026-08-21 16:29:34,807  [INFO    ]  doc_uploader - Result appeared after 0s.
2026-08-21 16:29:35,944  [INFO    ]  doc_uploader - Screenshot saved: D:\ai_doc_automation\output\screenshots\20260821_162935_result_CastCertificate_93_page_0.png.png
2026-08-21 16:29:35,944  [INFO    ]  result_parser - Reading verdict from Overview tab...
2026-08-21 16:29:52,446  [INFO    ]  result_parser - Verdict: SUCCESS (from verdict card)
2026-08-21 16:29:52,446  [INFO    ]  result_parser - Clicking Extraction tab...
2026-08-21 16:29:54,325  [INFO    ]  result_parser - On Extraction tab.
2026-08-21 16:29:54,325  [INFO    ]  result_parser - JS parse: 8 fields
2026-08-21 16:29:54,426  [INFO    ]  doc_uploader - Screenshot saved: D:\ai_doc_automation\output\screenshots\20260821_162954_extracted_CastCertificate_93_page_0.png.png
2026-08-21 16:29:54,810  [ERROR   ]  main - Top-level exception processing document: 'Processing Time (s)'
2026-08-21 16:29:54,810  [INFO    ]  doc_uploader - Resetting form for next submission...
2026-08-21 16:29:56,696  [INFO    ]  doc_uploader - New submission clicked — form reset.
2026-08-21 16:29:57,697  [INFO    ]  main - 
[141/161] D:\ai_doc_automation\Test Data\Cast Certificate for Testing\CastCertificate_94_page_0.png
2026-08-21 16:29:57,697  [INFO    ]  main - ============================================================
2026-08-21 16:29:57,697  [INFO    ]  main - Processing [141/161]: CastCertificate_94_page_0.png  |  Caste Certificate  |  Attempt 1
2026-08-21 16:29:57,697  [INFO    ]  main - ============================================================
2026-08-21 16:29:57,902  [INFO    ]  doc_uploader - Selecting document type: 'Caste Certificate'
2026-08-21 16:29:57,942  [INFO    ]  doc_uploader - Selected by visible text: 'Caste Certificate'
2026-08-21 16:29:57,942  [INFO    ]  doc_uploader - Ensuring 'Plain extraction' is selected...
2026-08-21 16:30:03,343  [INFO    ]  doc_uploader - Clicked Plain extraction text element.
2026-08-21 16:30:03,343  [INFO    ]  doc_uploader - Uploading file: D:\ai_doc_automation\Test Data\Cast Certificate for Testing\CastCertificate_94_page_0.png
2026-08-21 16:30:03,347  [INFO    ]  doc_uploader - File input found via JS querySelector.
2026-08-21 16:30:15,735  [INFO    ]  doc_uploader - File uploaded successfully.
2026-08-21 16:30:15,735  [INFO    ]  doc_uploader - Pre-submit verification...
2026-08-21 16:30:25,875  [INFO    ]  doc_uploader - Ensuring 'Plain extraction' is selected...
2026-08-21 16:30:31,274  [INFO    ]  doc_uploader - Clicked Plain extraction text element.
2026-08-21 16:30:41,321  [INFO    ]  doc_uploader - Clicking 'Submit to engine'...
2026-08-21 16:30:52,801  [INFO    ]  doc_uploader - Submitted to engine. Waiting for result...
2026-08-21 16:30:52,801  [INFO    ]  doc_uploader - Waiting for engine result (timeout=90s)...
2026-08-21 16:30:54,938  [INFO    ]  doc_uploader - Result appeared after 0s.
2026-08-21 16:30:56,039  [INFO    ]  doc_uploader - Screenshot saved: D:\ai_doc_automation\output\screenshots\20260821_163055_result_CastCertificate_94_page_0.png.png
2026-08-21 16:30:56,039  [INFO    ]  result_parser - Reading verdict from Overview tab...
2026-08-21 16:31:12,485  [INFO    ]  result_parser - Verdict: SUCCESS (from verdict card)
2026-08-21 16:31:12,485  [INFO    ]  result_parser - Clicking Extraction tab...
2026-08-21 16:31:14,354  [INFO    ]  result_parser - On Extraction tab.
2026-08-21 16:31:14,354  [INFO    ]  result_parser - JS parse: 8 fields
2026-08-21 16:31:14,464  [INFO    ]  doc_uploader - Screenshot saved: D:\ai_doc_automation\output\screenshots\20260821_163114_extracted_CastCertificate_94_page_0.png.png
2026-08-21 16:31:14,865  [ERROR   ]  main - Top-level exception processing document: 'Processing Time (s)'
2026-08-21 16:31:14,865  [INFO    ]  doc_uploader - Resetting form for next submission...
2026-08-21 16:31:16,738  [INFO    ]  doc_uploader - New submission clicked — form reset.
2026-08-21 16:31:17,739  [INFO    ]  main - 
[142/161] D:\ai_doc_automation\Test Data\Residence Certificate for Testing\Residence Certificate (2) - Copy.pdf
2026-08-21 16:31:17,739  [INFO    ]  main - ============================================================
2026-08-21 16:31:17,739  [INFO    ]  main - Processing [142/161]: Residence Certificate (2) - Copy.pdf  |  Residence Certificate  |  Attempt 1
2026-08-21 16:31:17,739  [INFO    ]  main - ============================================================
2026-08-21 16:31:17,942  [INFO    ]  doc_uploader - Selecting document type: 'Residence Certificate'
2026-08-21 16:31:18,014  [INFO    ]  doc_uploader - Selected by visible text: 'Residence Certificate'
2026-08-21 16:31:18,014  [INFO    ]  doc_uploader - Ensuring 'Plain extraction' is selected...
2026-08-21 16:31:23,416  [INFO    ]  doc_uploader - Clicked Plain extraction text element.
2026-08-21 16:31:23,416  [INFO    ]  doc_uploader - Uploading file: D:\ai_doc_automation\Test Data\Residence Certificate for Testing\Residence Certificate (2) - Copy.pdf
2026-08-21 16:31:23,432  [INFO    ]  doc_uploader - File input found via JS querySelector.
2026-08-21 16:31:35,844  [INFO    ]  doc_uploader - File uploaded successfully.
2026-08-21 16:31:35,844  [INFO    ]  doc_uploader - Pre-submit verification...
2026-08-21 16:31:46,013  [INFO    ]  doc_uploader - Ensuring 'Plain extraction' is selected...
2026-08-21 16:31:51,415  [INFO    ]  doc_uploader - Clicked Plain extraction text element.
2026-08-21 16:32:01,482  [INFO    ]  doc_uploader - Clicking 'Submit to engine'...
2026-08-21 16:32:12,955  [INFO    ]  doc_uploader - Submitted to engine. Waiting for result...
2026-08-21 16:32:12,955  [INFO    ]  doc_uploader - Waiting for engine result (timeout=90s)...
2026-08-21 16:32:17,749  [INFO    ]  doc_uploader - Result appeared after 0s.
2026-08-21 16:32:18,854  [INFO    ]  doc_uploader - Screenshot saved: D:\ai_doc_automation\output\screenshots\20260821_163218_result_Residence Certificate (2) - Copy.pdf.png
2026-08-21 16:32:18,854  [INFO    ]  result_parser - Reading verdict from Overview tab...
2026-08-21 16:32:35,319  [INFO    ]  result_parser - Verdict: SUCCESS (from verdict card)
2026-08-21 16:32:35,319  [INFO    ]  result_parser - Clicking Extraction tab...
2026-08-21 16:32:37,200  [INFO    ]  result_parser - On Extraction tab.
2026-08-21 16:32:37,200  [INFO    ]  result_parser - JS parse: 7 fields
2026-08-21 16:32:37,334  [INFO    ]  doc_uploader - Screenshot saved: D:\ai_doc_automation\output\screenshots\20260821_163237_extracted_Residence Certificate (2) - Copy.pdf.png
2026-08-21 16:32:37,334  [INFO    ]  excel_writer - Created sheet: 'Residence Certificate'  headers: ['Filename', 'Document Type', 'Status', 'Error Message', 'Address', 'Applicant Name', 'Certificate Number', 'Father Name', 'Issue Date', 'Issuing Authority', 'Period Of Residence']
2026-08-21 16:32:37,739  [ERROR   ]  main - Top-level exception processing document: 'Processing Time (s)'
2026-08-21 16:32:37,739  [INFO    ]  doc_uploader - Resetting form for next submission...
2026-08-21 16:32:39,608  [INFO    ]  doc_uploader - New submission clicked — form reset.
2026-08-21 16:32:40,609  [INFO    ]  main - 
[143/161] D:\ai_doc_automation\Test Data\Residence Certificate for Testing\ResidenceCertificate_17_page_0 - Copy.png
2026-08-21 16:32:40,610  [INFO    ]  main - ============================================================
2026-08-21 16:32:40,610  [INFO    ]  main - Processing [143/161]: ResidenceCertificate_17_page_0 - Copy.png  |  Residence Certificate  |  Attempt 1
2026-08-21 16:32:40,610  [INFO    ]  main - ============================================================
2026-08-21 16:32:40,814  [INFO    ]  doc_uploader - Selecting document type: 'Residence Certificate'
2026-08-21 16:32:40,859  [INFO    ]  doc_uploader - Selected by visible text: 'Residence Certificate'
2026-08-21 16:32:40,859  [INFO    ]  doc_uploader - Ensuring 'Plain extraction' is selected...
2026-08-21 16:32:46,240  [INFO    ]  doc_uploader - Clicked Plain extraction text element.
2026-08-21 16:32:46,240  [INFO    ]  doc_uploader - Uploading file: D:\ai_doc_automation\Test Data\Residence Certificate for Testing\ResidenceCertificate_17_page_0 - Copy.png
2026-08-21 16:32:46,240  [INFO    ]  doc_uploader - File input found via JS querySelector.
2026-08-21 16:32:58,616  [INFO    ]  doc_uploader - File uploaded successfully.
2026-08-21 16:32:58,616  [INFO    ]  doc_uploader - Pre-submit verification...
2026-08-21 16:33:08,766  [INFO    ]  doc_uploader - Ensuring 'Plain extraction' is selected...
2026-08-21 16:33:14,167  [INFO    ]  doc_uploader - Clicked Plain extraction text element.
2026-08-21 16:33:24,251  [INFO    ]  doc_uploader - Clicking 'Submit to engine'...
2026-08-21 16:33:35,693  [INFO    ]  doc_uploader - Submitted to engine. Waiting for result...
2026-08-21 16:33:35,694  [INFO    ]  doc_uploader - Waiting for engine result (timeout=90s)...
2026-08-21 16:33:38,950  [INFO    ]  doc_uploader - Result appeared after 0s.
2026-08-21 16:33:40,153  [INFO    ]  doc_uploader - Screenshot saved: D:\ai_doc_automation\output\screenshots\20260821_163339_result_ResidenceCertificate_17_page_0 - Copy.png.png
2026-08-21 16:33:40,155  [INFO    ]  result_parser - Reading verdict from Overview tab...
2026-08-21 16:33:56,633  [INFO    ]  result_parser - Verdict: SUCCESS (from verdict card)
2026-08-21 16:33:56,634  [INFO    ]  result_parser - Clicking Extraction tab...
2026-08-21 16:33:58,502  [INFO    ]  result_parser - On Extraction tab.
2026-08-21 16:33:58,509  [INFO    ]  result_parser - JS parse: 7 fields
2026-08-21 16:33:58,632  [INFO    ]  doc_uploader - Screenshot saved: D:\ai_doc_automation\output\screenshots\20260821_163358_extracted_ResidenceCertificate_17_page_0 - Copy.png.png
2026-08-21 16:33:59,235  [ERROR   ]  main - Top-level exception processing document: 'Processing Time (s)'
2026-08-21 16:33:59,237  [INFO    ]  doc_uploader - Resetting form for next submission...
2026-08-21 16:34:02,205  [INFO    ]  doc_uploader - New submission clicked — form reset.
2026-08-21 16:34:03,206  [INFO    ]  main - 
[144/161] D:\ai_doc_automation\Test Data\Residence Certificate for Testing\ResidenceCertificate_2_page_0 - Copy.png
2026-08-21 16:34:03,206  [INFO    ]  main - ============================================================
2026-08-21 16:34:03,206  [INFO    ]  main - Processing [144/161]: ResidenceCertificate_2_page_0 - Copy.png  |  Residence Certificate  |  Attempt 1
2026-08-21 16:34:03,206  [INFO    ]  main - ============================================================
2026-08-21 16:34:03,656  [INFO    ]  doc_uploader - Selecting document type: 'Residence Certificate'
2026-08-21 16:34:03,719  [INFO    ]  doc_uploader - Selected by visible text: 'Residence Certificate'
2026-08-21 16:34:03,719  [INFO    ]  doc_uploader - Ensuring 'Plain extraction' is selected...
2026-08-21 16:34:09,203  [INFO    ]  doc_uploader - Clicked Plain extraction text element.
2026-08-21 16:34:09,203  [INFO    ]  doc_uploader - Uploading file: D:\ai_doc_automation\Test Data\Residence Certificate for Testing\ResidenceCertificate_2_page_0 - Copy.png
2026-08-21 16:34:09,203  [INFO    ]  doc_uploader - File input found via JS querySelector.
2026-08-21 16:34:21,621  [INFO    ]  doc_uploader - File uploaded successfully.
2026-08-21 16:34:21,621  [INFO    ]  doc_uploader - Pre-submit verification...
2026-08-21 16:34:31,815  [INFO    ]  doc_uploader - Ensuring 'Plain extraction' is selected...
2026-08-21 16:34:37,200  [INFO    ]  doc_uploader - Clicked Plain extraction text element.
2026-08-21 16:34:47,298  [INFO    ]  doc_uploader - Clicking 'Submit to engine'...
2026-08-21 16:34:58,741  [INFO    ]  doc_uploader - Submitted to engine. Waiting for result...
2026-08-21 16:34:58,742  [INFO    ]  doc_uploader - Waiting for engine result (timeout=90s)...
2026-08-21 16:35:01,435  [INFO    ]  doc_uploader - Result appeared after 0s.
2026-08-21 16:35:02,527  [INFO    ]  doc_uploader - Screenshot saved: D:\ai_doc_automation\output\screenshots\20260821_163502_result_ResidenceCertificate_2_page_0 - Copy.png.png
2026-08-21 16:35:02,527  [INFO    ]  result_parser - Reading verdict from Overview tab...
2026-08-21 16:35:18,981  [INFO    ]  result_parser - Verdict: SUCCESS (from verdict card)
2026-08-21 16:35:18,981  [INFO    ]  result_parser - Clicking Extraction tab...
2026-08-21 16:35:20,861  [INFO    ]  result_parser - On Extraction tab.
2026-08-21 16:35:20,871  [INFO    ]  result_parser - JS parse: 7 fields
2026-08-21 16:35:21,059  [INFO    ]  doc_uploader - Screenshot saved: D:\ai_doc_automation\output\screenshots\20260821_163520_extracted_ResidenceCertificate_2_page_0 - Copy.png.png
2026-08-21 16:35:21,485  [ERROR   ]  main - Top-level exception processing document: 'Processing Time (s)'
2026-08-21 16:35:21,485  [INFO    ]  doc_uploader - Resetting form for next submission...
2026-08-21 16:35:23,352  [INFO    ]  doc_uploader - New submission clicked — form reset.
2026-08-21 16:35:24,353  [INFO    ]  main - 
[145/161] D:\ai_doc_automation\Test Data\Residence Certificate for Testing\ResidenceCertificate_355_page_0.png
2026-08-21 16:35:24,354  [INFO    ]  main - ============================================================
2026-08-21 16:35:24,355  [INFO    ]  main - Processing [145/161]: ResidenceCertificate_355_page_0.png  |  Residence Certificate  |  Attempt 1
2026-08-21 16:35:24,355  [INFO    ]  main - ============================================================
2026-08-21 16:35:24,574  [INFO    ]  doc_uploader - Selecting document type: 'Residence Certificate'
2026-08-21 16:35:24,618  [INFO    ]  doc_uploader - Selected by visible text: 'Residence Certificate'
2026-08-21 16:35:24,618  [INFO    ]  doc_uploader - Ensuring 'Plain extraction' is selected...
2026-08-21 16:35:30,034  [INFO    ]  doc_uploader - Clicked Plain extraction text element.
2026-08-21 16:35:30,035  [INFO    ]  doc_uploader - Uploading file: D:\ai_doc_automation\Test Data\Residence Certificate for Testing\ResidenceCertificate_355_page_0.png
2026-08-21 16:35:30,043  [INFO    ]  doc_uploader - File input found via JS querySelector.
2026-08-21 16:35:42,480  [INFO    ]  doc_uploader - File uploaded successfully.
2026-08-21 16:35:42,480  [INFO    ]  doc_uploader - Pre-submit verification...
2026-08-21 16:35:52,610  [INFO    ]  doc_uploader - Ensuring 'Plain extraction' is selected...
2026-08-21 16:35:58,059  [INFO    ]  doc_uploader - Clicked Plain extraction text element.
2026-08-21 16:36:08,159  [INFO    ]  doc_uploader - Clicking 'Submit to engine'...
2026-08-21 16:36:19,580  [INFO    ]  doc_uploader - Submitted to engine. Waiting for result...
2026-08-21 16:36:19,580  [INFO    ]  doc_uploader - Waiting for engine result (timeout=90s)...
2026-08-21 16:36:21,123  [INFO    ]  doc_uploader - Result appeared after 0s.
2026-08-21 16:36:22,266  [INFO    ]  doc_uploader - Screenshot saved: D:\ai_doc_automation\output\screenshots\20260821_163622_result_ResidenceCertificate_355_page_0.png.png
2026-08-21 16:36:22,268  [INFO    ]  result_parser - Reading verdict from Overview tab...
2026-08-21 16:36:38,808  [INFO    ]  result_parser - Verdict: SUCCESS (from verdict card)
2026-08-21 16:36:38,808  [INFO    ]  result_parser - Clicking Extraction tab...
2026-08-21 16:36:40,708  [INFO    ]  result_parser - On Extraction tab.
2026-08-21 16:36:40,751  [INFO    ]  result_parser - JS parse: 7 fields
2026-08-21 16:36:40,955  [INFO    ]  doc_uploader - Screenshot saved: D:\ai_doc_automation\output\screenshots\20260821_163640_extracted_ResidenceCertificate_355_page_0.png.png
2026-08-21 16:36:41,668  [ERROR   ]  main - Top-level exception processing document: 'Processing Time (s)'
2026-08-21 16:36:41,668  [INFO    ]  doc_uploader - Resetting form for next submission...
2026-08-21 16:36:43,580  [INFO    ]  doc_uploader - New submission clicked — form reset.
2026-08-21 16:36:44,581  [INFO    ]  main - 
[146/161] D:\ai_doc_automation\Test Data\Residence Certificate for Testing\ResidenceCertificate_359_page_0.png
2026-08-21 16:36:44,581  [INFO    ]  main - ============================================================
2026-08-21 16:36:44,581  [INFO    ]  main - Processing [146/161]: ResidenceCertificate_359_page_0.png  |  Residence Certificate  |  Attempt 1
2026-08-21 16:36:44,581  [INFO    ]  main - ============================================================
2026-08-21 16:36:44,887  [INFO    ]  doc_uploader - Selecting document type: 'Residence Certificate'
2026-08-21 16:36:44,962  [INFO    ]  doc_uploader - Selected by visible text: 'Residence Certificate'
2026-08-21 16:36:44,962  [INFO    ]  doc_uploader - Ensuring 'Plain extraction' is selected...
2026-08-21 16:36:50,376  [INFO    ]  doc_uploader - Clicked Plain extraction text element.
2026-08-21 16:36:50,377  [INFO    ]  doc_uploader - Uploading file: D:\ai_doc_automation\Test Data\Residence Certificate for Testing\ResidenceCertificate_359_page_0.png
2026-08-21 16:36:50,386  [INFO    ]  doc_uploader - File input found via JS querySelector.
2026-08-21 16:37:02,840  [INFO    ]  doc_uploader - File uploaded successfully.
2026-08-21 16:37:02,840  [INFO    ]  doc_uploader - Pre-submit verification...
2026-08-21 16:37:13,108  [INFO    ]  doc_uploader - Ensuring 'Plain extraction' is selected...
2026-08-21 16:37:18,582  [INFO    ]  doc_uploader - Clicked Plain extraction text element.
2026-08-21 16:37:28,645  [INFO    ]  doc_uploader - Clicking 'Submit to engine'...
2026-08-21 16:37:40,077  [INFO    ]  doc_uploader - Submitted to engine. Waiting for result...
2026-08-21 16:37:40,078  [INFO    ]  doc_uploader - Waiting for engine result (timeout=90s)...
2026-08-21 16:37:42,556  [INFO    ]  doc_uploader - Result appeared after 0s.
2026-08-21 16:37:43,730  [INFO    ]  doc_uploader - Screenshot saved: D:\ai_doc_automation\output\screenshots\20260821_163743_result_ResidenceCertificate_359_page_0.png.png
2026-08-21 16:37:43,730  [INFO    ]  result_parser - Reading verdict from Overview tab...
2026-08-21 16:38:00,183  [INFO    ]  result_parser - Verdict: SUCCESS (from verdict card)
2026-08-21 16:38:00,183  [INFO    ]  result_parser - Clicking Extraction tab...
2026-08-21 16:38:02,086  [INFO    ]  result_parser - On Extraction tab.
2026-08-21 16:38:02,091  [INFO    ]  result_parser - JS parse: 7 fields
2026-08-21 16:38:02,233  [INFO    ]  doc_uploader - Screenshot saved: D:\ai_doc_automation\output\screenshots\20260821_163802_extracted_ResidenceCertificate_359_page_0.png.png
2026-08-21 16:38:02,765  [ERROR   ]  main - Top-level exception processing document: 'Processing Time (s)'
2026-08-21 16:38:02,765  [INFO    ]  doc_uploader - Resetting form for next submission...
2026-08-21 16:38:04,660  [INFO    ]  doc_uploader - New submission clicked — form reset.
2026-08-21 16:38:05,660  [INFO    ]  main - 
[147/161] D:\ai_doc_automation\Test Data\Residence Certificate for Testing\ResidenceCertificate_360_page_0.png
2026-08-21 16:38:05,660  [INFO    ]  main - ============================================================
2026-08-21 16:38:05,660  [INFO    ]  main - Processing [147/161]: ResidenceCertificate_360_page_0.png  |  Residence Certificate  |  Attempt 1
2026-08-21 16:38:05,660  [INFO    ]  main - ============================================================
2026-08-21 16:38:05,873  [INFO    ]  doc_uploader - Selecting document type: 'Residence Certificate'
2026-08-21 16:38:05,925  [INFO    ]  doc_uploader - Selected by visible text: 'Residence Certificate'
2026-08-21 16:38:05,925  [INFO    ]  doc_uploader - Ensuring 'Plain extraction' is selected...
2026-08-21 16:38:11,492  [INFO    ]  doc_uploader - Clicked Plain extraction text element.
2026-08-21 16:38:11,496  [INFO    ]  doc_uploader - Uploading file: D:\ai_doc_automation\Test Data\Residence Certificate for Testing\ResidenceCertificate_360_page_0.png
2026-08-21 16:38:11,573  [INFO    ]  doc_uploader - File input found via JS querySelector.
2026-08-21 16:38:24,018  [INFO    ]  doc_uploader - File uploaded successfully.
2026-08-21 16:38:24,018  [INFO    ]  doc_uploader - Pre-submit verification...
2026-08-21 16:38:34,189  [INFO    ]  doc_uploader - Ensuring 'Plain extraction' is selected...
2026-08-21 16:38:39,605  [INFO    ]  doc_uploader - Clicked Plain extraction text element.
2026-08-21 16:38:49,699  [INFO    ]  doc_uploader - Clicking 'Submit to engine'...
2026-08-21 16:39:01,235  [INFO    ]  doc_uploader - Submitted to engine. Waiting for result...
2026-08-21 16:39:01,235  [INFO    ]  doc_uploader - Waiting for engine result (timeout=90s)...
2026-08-21 16:39:03,820  [INFO    ]  doc_uploader - Result appeared after 0s.
2026-08-21 16:39:04,933  [INFO    ]  doc_uploader - Screenshot saved: D:\ai_doc_automation\output\screenshots\20260821_163904_result_ResidenceCertificate_360_page_0.png.png
2026-08-21 16:39:04,933  [INFO    ]  result_parser - Reading verdict from Overview tab...
2026-08-21 16:39:21,388  [INFO    ]  result_parser - Verdict: SUCCESS (from verdict card)
2026-08-21 16:39:21,388  [INFO    ]  result_parser - Clicking Extraction tab...
2026-08-21 16:39:23,267  [INFO    ]  result_parser - On Extraction tab.
2026-08-21 16:39:23,273  [INFO    ]  result_parser - JS parse: 7 fields
2026-08-21 16:39:23,383  [INFO    ]  doc_uploader - Screenshot saved: D:\ai_doc_automation\output\screenshots\20260821_163923_extracted_ResidenceCertificate_360_page_0.png.png
2026-08-21 16:39:23,791  [ERROR   ]  main - Top-level exception processing document: 'Processing Time (s)'
2026-08-21 16:39:23,791  [INFO    ]  doc_uploader - Resetting form for next submission...
2026-08-21 16:39:25,668  [INFO    ]  doc_uploader - New submission clicked — form reset.
2026-08-21 16:39:26,668  [INFO    ]  main - 
[148/161] D:\ai_doc_automation\Test Data\Residence Certificate for Testing\ResidenceCertificate_366_page_0.png
2026-08-21 16:39:26,668  [INFO    ]  main - ============================================================
2026-08-21 16:39:26,668  [INFO    ]  main - Processing [148/161]: ResidenceCertificate_366_page_0.png  |  Residence Certificate  |  Attempt 1
2026-08-21 16:39:26,668  [INFO    ]  main - ============================================================
2026-08-21 16:39:26,885  [INFO    ]  doc_uploader - Selecting document type: 'Residence Certificate'
2026-08-21 16:39:26,938  [INFO    ]  doc_uploader - Selected by visible text: 'Residence Certificate'
2026-08-21 16:39:26,938  [INFO    ]  doc_uploader - Ensuring 'Plain extraction' is selected...
2026-08-21 16:39:32,354  [INFO    ]  doc_uploader - Clicked Plain extraction text element.
2026-08-21 16:39:32,355  [INFO    ]  doc_uploader - Uploading file: D:\ai_doc_automation\Test Data\Residence Certificate for Testing\ResidenceCertificate_366_page_0.png
2026-08-21 16:39:32,360  [INFO    ]  doc_uploader - File input found via JS querySelector.
2026-08-21 16:39:44,798  [INFO    ]  doc_uploader - File uploaded successfully.
2026-08-21 16:39:44,799  [INFO    ]  doc_uploader - Pre-submit verification...
2026-08-21 16:39:55,027  [INFO    ]  doc_uploader - Ensuring 'Plain extraction' is selected...
2026-08-21 16:40:00,463  [INFO    ]  doc_uploader - Clicked Plain extraction text element.
2026-08-21 16:40:10,543  [INFO    ]  doc_uploader - Clicking 'Submit to engine'...
2026-08-21 16:40:22,015  [INFO    ]  doc_uploader - Submitted to engine. Waiting for result...
2026-08-21 16:40:22,015  [INFO    ]  doc_uploader - Waiting for engine result (timeout=90s)...
2026-08-21 16:40:23,193  [INFO    ]  doc_uploader - Result appeared after 0s.
2026-08-21 16:40:24,317  [INFO    ]  doc_uploader - Screenshot saved: D:\ai_doc_automation\output\screenshots\20260821_164024_result_ResidenceCertificate_366_page_0.png.png
2026-08-21 16:40:24,317  [INFO    ]  result_parser - Reading verdict from Overview tab...
2026-08-21 16:40:40,809  [INFO    ]  result_parser - Verdict: SUCCESS (from verdict card)
2026-08-21 16:40:40,809  [INFO    ]  result_parser - Clicking Extraction tab...
2026-08-21 16:40:42,707  [INFO    ]  result_parser - On Extraction tab.
2026-08-21 16:40:42,715  [INFO    ]  result_parser - JS parse: 7 fields
2026-08-21 16:40:42,838  [INFO    ]  doc_uploader - Screenshot saved: D:\ai_doc_automation\output\screenshots\20260821_164042_extracted_ResidenceCertificate_366_page_0.png.png
2026-08-21 16:40:43,349  [ERROR   ]  main - Top-level exception processing document: 'Processing Time (s)'
2026-08-21 16:40:43,349  [INFO    ]  doc_uploader - Resetting form for next submission...
2026-08-21 16:40:45,236  [INFO    ]  doc_uploader - New submission clicked — form reset.
2026-08-21 16:40:46,236  [INFO    ]  main - 
[149/161] D:\ai_doc_automation\Test Data\Residence Certificate for Testing\ResidenceCertificate_367_page_0.png
2026-08-21 16:40:46,236  [INFO    ]  main - ============================================================
2026-08-21 16:40:46,236  [INFO    ]  main - Processing [149/161]: ResidenceCertificate_367_page_0.png  |  Residence Certificate  |  Attempt 1
2026-08-21 16:40:46,236  [INFO    ]  main - ============================================================
2026-08-21 16:40:46,481  [INFO    ]  doc_uploader - Selecting document type: 'Residence Certificate'
2026-08-21 16:40:46,520  [INFO    ]  doc_uploader - Selected by visible text: 'Residence Certificate'
2026-08-21 16:40:46,521  [INFO    ]  doc_uploader - Ensuring 'Plain extraction' is selected...
2026-08-21 16:40:51,968  [INFO    ]  doc_uploader - Clicked Plain extraction text element.
2026-08-21 16:40:51,969  [INFO    ]  doc_uploader - Uploading file: D:\ai_doc_automation\Test Data\Residence Certificate for Testing\ResidenceCertificate_367_page_0.png
2026-08-21 16:40:51,976  [INFO    ]  doc_uploader - File input found via JS querySelector.
2026-08-21 16:41:04,371  [INFO    ]  doc_uploader - File uploaded successfully.
2026-08-21 16:41:04,371  [INFO    ]  doc_uploader - Pre-submit verification...
2026-08-21 16:41:14,591  [INFO    ]  doc_uploader - Ensuring 'Plain extraction' is selected...
2026-08-21 16:41:20,022  [INFO    ]  doc_uploader - Clicked Plain extraction text element.
2026-08-21 16:41:30,109  [INFO    ]  doc_uploader - Clicking 'Submit to engine'...
2026-08-21 16:41:41,578  [INFO    ]  doc_uploader - Submitted to engine. Waiting for result...
2026-08-21 16:41:41,578  [INFO    ]  doc_uploader - Waiting for engine result (timeout=90s)...
2026-08-21 16:41:42,789  [INFO    ]  doc_uploader - Result appeared after 0s.
2026-08-21 16:41:43,908  [INFO    ]  doc_uploader - Screenshot saved: D:\ai_doc_automation\output\screenshots\20260821_164143_result_ResidenceCertificate_367_page_0.png.png
2026-08-21 16:41:43,908  [INFO    ]  result_parser - Reading verdict from Overview tab...
2026-08-21 16:42:00,443  [INFO    ]  result_parser - Verdict: SUCCESS (from verdict card)
2026-08-21 16:42:00,444  [INFO    ]  result_parser - Clicking Extraction tab...
2026-08-21 16:42:02,311  [INFO    ]  result_parser - On Extraction tab.
2026-08-21 16:42:02,311  [INFO    ]  result_parser - JS parse: 7 fields
2026-08-21 16:42:02,428  [INFO    ]  doc_uploader - Screenshot saved: D:\ai_doc_automation\output\screenshots\20260821_164202_extracted_ResidenceCertificate_367_page_0.png.png
2026-08-21 16:42:02,873  [ERROR   ]  main - Top-level exception processing document: 'Processing Time (s)'
2026-08-21 16:42:02,873  [INFO    ]  doc_uploader - Resetting form for next submission...
2026-08-21 16:42:04,761  [INFO    ]  doc_uploader - New submission clicked — form reset.
2026-08-21 16:42:05,762  [INFO    ]  main - 
[150/161] D:\ai_doc_automation\Test Data\Residence Certificate for Testing\ResidenceCertificate_368_page_0.png
2026-08-21 16:42:05,762  [INFO    ]  main - ============================================================
2026-08-21 16:42:05,762  [INFO    ]  main - Processing [150/161]: ResidenceCertificate_368_page_0.png  |  Residence Certificate  |  Attempt 1
2026-08-21 16:42:05,762  [INFO    ]  main - ============================================================
2026-08-21 16:42:06,015  [INFO    ]  doc_uploader - Selecting document type: 'Residence Certificate'
2026-08-21 16:42:06,065  [INFO    ]  doc_uploader - Selected by visible text: 'Residence Certificate'
2026-08-21 16:42:06,065  [INFO    ]  doc_uploader - Ensuring 'Plain extraction' is selected...
2026-08-21 16:42:11,492  [INFO    ]  doc_uploader - Clicked Plain extraction text element.
2026-08-21 16:42:11,493  [INFO    ]  doc_uploader - Uploading file: D:\ai_doc_automation\Test Data\Residence Certificate for Testing\ResidenceCertificate_368_page_0.png
2026-08-21 16:42:11,500  [INFO    ]  doc_uploader - File input found via JS querySelector.
2026-08-21 16:42:23,877  [INFO    ]  doc_uploader - File uploaded successfully.
2026-08-21 16:42:23,879  [INFO    ]  doc_uploader - Pre-submit verification...
2026-08-21 16:42:34,072  [INFO    ]  doc_uploader - Ensuring 'Plain extraction' is selected...
2026-08-21 16:42:39,523  [INFO    ]  doc_uploader - Clicked Plain extraction text element.
2026-08-21 16:42:49,591  [INFO    ]  doc_uploader - Clicking 'Submit to engine'...
2026-08-21 16:43:00,993  [INFO    ]  doc_uploader - Submitted to engine. Waiting for result...
2026-08-21 16:43:00,994  [INFO    ]  doc_uploader - Waiting for engine result (timeout=90s)...
2026-08-21 16:43:05,985  [INFO    ]  doc_uploader - Result appeared after 0s.
2026-08-21 16:43:07,137  [INFO    ]  doc_uploader - Screenshot saved: D:\ai_doc_automation\output\screenshots\20260821_164306_result_ResidenceCertificate_368_page_0.png.png
2026-08-21 16:43:07,137  [INFO    ]  result_parser - Reading verdict from Overview tab...
2026-08-21 16:43:23,623  [INFO    ]  result_parser - Verdict: SUCCESS (from verdict card)
2026-08-21 16:43:23,623  [INFO    ]  result_parser - Clicking Extraction tab...
2026-08-21 16:43:25,569  [INFO    ]  result_parser - On Extraction tab.
2026-08-21 16:43:25,574  [INFO    ]  result_parser - JS parse: 7 fields
2026-08-21 16:43:25,700  [INFO    ]  doc_uploader - Screenshot saved: D:\ai_doc_automation\output\screenshots\20260821_164325_extracted_ResidenceCertificate_368_page_0.png.png
2026-08-21 16:43:26,230  [ERROR   ]  main - Top-level exception processing document: 'Processing Time (s)'
2026-08-21 16:43:26,230  [INFO    ]  doc_uploader - Resetting form for next submission...
2026-08-21 16:43:28,118  [INFO    ]  doc_uploader - New submission clicked — form reset.
2026-08-21 16:43:29,119  [INFO    ]  main - 
[151/161] D:\ai_doc_automation\Test Data\Residence Certificate for Testing\ResidenceCertificate_373_page_0.png
2026-08-21 16:43:29,119  [INFO    ]  main - ============================================================
2026-08-21 16:43:29,119  [INFO    ]  main - Processing [151/161]: ResidenceCertificate_373_page_0.png  |  Residence Certificate  |  Attempt 1
2026-08-21 16:43:29,119  [INFO    ]  main - ============================================================
2026-08-21 16:43:29,360  [INFO    ]  doc_uploader - Selecting document type: 'Residence Certificate'
2026-08-21 16:43:29,412  [INFO    ]  doc_uploader - Selected by visible text: 'Residence Certificate'
2026-08-21 16:43:29,412  [INFO    ]  doc_uploader - Ensuring 'Plain extraction' is selected...
2026-08-21 16:43:34,816  [INFO    ]  doc_uploader - Clicked Plain extraction text element.
2026-08-21 16:43:34,817  [INFO    ]  doc_uploader - Uploading file: D:\ai_doc_automation\Test Data\Residence Certificate for Testing\ResidenceCertificate_373_page_0.png
2026-08-21 16:43:34,822  [INFO    ]  doc_uploader - File input found via JS querySelector.
2026-08-21 16:43:47,169  [INFO    ]  doc_uploader - File uploaded successfully.
2026-08-21 16:43:47,169  [INFO    ]  doc_uploader - Pre-submit verification...
2026-08-21 16:43:57,372  [INFO    ]  doc_uploader - Ensuring 'Plain extraction' is selected...
2026-08-21 16:44:02,783  [INFO    ]  doc_uploader - Clicked Plain extraction text element.
2026-08-21 16:44:12,809  [INFO    ]  doc_uploader - Clicking 'Submit to engine'...
2026-08-21 16:44:24,297  [INFO    ]  doc_uploader - Submitted to engine. Waiting for result...
2026-08-21 16:44:24,298  [INFO    ]  doc_uploader - Waiting for engine result (timeout=90s)...
2026-08-21 16:44:27,612  [INFO    ]  doc_uploader - Result appeared after 0s.
2026-08-21 16:44:28,736  [INFO    ]  doc_uploader - Screenshot saved: D:\ai_doc_automation\output\screenshots\20260821_164428_result_ResidenceCertificate_373_page_0.png.png
2026-08-21 16:44:28,736  [INFO    ]  result_parser - Reading verdict from Overview tab...
2026-08-21 16:44:45,246  [INFO    ]  result_parser - Verdict: SUCCESS (from verdict card)
2026-08-21 16:44:45,246  [INFO    ]  result_parser - Clicking Extraction tab...
2026-08-21 16:44:47,121  [INFO    ]  result_parser - On Extraction tab.
2026-08-21 16:44:47,123  [INFO    ]  result_parser - JS parse: 7 fields
2026-08-21 16:44:47,238  [INFO    ]  doc_uploader - Screenshot saved: D:\ai_doc_automation\output\screenshots\20260821_164447_extracted_ResidenceCertificate_373_page_0.png.png
2026-08-21 16:44:47,653  [ERROR   ]  main - Top-level exception processing document: 'Processing Time (s)'
2026-08-21 16:44:47,653  [INFO    ]  doc_uploader - Resetting form for next submission...
2026-08-21 16:44:49,524  [INFO    ]  doc_uploader - New submission clicked — form reset.
2026-08-21 16:44:50,524  [INFO    ]  main - 
[152/161] D:\ai_doc_automation\Test Data\Residence Certificate for Testing\ResidenceCertificate_374_page_0.png
2026-08-21 16:44:50,524  [INFO    ]  main - ============================================================
2026-08-21 16:44:50,525  [INFO    ]  main - Processing [152/161]: ResidenceCertificate_374_page_0.png  |  Residence Certificate  |  Attempt 1
2026-08-21 16:44:50,525  [INFO    ]  main - ============================================================
2026-08-21 16:44:50,732  [INFO    ]  doc_uploader - Selecting document type: 'Residence Certificate'
2026-08-21 16:44:50,783  [INFO    ]  doc_uploader - Selected by visible text: 'Residence Certificate'
2026-08-21 16:44:50,784  [INFO    ]  doc_uploader - Ensuring 'Plain extraction' is selected...
2026-08-21 16:44:56,185  [INFO    ]  doc_uploader - Clicked Plain extraction text element.
2026-08-21 16:44:56,185  [INFO    ]  doc_uploader - Uploading file: D:\ai_doc_automation\Test Data\Residence Certificate for Testing\ResidenceCertificate_374_page_0.png
2026-08-21 16:44:56,190  [INFO    ]  doc_uploader - File input found via JS querySelector.
2026-08-21 16:45:08,653  [INFO    ]  doc_uploader - File uploaded successfully.
2026-08-21 16:45:08,653  [INFO    ]  doc_uploader - Pre-submit verification...
2026-08-21 16:45:18,838  [INFO    ]  doc_uploader - Ensuring 'Plain extraction' is selected...
2026-08-21 16:45:24,242  [INFO    ]  doc_uploader - Clicked Plain extraction text element.
2026-08-21 16:45:34,262  [INFO    ]  doc_uploader - Clicking 'Submit to engine'...
2026-08-21 16:45:45,689  [INFO    ]  doc_uploader - Submitted to engine. Waiting for result...
2026-08-21 16:45:45,689  [INFO    ]  doc_uploader - Waiting for engine result (timeout=90s)...
2026-08-21 16:46:10,886  [INFO    ]  doc_uploader - Result appeared after 25s.
2026-08-21 16:46:12,001  [INFO    ]  doc_uploader - Screenshot saved: D:\ai_doc_automation\output\screenshots\20260821_164611_result_ResidenceCertificate_374_page_0.png.png
2026-08-21 16:46:12,001  [INFO    ]  result_parser - Reading verdict from Overview tab...
2026-08-21 16:46:28,554  [INFO    ]  result_parser - Verdict: SUCCESS (from verdict card)
2026-08-21 16:46:28,555  [INFO    ]  result_parser - Clicking Extraction tab...
2026-08-21 16:46:30,423  [INFO    ]  result_parser - On Extraction tab.
2026-08-21 16:46:30,423  [INFO    ]  result_parser - JS parse: 7 fields
2026-08-21 16:46:30,536  [INFO    ]  doc_uploader - Screenshot saved: D:\ai_doc_automation\output\screenshots\20260821_164630_extracted_ResidenceCertificate_374_page_0.png.png
2026-08-21 16:46:30,980  [ERROR   ]  main - Top-level exception processing document: 'Processing Time (s)'
2026-08-21 16:46:30,980  [INFO    ]  doc_uploader - Resetting form for next submission...
2026-08-21 16:46:32,866  [INFO    ]  doc_uploader - New submission clicked — form reset.
2026-08-21 16:46:33,867  [INFO    ]  main - 
[153/161] D:\ai_doc_automation\Test Data\Residence Certificate for Testing\ResidenceCertificate_375_page_0.png
2026-08-21 16:46:33,867  [INFO    ]  main - ============================================================
2026-08-21 16:46:33,867  [INFO    ]  main - Processing [153/161]: ResidenceCertificate_375_page_0.png  |  Residence Certificate  |  Attempt 1
2026-08-21 16:46:33,867  [INFO    ]  main - ============================================================
2026-08-21 16:46:34,090  [INFO    ]  doc_uploader - Selecting document type: 'Residence Certificate'
2026-08-21 16:46:34,143  [INFO    ]  doc_uploader - Selected by visible text: 'Residence Certificate'
2026-08-21 16:46:34,144  [INFO    ]  doc_uploader - Ensuring 'Plain extraction' is selected...
2026-08-21 16:46:39,529  [INFO    ]  doc_uploader - Clicked Plain extraction text element.
2026-08-21 16:46:39,529  [INFO    ]  doc_uploader - Uploading file: D:\ai_doc_automation\Test Data\Residence Certificate for Testing\ResidenceCertificate_375_page_0.png
2026-08-21 16:46:39,534  [INFO    ]  doc_uploader - File input found via JS querySelector.
2026-08-21 16:46:51,996  [INFO    ]  doc_uploader - File uploaded successfully.
2026-08-21 16:46:51,996  [INFO    ]  doc_uploader - Pre-submit verification...
2026-08-21 16:47:02,184  [INFO    ]  doc_uploader - Ensuring 'Plain extraction' is selected...
2026-08-21 16:47:07,605  [INFO    ]  doc_uploader - Clicked Plain extraction text element.
2026-08-21 16:47:17,622  [INFO    ]  doc_uploader - Clicking 'Submit to engine'...
2026-08-21 16:47:29,070  [INFO    ]  doc_uploader - Submitted to engine. Waiting for result...
2026-08-21 16:47:29,070  [INFO    ]  doc_uploader - Waiting for engine result (timeout=90s)...
2026-08-21 16:47:30,523  [INFO    ]  doc_uploader - Result appeared after 0s.
2026-08-21 16:47:31,632  [INFO    ]  doc_uploader - Screenshot saved: D:\ai_doc_automation\output\screenshots\20260821_164731_result_ResidenceCertificate_375_page_0.png.png
2026-08-21 16:47:31,632  [INFO    ]  result_parser - Reading verdict from Overview tab...
2026-08-21 16:47:48,137  [INFO    ]  result_parser - Verdict: SUCCESS (from verdict card)
2026-08-21 16:47:48,137  [INFO    ]  result_parser - Clicking Extraction tab...
2026-08-21 16:47:50,011  [INFO    ]  result_parser - On Extraction tab.
2026-08-21 16:47:50,011  [INFO    ]  result_parser - JS parse: 7 fields
2026-08-21 16:47:50,131  [INFO    ]  doc_uploader - Screenshot saved: D:\ai_doc_automation\output\screenshots\20260821_164750_extracted_ResidenceCertificate_375_page_0.png.png
2026-08-21 16:47:50,544  [ERROR   ]  main - Top-level exception processing document: 'Processing Time (s)'
2026-08-21 16:47:50,544  [INFO    ]  doc_uploader - Resetting form for next submission...
2026-08-21 16:47:52,423  [INFO    ]  doc_uploader - New submission clicked — form reset.
2026-08-21 16:47:53,423  [INFO    ]  main - 
[154/161] D:\ai_doc_automation\Test Data\Residence Certificate for Testing\ResidenceCertificate_376_page_0.png
2026-08-21 16:47:53,423  [INFO    ]  main - ============================================================
2026-08-21 16:47:53,424  [INFO    ]  main - Processing [154/161]: ResidenceCertificate_376_page_0.png  |  Residence Certificate  |  Attempt 1
2026-08-21 16:47:53,424  [INFO    ]  main - ============================================================
2026-08-21 16:47:53,703  [INFO    ]  doc_uploader - Selecting document type: 'Residence Certificate'
2026-08-21 16:47:53,745  [INFO    ]  doc_uploader - Selected by visible text: 'Residence Certificate'
2026-08-21 16:47:53,746  [INFO    ]  doc_uploader - Ensuring 'Plain extraction' is selected...
2026-08-21 16:47:59,135  [INFO    ]  doc_uploader - Clicked Plain extraction text element.
2026-08-21 16:47:59,136  [INFO    ]  doc_uploader - Uploading file: D:\ai_doc_automation\Test Data\Residence Certificate for Testing\ResidenceCertificate_376_page_0.png
2026-08-21 16:47:59,140  [INFO    ]  doc_uploader - File input found via JS querySelector.
2026-08-21 16:48:11,575  [INFO    ]  doc_uploader - File uploaded successfully.
2026-08-21 16:48:11,575  [INFO    ]  doc_uploader - Pre-submit verification...
2026-08-21 16:48:21,793  [INFO    ]  doc_uploader - Ensuring 'Plain extraction' is selected...
2026-08-21 16:48:27,222  [INFO    ]  doc_uploader - Clicked Plain extraction text element.
2026-08-21 16:48:37,300  [INFO    ]  doc_uploader - Clicking 'Submit to engine'...
2026-08-21 16:48:48,745  [INFO    ]  doc_uploader - Submitted to engine. Waiting for result...
2026-08-21 16:48:48,745  [INFO    ]  doc_uploader - Waiting for engine result (timeout=90s)...
2026-08-21 16:48:49,269  [INFO    ]  doc_uploader - Result appeared after 0s.
2026-08-21 16:48:50,378  [INFO    ]  doc_uploader - Screenshot saved: D:\ai_doc_automation\output\screenshots\20260821_164850_result_ResidenceCertificate_376_page_0.png.png
2026-08-21 16:48:50,378  [INFO    ]  result_parser - Reading verdict from Overview tab...
2026-08-21 16:49:06,873  [INFO    ]  result_parser - Verdict: SUCCESS (from verdict card)
2026-08-21 16:49:06,873  [INFO    ]  result_parser - Clicking Extraction tab...
2026-08-21 16:49:08,757  [INFO    ]  result_parser - On Extraction tab.
2026-08-21 16:49:08,765  [INFO    ]  result_parser - JS parse: 7 fields
2026-08-21 16:49:08,902  [INFO    ]  doc_uploader - Screenshot saved: D:\ai_doc_automation\output\screenshots\20260821_164908_extracted_ResidenceCertificate_376_page_0.png.png
2026-08-21 16:49:09,321  [ERROR   ]  main - Top-level exception processing document: 'Processing Time (s)'
2026-08-21 16:49:09,321  [INFO    ]  doc_uploader - Resetting form for next submission...
2026-08-21 16:49:11,188  [INFO    ]  doc_uploader - New submission clicked — form reset.
2026-08-21 16:49:12,189  [INFO    ]  main - 
[155/161] D:\ai_doc_automation\Test Data\Residence Certificate for Testing\ResidenceCertificate_377_page_0.png
2026-08-21 16:49:12,189  [INFO    ]  main - ============================================================
2026-08-21 16:49:12,189  [INFO    ]  main - Processing [155/161]: ResidenceCertificate_377_page_0.png  |  Residence Certificate  |  Attempt 1
2026-08-21 16:49:12,189  [INFO    ]  main - ============================================================
2026-08-21 16:49:12,421  [INFO    ]  doc_uploader - Selecting document type: 'Residence Certificate'
2026-08-21 16:49:12,477  [INFO    ]  doc_uploader - Selected by visible text: 'Residence Certificate'
2026-08-21 16:49:12,477  [INFO    ]  doc_uploader - Ensuring 'Plain extraction' is selected...
2026-08-21 16:49:17,857  [INFO    ]  doc_uploader - Clicked Plain extraction text element.
2026-08-21 16:49:17,858  [INFO    ]  doc_uploader - Uploading file: D:\ai_doc_automation\Test Data\Residence Certificate for Testing\ResidenceCertificate_377_page_0.png
2026-08-21 16:49:17,864  [INFO    ]  doc_uploader - File input found via JS querySelector.
2026-08-21 16:49:30,246  [INFO    ]  doc_uploader - File uploaded successfully.
2026-08-21 16:49:30,246  [INFO    ]  doc_uploader - Pre-submit verification...
2026-08-21 16:49:40,386  [INFO    ]  doc_uploader - Ensuring 'Plain extraction' is selected...
2026-08-21 16:49:45,776  [INFO    ]  doc_uploader - Clicked Plain extraction text element.
2026-08-21 16:49:55,824  [INFO    ]  doc_uploader - Clicking 'Submit to engine'...
2026-08-21 16:50:07,263  [INFO    ]  doc_uploader - Submitted to engine. Waiting for result...
2026-08-21 16:50:07,263  [INFO    ]  doc_uploader - Waiting for engine result (timeout=90s)...
2026-08-21 16:50:08,830  [INFO    ]  doc_uploader - Result appeared after 0s.
2026-08-21 16:50:09,990  [INFO    ]  doc_uploader - Screenshot saved: D:\ai_doc_automation\output\screenshots\20260821_165009_result_ResidenceCertificate_377_page_0.png.png
2026-08-21 16:50:09,990  [INFO    ]  result_parser - Reading verdict from Overview tab...
2026-08-21 16:50:26,516  [INFO    ]  result_parser - Verdict: SUCCESS (from verdict card)
2026-08-21 16:50:26,516  [INFO    ]  result_parser - Clicking Extraction tab...
2026-08-21 16:50:28,391  [INFO    ]  result_parser - On Extraction tab.
2026-08-21 16:50:28,398  [INFO    ]  result_parser - JS parse: 7 fields
2026-08-21 16:50:28,506  [INFO    ]  doc_uploader - Screenshot saved: D:\ai_doc_automation\output\screenshots\20260821_165028_extracted_ResidenceCertificate_377_page_0.png.png
2026-08-21 16:50:28,902  [ERROR   ]  main - Top-level exception processing document: 'Processing Time (s)'
2026-08-21 16:50:28,902  [INFO    ]  doc_uploader - Resetting form for next submission...
2026-08-21 16:50:30,783  [INFO    ]  doc_uploader - New submission clicked — form reset.
2026-08-21 16:50:31,784  [INFO    ]  main - 
[156/161] D:\ai_doc_automation\Test Data\Residence Certificate for Testing\ResidenceCertificate_378_page_0.png
2026-08-21 16:50:31,784  [INFO    ]  main - ============================================================
2026-08-21 16:50:31,785  [INFO    ]  main - Processing [156/161]: ResidenceCertificate_378_page_0.png  |  Residence Certificate  |  Attempt 1
2026-08-21 16:50:31,785  [INFO    ]  main - ============================================================
2026-08-21 16:50:31,993  [INFO    ]  doc_uploader - Selecting document type: 'Residence Certificate'
2026-08-21 16:50:32,049  [INFO    ]  doc_uploader - Selected by visible text: 'Residence Certificate'
2026-08-21 16:50:32,049  [INFO    ]  doc_uploader - Ensuring 'Plain extraction' is selected...
2026-08-21 16:50:37,480  [INFO    ]  doc_uploader - Clicked Plain extraction text element.
2026-08-21 16:50:37,481  [INFO    ]  doc_uploader - Uploading file: D:\ai_doc_automation\Test Data\Residence Certificate for Testing\ResidenceCertificate_378_page_0.png
2026-08-21 16:50:37,487  [INFO    ]  doc_uploader - File input found via JS querySelector.
2026-08-21 16:50:49,887  [INFO    ]  doc_uploader - File uploaded successfully.
2026-08-21 16:50:49,887  [INFO    ]  doc_uploader - Pre-submit verification...
2026-08-21 16:51:00,059  [INFO    ]  doc_uploader - Ensuring 'Plain extraction' is selected...
2026-08-21 16:51:05,479  [INFO    ]  doc_uploader - Clicked Plain extraction text element.
2026-08-21 16:51:15,533  [INFO    ]  doc_uploader - Clicking 'Submit to engine'...
2026-08-21 16:51:27,023  [INFO    ]  doc_uploader - Submitted to engine. Waiting for result...
2026-08-21 16:51:27,023  [INFO    ]  doc_uploader - Waiting for engine result (timeout=90s)...
2026-08-21 16:51:27,041  [INFO    ]  doc_uploader - Result appeared after 0s.
2026-08-21 16:51:28,149  [INFO    ]  doc_uploader - Screenshot saved: D:\ai_doc_automation\output\screenshots\20260821_165128_result_ResidenceCertificate_378_page_0.png.png
2026-08-21 16:51:28,149  [INFO    ]  result_parser - Reading verdict from Overview tab...
2026-08-21 16:51:44,670  [INFO    ]  result_parser - Verdict: SUCCESS (from verdict card)
2026-08-21 16:51:44,670  [INFO    ]  result_parser - Clicking Extraction tab...
2026-08-21 16:51:46,553  [INFO    ]  result_parser - On Extraction tab.
2026-08-21 16:51:46,560  [INFO    ]  result_parser - JS parse: 7 fields
2026-08-21 16:51:46,689  [INFO    ]  doc_uploader - Screenshot saved: D:\ai_doc_automation\output\screenshots\20260821_165146_extracted_ResidenceCertificate_378_page_0.png.png
2026-08-21 16:51:47,179  [ERROR   ]  main - Top-level exception processing document: 'Processing Time (s)'
2026-08-21 16:51:47,179  [INFO    ]  doc_uploader - Resetting form for next submission...
2026-08-21 16:51:49,062  [INFO    ]  doc_uploader - New submission clicked — form reset.
2026-08-21 16:51:50,063  [INFO    ]  main - 
[157/161] D:\ai_doc_automation\Test Data\Residence Certificate for Testing\ResidenceCertificate_3_page_0 - Copy.png
2026-08-21 16:51:50,063  [INFO    ]  main - ============================================================
2026-08-21 16:51:50,063  [INFO    ]  main - Processing [157/161]: ResidenceCertificate_3_page_0 - Copy.png  |  Residence Certificate  |  Attempt 1
2026-08-21 16:51:50,063  [INFO    ]  main - ============================================================
2026-08-21 16:51:50,275  [INFO    ]  doc_uploader - Selecting document type: 'Residence Certificate'
2026-08-21 16:51:50,323  [INFO    ]  doc_uploader - Selected by visible text: 'Residence Certificate'
2026-08-21 16:51:50,324  [INFO    ]  doc_uploader - Ensuring 'Plain extraction' is selected...
2026-08-21 16:51:55,752  [INFO    ]  doc_uploader - Clicked Plain extraction text element.
2026-08-21 16:51:55,752  [INFO    ]  doc_uploader - Uploading file: D:\ai_doc_automation\Test Data\Residence Certificate for Testing\ResidenceCertificate_3_page_0 - Copy.png
2026-08-21 16:51:55,757  [INFO    ]  doc_uploader - File input found via JS querySelector.
2026-08-21 16:52:08,205  [INFO    ]  doc_uploader - File uploaded successfully.
2026-08-21 16:52:08,207  [INFO    ]  doc_uploader - Pre-submit verification...
2026-08-21 16:52:18,388  [INFO    ]  doc_uploader - Ensuring 'Plain extraction' is selected...
2026-08-21 16:52:23,812  [INFO    ]  doc_uploader - Clicked Plain extraction text element.
2026-08-21 16:52:33,894  [INFO    ]  doc_uploader - Clicking 'Submit to engine'...
2026-08-21 16:52:45,345  [INFO    ]  doc_uploader - Submitted to engine. Waiting for result...
2026-08-21 16:52:45,345  [INFO    ]  doc_uploader - Waiting for engine result (timeout=90s)...
2026-08-21 16:52:45,598  [INFO    ]  doc_uploader - Result appeared after 0s.
2026-08-21 16:52:46,706  [INFO    ]  doc_uploader - Screenshot saved: D:\ai_doc_automation\output\screenshots\20260821_165246_result_ResidenceCertificate_3_page_0 - Copy.png.png
2026-08-21 16:52:46,706  [INFO    ]  result_parser - Reading verdict from Overview tab...
2026-08-21 16:53:03,245  [INFO    ]  result_parser - Verdict: SUCCESS (from verdict card)
2026-08-21 16:53:03,245  [INFO    ]  result_parser - Clicking Extraction tab...
2026-08-21 16:53:05,124  [INFO    ]  result_parser - On Extraction tab.
2026-08-21 16:53:05,124  [INFO    ]  result_parser - JS parse: 7 fields
2026-08-21 16:53:05,243  [INFO    ]  doc_uploader - Screenshot saved: D:\ai_doc_automation\output\screenshots\20260821_165305_extracted_ResidenceCertificate_3_page_0 - Copy.png.png
2026-08-21 16:53:05,652  [ERROR   ]  main - Top-level exception processing document: 'Processing Time (s)'
2026-08-21 16:53:05,652  [INFO    ]  doc_uploader - Resetting form for next submission...
2026-08-21 16:53:07,532  [INFO    ]  doc_uploader - New submission clicked — form reset.
2026-08-21 16:53:08,533  [INFO    ]  main - 
[158/161] D:\ai_doc_automation\Test Data\Residence Certificate for Testing\ResidenceCertificate_6_page_0 - Copy.png
2026-08-21 16:53:08,534  [INFO    ]  main - ============================================================
2026-08-21 16:53:08,534  [INFO    ]  main - Processing [158/161]: ResidenceCertificate_6_page_0 - Copy.png  |  Residence Certificate  |  Attempt 1
2026-08-21 16:53:08,536  [INFO    ]  main - ============================================================
2026-08-21 16:53:08,750  [INFO    ]  doc_uploader - Selecting document type: 'Residence Certificate'
2026-08-21 16:53:08,786  [INFO    ]  doc_uploader - Selected by visible text: 'Residence Certificate'
2026-08-21 16:53:08,786  [INFO    ]  doc_uploader - Ensuring 'Plain extraction' is selected...
2026-08-21 16:53:14,188  [INFO    ]  doc_uploader - Clicked Plain extraction text element.
2026-08-21 16:53:14,189  [INFO    ]  doc_uploader - Uploading file: D:\ai_doc_automation\Test Data\Residence Certificate for Testing\ResidenceCertificate_6_page_0 - Copy.png
2026-08-21 16:53:14,194  [INFO    ]  doc_uploader - File input found via JS querySelector.
2026-08-21 16:53:26,623  [INFO    ]  doc_uploader - File uploaded successfully.
2026-08-21 16:53:26,623  [INFO    ]  doc_uploader - Pre-submit verification...
2026-08-21 16:53:36,796  [INFO    ]  doc_uploader - Ensuring 'Plain extraction' is selected...
2026-08-21 16:53:42,186  [INFO    ]  doc_uploader - Clicked Plain extraction text element.
2026-08-21 16:53:52,255  [INFO    ]  doc_uploader - Clicking 'Submit to engine'...
2026-08-21 16:54:03,686  [INFO    ]  doc_uploader - Submitted to engine. Waiting for result...
2026-08-21 16:54:03,686  [INFO    ]  doc_uploader - Waiting for engine result (timeout=90s)...
2026-08-21 16:54:04,763  [INFO    ]  doc_uploader - Result appeared after 0s.
2026-08-21 16:54:05,888  [INFO    ]  doc_uploader - Screenshot saved: D:\ai_doc_automation\output\screenshots\20260821_165405_result_ResidenceCertificate_6_page_0 - Copy.png.png
2026-08-21 16:54:05,888  [INFO    ]  result_parser - Reading verdict from Overview tab...
2026-08-21 16:54:22,375  [INFO    ]  result_parser - Verdict: SUCCESS (from verdict card)
2026-08-21 16:54:22,375  [INFO    ]  result_parser - Clicking Extraction tab...
2026-08-21 16:54:24,239  [INFO    ]  result_parser - On Extraction tab.
2026-08-21 16:54:24,250  [INFO    ]  result_parser - JS parse: 7 fields
2026-08-21 16:54:24,366  [INFO    ]  doc_uploader - Screenshot saved: D:\ai_doc_automation\output\screenshots\20260821_165424_extracted_ResidenceCertificate_6_page_0 - Copy.png.png
2026-08-21 16:54:24,797  [ERROR   ]  main - Top-level exception processing document: 'Processing Time (s)'
2026-08-21 16:54:24,797  [INFO    ]  doc_uploader - Resetting form for next submission...
2026-08-21 16:54:26,663  [INFO    ]  doc_uploader - New submission clicked — form reset.
2026-08-21 16:54:27,664  [INFO    ]  main - 
[159/161] D:\ai_doc_automation\Test Data\Residence Certificate for Testing\ResidenceCertificate_7_page_0 - Copy.png
2026-08-21 16:54:27,664  [INFO    ]  main - ============================================================
2026-08-21 16:54:27,664  [INFO    ]  main - Processing [159/161]: ResidenceCertificate_7_page_0 - Copy.png  |  Residence Certificate  |  Attempt 1
2026-08-21 16:54:27,664  [INFO    ]  main - ============================================================
2026-08-21 16:54:27,884  [INFO    ]  doc_uploader - Selecting document type: 'Residence Certificate'
2026-08-21 16:54:27,926  [INFO    ]  doc_uploader - Selected by visible text: 'Residence Certificate'
2026-08-21 16:54:27,927  [INFO    ]  doc_uploader - Ensuring 'Plain extraction' is selected...
2026-08-21 16:54:33,314  [INFO    ]  doc_uploader - Clicked Plain extraction text element.
2026-08-21 16:54:33,315  [INFO    ]  doc_uploader - Uploading file: D:\ai_doc_automation\Test Data\Residence Certificate for Testing\ResidenceCertificate_7_page_0 - Copy.png
2026-08-21 16:54:33,320  [INFO    ]  doc_uploader - File input found via JS querySelector.
2026-08-21 16:54:45,810  [INFO    ]  doc_uploader - File uploaded successfully.
2026-08-21 16:54:45,814  [INFO    ]  doc_uploader - Pre-submit verification...
2026-08-21 16:54:56,359  [INFO    ]  doc_uploader - Ensuring 'Plain extraction' is selected...
2026-08-21 16:55:01,745  [INFO    ]  doc_uploader - Clicked Plain extraction text element.
2026-08-21 16:55:11,784  [INFO    ]  doc_uploader - Clicking 'Submit to engine'...
2026-08-21 16:55:23,196  [INFO    ]  doc_uploader - Submitted to engine. Waiting for result...
2026-08-21 16:55:23,196  [INFO    ]  doc_uploader - Waiting for engine result (timeout=90s)...
2026-08-21 16:55:23,395  [INFO    ]  doc_uploader - Result appeared after 0s.
2026-08-21 16:55:24,511  [INFO    ]  doc_uploader - Screenshot saved: D:\ai_doc_automation\output\screenshots\20260821_165524_result_ResidenceCertificate_7_page_0 - Copy.png.png
2026-08-21 16:55:24,511  [INFO    ]  result_parser - Reading verdict from Overview tab...
2026-08-21 16:55:40,926  [INFO    ]  result_parser - Verdict: SUCCESS (from verdict card)
2026-08-21 16:55:40,926  [INFO    ]  result_parser - Clicking Extraction tab...
2026-08-21 16:55:42,801  [INFO    ]  result_parser - On Extraction tab.
2026-08-21 16:55:42,803  [INFO    ]  result_parser - JS parse: 7 fields
2026-08-21 16:55:42,909  [INFO    ]  doc_uploader - Screenshot saved: D:\ai_doc_automation\output\screenshots\20260821_165542_extracted_ResidenceCertificate_7_page_0 - Copy.png.png
2026-08-21 16:55:43,342  [ERROR   ]  main - Top-level exception processing document: 'Processing Time (s)'
2026-08-21 16:55:43,342  [INFO    ]  doc_uploader - Resetting form for next submission...
2026-08-21 16:55:45,215  [INFO    ]  doc_uploader - New submission clicked — form reset.
2026-08-21 16:55:46,216  [INFO    ]  main - 
[160/161] D:\ai_doc_automation\Test Data\Residence Certificate for Testing\ResidenceCertificate_8_page_0 - Copy.png
2026-08-21 16:55:46,216  [INFO    ]  main - ============================================================
2026-08-21 16:55:46,216  [INFO    ]  main - Processing [160/161]: ResidenceCertificate_8_page_0 - Copy.png  |  Residence Certificate  |  Attempt 1
2026-08-21 16:55:46,216  [INFO    ]  main - ============================================================
2026-08-21 16:55:46,446  [INFO    ]  doc_uploader - Selecting document type: 'Residence Certificate'
2026-08-21 16:55:46,485  [INFO    ]  doc_uploader - Selected by visible text: 'Residence Certificate'
2026-08-21 16:55:46,485  [INFO    ]  doc_uploader - Ensuring 'Plain extraction' is selected...
2026-08-21 16:55:51,881  [INFO    ]  doc_uploader - Clicked Plain extraction text element.
2026-08-21 16:55:51,881  [INFO    ]  doc_uploader - Uploading file: D:\ai_doc_automation\Test Data\Residence Certificate for Testing\ResidenceCertificate_8_page_0 - Copy.png
2026-08-21 16:55:51,881  [INFO    ]  doc_uploader - File input found via JS querySelector.
2026-08-21 16:56:04,257  [INFO    ]  doc_uploader - File uploaded successfully.
2026-08-21 16:56:04,257  [INFO    ]  doc_uploader - Pre-submit verification...
2026-08-21 16:56:14,405  [INFO    ]  doc_uploader - Ensuring 'Plain extraction' is selected...
2026-08-21 16:56:19,788  [INFO    ]  doc_uploader - Clicked Plain extraction text element.
2026-08-21 16:56:29,837  [INFO    ]  doc_uploader - Clicking 'Submit to engine'...
2026-08-21 16:56:41,235  [INFO    ]  doc_uploader - Submitted to engine. Waiting for result...
2026-08-21 16:56:41,235  [INFO    ]  doc_uploader - Waiting for engine result (timeout=90s)...
2026-08-21 16:56:43,181  [INFO    ]  doc_uploader - Result appeared after 0s.
2026-08-21 16:56:44,293  [INFO    ]  doc_uploader - Screenshot saved: D:\ai_doc_automation\output\screenshots\20260821_165644_result_ResidenceCertificate_8_page_0 - Copy.png.png
2026-08-21 16:56:44,293  [INFO    ]  result_parser - Reading verdict from Overview tab...
2026-08-21 16:57:00,749  [INFO    ]  result_parser - Verdict: SUCCESS (from verdict card)
2026-08-21 16:57:00,749  [INFO    ]  result_parser - Clicking Extraction tab...
2026-08-21 16:57:02,637  [INFO    ]  result_parser - On Extraction tab.
2026-08-21 16:57:02,642  [INFO    ]  result_parser - JS parse: 7 fields
2026-08-21 16:57:02,749  [INFO    ]  doc_uploader - Screenshot saved: D:\ai_doc_automation\output\screenshots\20260821_165702_extracted_ResidenceCertificate_8_page_0 - Copy.png.png
2026-08-21 16:57:03,194  [ERROR   ]  main - Top-level exception processing document: 'Processing Time (s)'
2026-08-21 16:57:03,194  [INFO    ]  doc_uploader - Resetting form for next submission...
2026-08-21 16:57:05,070  [INFO    ]  doc_uploader - New submission clicked — form reset.
2026-08-21 16:57:06,070  [INFO    ]  main - 
[161/161] D:\ai_doc_automation\Test Data\Residence Certificate for Testing\ResidenceCertificate_9_page_0 - Copy.png
2026-08-21 16:57:06,070  [INFO    ]  main - ============================================================
2026-08-21 16:57:06,070  [INFO    ]  main - Processing [161/161]: ResidenceCertificate_9_page_0 - Copy.png  |  Residence Certificate  |  Attempt 1
2026-08-21 16:57:06,070  [INFO    ]  main - ============================================================
2026-08-21 16:57:06,309  [INFO    ]  doc_uploader - Selecting document type: 'Residence Certificate'
2026-08-21 16:57:06,352  [INFO    ]  doc_uploader - Selected by visible text: 'Residence Certificate'
2026-08-21 16:57:06,352  [INFO    ]  doc_uploader - Ensuring 'Plain extraction' is selected...
2026-08-21 16:57:11,744  [INFO    ]  doc_uploader - Clicked Plain extraction text element.
2026-08-21 16:57:11,744  [INFO    ]  doc_uploader - Uploading file: D:\ai_doc_automation\Test Data\Residence Certificate for Testing\ResidenceCertificate_9_page_0 - Copy.png
2026-08-21 16:57:11,744  [INFO    ]  doc_uploader - File input found via JS querySelector.
2026-08-21 16:57:24,156  [INFO    ]  doc_uploader - File uploaded successfully.
2026-08-21 16:57:24,156  [INFO    ]  doc_uploader - Pre-submit verification...
2026-08-21 16:57:34,338  [INFO    ]  doc_uploader - Ensuring 'Plain extraction' is selected...
2026-08-21 16:57:39,768  [INFO    ]  doc_uploader - Clicked Plain extraction text element.
2026-08-21 16:57:49,855  [INFO    ]  doc_uploader - Clicking 'Submit to engine'...
2026-08-21 16:58:01,358  [INFO    ]  doc_uploader - Submitted to engine. Waiting for result...
2026-08-21 16:58:01,358  [INFO    ]  doc_uploader - Waiting for engine result (timeout=90s)...
2026-08-21 16:58:01,636  [INFO    ]  doc_uploader - Result appeared after 0s.
2026-08-21 16:58:02,739  [INFO    ]  doc_uploader - Screenshot saved: D:\ai_doc_automation\output\screenshots\20260821_165802_result_ResidenceCertificate_9_page_0 - Copy.png.png
2026-08-21 16:58:02,739  [INFO    ]  result_parser - Reading verdict from Overview tab...
2026-08-21 16:58:19,161  [INFO    ]  result_parser - Verdict: SUCCESS (from verdict card)
2026-08-21 16:58:19,161  [INFO    ]  result_parser - Clicking Extraction tab...
2026-08-21 16:58:21,031  [INFO    ]  result_parser - On Extraction tab.
2026-08-21 16:58:21,037  [INFO    ]  result_parser - JS parse: 7 fields
2026-08-21 16:58:21,188  [INFO    ]  doc_uploader - Screenshot saved: D:\ai_doc_automation\output\screenshots\20260821_165821_extracted_ResidenceCertificate_9_page_0 - Copy.png.png
2026-08-21 16:58:21,587  [ERROR   ]  main - Top-level exception processing document: 'Processing Time (s)'
2026-08-21 16:58:21,587  [INFO    ]  excel_writer - Summary sheet written with overall timing statistics.
2026-08-21 16:58:21,799  [INFO    ]  excel_writer - Excel saved: D:\ai_doc_automation\output\ai_doc_results_20260821_125743.xlsx
2026-08-21 16:58:21,815  [INFO    ]  main - 
============================================================
2026-08-21 16:58:21,815  [INFO    ]  main -   COMPLETE
2026-08-21 16:58:21,815  [INFO    ]  main -   Total   : 161
2026-08-21 16:58:21,815  [INFO    ]  main -   Success : 0
2026-08-21 16:58:21,815  [INFO    ]  main -   Failed  : 0
2026-08-21 16:58:21,815  [INFO    ]  main -   Errors  : 161
2026-08-21 16:58:21,815  [INFO    ]  main -   Output  : D:\ai_doc_automation\output\ai_doc_results_20260821_125743.xlsx
2026-08-21 16:58:21,815  [INFO    ]  main - ============================================================
2026-08-21 16:58:24,498  [INFO    ]  main - Browser closed.
